date,temperature,precipitation,humidity,region,lat,lon
2015-01-01,27.22,0.0,64.38,Afgooye,2.14,45.12
2015-02-01,27.77,0.0,65.96,Afgooye,2.14,45.12
2015-03-01,28.34,0.75,67.1,Afgooye,2.14,45.12
2015-04-01,28.66,2.56,74.5,Afgooye,2.14,45.12
2015-05-01,27.92,2.72,78.24,Afgooye,2.14,45.12
2015-06-01,27.22,0.68,74.23,Afgooye,2.14,45.12
2015-07-01,26.19,1.4,73.45,Afgooye,2.14,45.12
2015-08-01,26.61,0.89,71.72,Afgooye,2.14,45.12
2015-09-01,27.55,0.15,70.51,Afgooye,2.14,45.12
2015-10-01,28.14,2.25,74.46,Afgooye,2.14,45.12
2015-11-01,27.43,6.3,79.43,Afgooye,2.14,45.12
2015-12-01,27.97,1.05,73.24,Afgooye,2.14,45.12
2016-01-01,28.38,0.05,66.26,Afgooye,2.14,45.12
2016-02-01,28.41,0.25,65.3,Afgooye,2.14,45.12
2016-03-01,29.88,0.09,67.14,Afgooye,2.14,45.12
2016-04-01,29.39,4.49,71.3,Afgooye,2.14,45.12
2016-05-01,27.38,3.15,78.65,Afgooye,2.14,45.12
2016-06-01,26.68,0.57,74.09,Afgooye,2.14,45.12
2016-07-01,25.43,0.23,71.25,Afgooye,2.14,45.12
2016-08-01,25.84,0.3,71.53,Afgooye,2.14,45.12
2016-09-01,26.24,0.04,69.61,Afgooye,2.14,45.12
2016-10-01,27.33,0.02,69.44,Afgooye,2.14,45.12
2016-11-01,28.31,0.81,69.04,Afgooye,2.14,45.12
2016-12-01,28.22,0.55,67.0,Afgooye,2.14,45.12
2017-01-01,27.89,0.0,62.95,Afgooye,2.14,45.12
2017-02-01,28.33,0.07,66.53,Afgooye,2.14,45.12
2017-03-01,29.05,0.01,65.41,Afgooye,2.14,45.12
2017-04-01,29.54,0.6,67.31,Afgooye,2.14,45.12
2017-05-01,28.7,0.53,70.86,Afgooye,2.14,45.12
2017-06-01,27.32,1.0,72.42,Afgooye,2.14,45.12
2017-07-01,26.63,0.06,70.28,Afgooye,2.14,45.12
2017-08-01,26.71,0.57,71.0,Afgooye,2.14,45.12
2017-09-01,27.06,0.1,69.52,Afgooye,2.14,45.12
2017-10-01,27.78,1.08,71.14,Afgooye,2.14,45.12
2017-11-01,27.62,4.35,73.85,Afgooye,2.14,45.12
2017-12-01,27.81,0.0,64.32,Afgooye,2.14,45.12
2018-01-01,27.15,0.0,64.72,Afgooye,2.14,45.12
2018-02-01,27.99,0.01,67.78,Afgooye,2.14,45.12
2018-03-01,29.19,0.28,66.21,Afgooye,2.14,45.12
2018-04-01,28.41,3.18,74.75,Afgooye,2.14,45.12
2018-05-01,27.79,0.43,77.65,Afgooye,2.14,45.12
2018-06-01,27.02,0.51,71.1,Afgooye,2.14,45.12
2018-07-01,26.01,0.14,70.43,Afgooye,2.14,45.12
2018-08-01,25.65,2.05,74.41,Afgooye,2.14,45.12
2018-09-01,26.92,0.08,71.92,Afgooye,2.14,45.12
2018-10-01,27.55,0.56,71.06,Afgooye,2.14,45.12
2018-11-01,28.62,0.38,68.86,Afgooye,2.14,45.12
2018-12-01,28.62,0.14,67.39,Afgooye,2.14,45.12
2019-01-01,27.95,0.05,64.62,Afgooye,2.14,45.12
2019-02-01,28.33,0.02,67.35,Afgooye,2.14,45.12
2019-03-01,29.39,0.05,65.6,Afgooye,2.14,45.12
2019-04-01,30.01,0.42,66.29,Afgooye,2.14,45.12
2019-05-01,28.93,1.43,73.86,Afgooye,2.14,45.12
2019-06-01,26.96,2.89,75.98,Afgooye,2.14,45.12
2019-07-01,26.19,1.14,75.86,Afgooye,2.14,45.12
2019-08-01,26.4,0.46,73.36,Afgooye,2.14,45.12
2019-09-01,27.13,0.54,71.55,Afgooye,2.14,45.12
2019-10-01,27.36,5.2,78.07,Afgooye,2.14,45.12
2019-11-01,27.9,1.57,74.98,Afgooye,2.14,45.12
2019-12-01,28.67,0.77,69.51,Afgooye,2.14,45.12
2020-01-01,28.89,0.03,65.95,Afgooye,2.14,45.12
2020-02-01,28.99,0.0,65.25,Afgooye,2.14,45.12
2020-03-01,29.81,0.07,66.44,Afgooye,2.14,45.12
2020-04-01,29.53,1.9,70.6,Afgooye,2.14,45.12
2020-05-01,27.72,6.27,81.43,Afgooye,2.14,45.12
2020-06-01,26.76,3.8,80.48,Afgooye,2.14,45.12
2020-07-01,25.67,7.04,80.58,Afgooye,2.14,45.12
2020-08-01,24.83,4.53,82.61,Afgooye,2.14,45.12
2020-09-01,25.48,5.81,81.69,Afgooye,2.14,45.12
2020-10-01,26.98,1.0,79.9,Afgooye,2.14,45.12
2020-11-01,27.41,1.88,76.99,Afgooye,2.14,45.12
2020-12-01,28.16,0.16,67.43,Afgooye,2.14,45.12
2021-01-01,27.38,0.31,66.38,Afgooye,2.14,45.12
2021-02-01,27.63,0.0,66.47,Afgooye,2.14,45.12
2021-03-01,28.63,0.34,67.25,Afgooye,2.14,45.12
2021-04-01,29.47,0.91,67.58,Afgooye,2.14,45.12
2021-05-01,27.66,2.06,74.38,Afgooye,2.14,45.12
2021-06-01,26.6,2.6,74.85,Afgooye,2.14,45.12
2021-07-01,25.23,6.33,78.86,Afgooye,2.14,45.12
2021-08-01,24.77,8.87,83.57,Afgooye,2.14,45.12
2021-09-01,25.49,3.95,82.31,Afgooye,2.14,45.12
2021-10-01,26.68,0.39,77.41,Afgooye,2.14,45.12
2021-11-01,27.97,6.48,72.12,Afgooye,2.14,45.12
2021-12-01,26.94,0.34,76.25,Afgooye,2.14,45.12
2022-01-01,27.28,1.81,69.58,Afgooye,2.14,45.12
2022-02-01,27.63,3.95,69.57,Afgooye,2.14,45.12
2022-03-01,28.78,0.04,65.71,Afgooye,2.14,45.12
2022-04-01,28.84,6.67,72.91,Afgooye,2.14,45.12
2022-05-01,27.55,1.22,79.16,Afgooye,2.14,45.12
2022-06-01,26.31,6.24,77.77,Afgooye,2.14,45.12
2022-07-01,24.66,5.0,80.53,Afgooye,2.14,45.12
2022-08-01,24.66,5.72,80.65,Afgooye,2.14,45.12
2022-09-01,25.53,0.82,78.76,Afgooye,2.14,45.12
2022-10-01,26.64,0.2,74.44,Afgooye,2.14,45.12
2022-11-01,28.01,0.4,70.07,Afgooye,2.14,45.12
2022-12-01,26.98,7.21,76.36,Afgooye,2.14,45.12
2023-01-01,27.53,0.05,68.07,Afgooye,2.14,45.12
2023-02-01,27.85,0.0,65.5,Afgooye,2.14,45.12
2023-03-01,29.04,0.16,68.9,Afgooye,2.14,45.12
2023-04-01,28.89,3.89,73.36,Afgooye,2.14,45.12
2023-05-01,28.33,0.16,74.67,Afgooye,2.14,45.12
2023-06-01,26.75,5.55,78.42,Afgooye,2.14,45.12
2023-07-01,25.9,2.7,77.72,Afgooye,2.14,45.12
2023-08-01,26.32,1.27,77.07,Afgooye,2.14,45.12
2023-09-01,27.44,0.29,72.83,Afgooye,2.14,45.12
2023-10-01,27.66,6.19,77.77,Afgooye,2.14,45.12
2023-11-01,26.84,11.56,84.57,Afgooye,2.14,45.12
2023-12-01,27.15,0.06,80.31,Afgooye,2.14,45.12
2024-01-01,27.86,0.01,72.45,Afgooye,2.14,45.12
2024-02-01,29.33,0.02,67.49,Afgooye,2.14,45.12
2024-03-01,30.06,0.07,65.69,Afgooye,2.14,45.12
2024-04-01,29.53,3.02,73.65,Afgooye,2.14,45.12
2024-05-01,28.2,9.05,81.18,Afgooye,2.14,45.12
2024-06-01,26.54,5.41,81.54,Afgooye,2.14,45.12
2024-07-01,25.76,1.49,80.98,Afgooye,2.14,45.12
2024-08-01,25.82,3.79,78.84,Afgooye,2.14,45.12
2024-09-01,26.61,0.52,76.87,Afgooye,2.14,45.12
2024-10-01,27.91,0.15,71.48,Afgooye,2.14,45.12
2024-11-01,27.92,3.93,76.63,Afgooye,2.14,45.12
2024-12-01,28.34,0.0,66.47,Afgooye,2.14,45.12
2025-01-01,27.74,0.0,65.4,Afgooye,2.14,45.12
2025-02-01,28.15,0.0,66.84,Afgooye,2.14,45.12
2025-03-01,29.29,1.37,69.95,Afgooye,2.14,45.12
2025-04-01,29.42,1.62,71.47,Afgooye,2.14,45.12
2025-05-01,27.51,7.49,82.91,Afgooye,2.14,45.12
2025-06-01,26.27,8.94,82.45,Afgooye,2.14,45.12
2025-07-01,25.29,2.02,80.25,Afgooye,2.14,45.12
2025-08-01,25.49,2.05,77.42,Afgooye,2.14,45.12
2025-09-01,26.52,0.56,74.06,Afgooye,2.14,45.12
2025-10-01,27.67,0.16,71.11,Afgooye,2.14,45.12
2025-11-01,-999.0,-999.0,-999.0,Afgooye,2.14,45.12
2025-12-01,-999.0,-999.0,-999.0,Afgooye,2.14,45.12
2015-01-01,28.99,0.11,56.78,Afmadow,0.51,42.07
2015-02-01,30.71,0.0,55.08,Afmadow,0.51,42.07
2015-03-01,30.93,0.33,55.12,Afmadow,0.51,42.07
2015-04-01,29.87,2.54,66.64,Afmadow,0.51,42.07
2015-05-01,28.25,1.74,73.7,Afmadow,0.51,42.07
2015-06-01,27.89,0.5,65.27,Afmadow,0.51,42.07
2015-07-01,27.33,0.67,64.43,Afmadow,0.51,42.07
2015-08-01,27.39,0.8,64.06,Afmadow,0.51,42.07
2015-09-01,28.91,0.05,59.35,Afmadow,0.51,42.07
2015-10-01,29.87,1.76,62.74,Afmadow,0.51,42.07
2015-11-01,29.31,3.12,68.58,Afmadow,0.51,42.07
2015-12-01,30.18,1.13,61.36,Afmadow,0.51,42.07
2016-01-01,31.28,0.07,54.22,Afmadow,0.51,42.07
2016-02-01,31.22,0.29,53.24,Afmadow,0.51,42.07
2016-03-01,32.46,0.08,55.04,Afmadow,0.51,42.07
2016-04-01,31.03,2.58,62.99,Afmadow,0.51,42.07
2016-05-01,28.1,2.76,70.0,Afmadow,0.51,42.07
2016-06-01,27.66,0.72,65.26,Afmadow,0.51,42.07
2016-07-01,26.83,0.21,61.76,Afmadow,0.51,42.07
2016-08-01,27.2,0.35,60.53,Afmadow,0.51,42.07
2016-09-01,27.82,0.05,57.98,Afmadow,0.51,42.07
2016-10-01,29.43,0.06,57.23,Afmadow,0.51,42.07
2016-11-01,29.23,3.48,64.81,Afmadow,0.51,42.07
2016-12-01,29.99,0.7,59.86,Afmadow,0.51,42.07
2017-01-01,30.35,0.0,53.33,Afmadow,0.51,42.07
2017-02-01,30.8,0.49,56.29,Afmadow,0.51,42.07
2017-03-01,31.86,0.02,53.4,Afmadow,0.51,42.07
2017-04-01,30.53,4.2,62.1,Afmadow,0.51,42.07
2017-05-01,27.93,1.43,74.4,Afmadow,0.51,42.07
2017-06-01,27.27,1.93,72.07,Afmadow,0.51,42.07
2017-07-01,26.94,0.11,65.42,Afmadow,0.51,42.07
2017-08-01,27.61,0.46,63.31,Afmadow,0.51,42.07
2017-09-01,28.45,0.25,59.76,Afmadow,0.51,42.07
2017-10-01,29.89,1.1,59.22,Afmadow,0.51,42.07
2017-11-01,28.88,3.53,68.07,Afmadow,0.51,42.07
2017-12-01,30.1,0.01,54.57,Afmadow,0.51,42.07
2018-01-01,29.89,0.0,53.17,Afmadow,0.51,42.07
2018-02-01,30.72,0.04,55.57,Afmadow,0.51,42.07
2018-03-01,30.47,1.79,60.05,Afmadow,0.51,42.07
2018-04-01,28.28,7.07,75.41,Afmadow,0.51,42.07
2018-05-01,26.92,4.01,81.63,Afmadow,0.51,42.07
2018-06-01,26.35,0.44,74.06,Afmadow,0.51,42.07
2018-07-01,25.98,0.43,70.07,Afmadow,0.51,42.07
2018-08-01,26.71,0.28,65.38,Afmadow,0.51,42.07
2018-09-01,28.35,0.27,62.32,Afmadow,0.51,42.07
2018-10-01,29.25,1.19,61.14,Afmadow,0.51,42.07
2018-11-01,30.49,0.73,59.01,Afmadow,0.51,42.07
2018-12-01,30.35,1.04,60.13,Afmadow,0.51,42.07
2019-01-01,30.79,0.11,53.65,Afmadow,0.51,42.07
2019-02-01,31.31,0.04,54.26,Afmadow,0.51,42.07
2019-03-01,31.91,0.27,54.64,Afmadow,0.51,42.07
2019-04-01,31.66,0.94,58.25,Afmadow,0.51,42.07
2019-05-01,28.68,5.2,72.85,Afmadow,0.51,42.07
2019-06-01,27.47,0.52,70.6,Afmadow,0.51,42.07
2019-07-01,27.31,0.41,66.24,Afmadow,0.51,42.07
2019-08-01,27.64,0.42,64.02,Afmadow,0.51,42.07
2019-09-01,28.51,1.01,62.53,Afmadow,0.51,42.07
2019-10-01,27.29,8.66,78.47,Afmadow,0.51,42.07
2019-11-01,28.17,4.14,74.25,Afmadow,0.51,42.07
2019-12-01,28.69,2.09,72.59,Afmadow,0.51,42.07
2020-01-01,29.72,0.62,64.97,Afmadow,0.51,42.07
2020-02-01,31.45,0.11,56.87,Afmadow,0.51,42.07
2020-03-01,31.79,0.62,57.99,Afmadow,0.51,42.07
2020-04-01,29.89,5.62,68.62,Afmadow,0.51,42.07
2020-05-01,27.53,1.26,78.16,Afmadow,0.51,42.07
2020-06-01,27.14,0.86,72.4,Afmadow,0.51,42.07
2020-07-01,26.83,0.83,68.22,Afmadow,0.51,42.07
2020-08-01,27.07,0.54,66.17,Afmadow,0.51,42.07
2020-09-01,27.74,3.45,65.47,Afmadow,0.51,42.07
2020-10-01,29.27,0.86,63.93,Afmadow,0.51,42.07
2020-11-01,28.85,3.24,69.45,Afmadow,0.51,42.07
2020-12-01,30.25,0.48,58.56,Afmadow,0.51,42.07
2021-01-01,30.06,0.38,56.2,Afmadow,0.51,42.07
2021-02-01,30.57,0.0,54.65,Afmadow,0.51,42.07
2021-03-01,30.84,0.77,56.63,Afmadow,0.51,42.07
2021-04-01,30.18,1.35,64.94,Afmadow,0.51,42.07
2021-05-01,29.18,0.36,62.02,Afmadow,0.51,42.07
2021-06-01,27.6,0.96,64.76,Afmadow,0.51,42.07
2021-07-01,26.81,0.58,64.14,Afmadow,0.51,42.07
2021-08-01,27.31,0.91,62.77,Afmadow,0.51,42.07
2021-09-01,28.54,0.46,60.63,Afmadow,0.51,42.07
2021-10-01,29.78,0.11,57.65,Afmadow,0.51,42.07
2021-11-01,30.26,19.57,60.02,Afmadow,0.51,42.07
2021-12-01,27.14,2.81,78.18,Afmadow,0.51,42.07
2022-01-01,28.2,0.47,67.0,Afmadow,0.51,42.07
2022-02-01,29.64,0.79,61.91,Afmadow,0.51,42.07
2022-03-01,30.9,0.45,57.59,Afmadow,0.51,42.07
2022-04-01,29.66,24.16,69.14,Afmadow,0.51,42.07
2022-05-01,26.99,2.49,80.68,Afmadow,0.51,42.07
2022-06-01,25.96,1.53,76.49,Afmadow,0.51,42.07
2022-07-01,24.97,0.78,73.21,Afmadow,0.51,42.07
2022-08-01,25.19,6.34,72.69,Afmadow,0.51,42.07
2022-09-01,26.8,0.18,67.63,Afmadow,0.51,42.07
2022-10-01,28.35,0.13,63.34,Afmadow,0.51,42.07
2022-11-01,29.05,1.7,65.11,Afmadow,0.51,42.07
2022-12-01,29.67,0.83,61.75,Afmadow,0.51,42.07
2023-01-01,30.12,0.44,57.1,Afmadow,0.51,42.07
2023-02-01,30.72,0.0,54.14,Afmadow,0.51,42.07
2023-03-01,31.01,0.41,58.38,Afmadow,0.51,42.07
2023-04-01,29.0,8.19,72.71,Afmadow,0.51,42.07
2023-05-01,28.27,0.37,73.36,Afmadow,0.51,42.07
2023-06-01,26.06,45.32,80.0,Afmadow,0.51,42.07
2023-07-01,25.62,0.5,75.78,Afmadow,0.51,42.07
2023-08-01,26.59,0.95,72.32,Afmadow,0.51,42.07
2023-09-01,28.22,0.25,67.26,Afmadow,0.51,42.07
2023-10-01,28.75,3.62,69.82,Afmadow,0.51,42.07
2023-11-01,27.06,15.39,83.63,Afmadow,0.51,42.07
2023-12-01,27.86,0.61,77.18,Afmadow,0.51,42.07
2024-01-01,29.26,0.15,66.45,Afmadow,0.51,42.07
2024-02-01,31.42,0.06,59.59,Afmadow,0.51,42.07
2024-03-01,32.16,0.21,56.34,Afmadow,0.51,42.07
2024-04-01,28.86,7.4,77.14,Afmadow,0.51,42.07
2024-05-01,28.09,3.51,77.5,Afmadow,0.51,42.07
2024-06-01,27.5,0.68,70.92,Afmadow,0.51,42.07
2024-07-01,27.39,0.33,67.7,Afmadow,0.51,42.07
2024-08-01,27.57,1.12,65.2,Afmadow,0.51,42.07
2024-09-01,28.92,0.14,60.83,Afmadow,0.51,42.07
2024-10-01,30.23,0.26,58.13,Afmadow,0.51,42.07
2024-11-01,29.8,2.98,66.99,Afmadow,0.51,42.07
2024-12-01,30.63,0.06,57.56,Afmadow,0.51,42.07
2025-01-01,30.76,0.11,53.44,Afmadow,0.51,42.07
2025-02-01,31.18,0.0,54.26,Afmadow,0.51,42.07
2025-03-01,31.22,2.41,60.09,Afmadow,0.51,42.07
2025-04-01,29.83,3.14,68.99,Afmadow,0.51,42.07
2025-05-01,28.45,2.33,74.3,Afmadow,0.51,42.07
2025-06-01,27.34,1.74,71.36,Afmadow,0.51,42.07
2025-07-01,26.87,0.41,66.69,Afmadow,0.51,42.07
2025-08-01,27.19,0.23,63.84,Afmadow,0.51,42.07
2025-09-01,28.41,0.34,61.15,Afmadow,0.51,42.07
2025-10-01,30.07,0.26,57.2,Afmadow,0.51,42.07
2025-11-01,-999.0,-999.0,-999.0,Afmadow,0.51,42.07
2025-12-01,-999.0,-999.0,-999.0,Afmadow,0.51,42.07
2015-01-01,26.19,0.01,47.66,Baidoa,3.12,43.65
2015-02-01,28.94,0.07,48.04,Baidoa,3.12,43.65
2015-03-01,29.09,0.88,52.68,Baidoa,3.12,43.65
2015-04-01,26.93,5.94,75.79,Baidoa,3.12,43.65
2015-05-01,26.09,3.63,79.28,Baidoa,3.12,43.65
2015-06-01,25.64,0.81,72.29,Baidoa,3.12,43.65
2015-07-01,25.65,0.96,66.4,Baidoa,3.12,43.65
2015-08-01,25.52,2.52,68.6,Baidoa,3.12,43.65
2015-09-01,27.6,0.79,60.84,Baidoa,3.12,43.65
2015-10-01,27.08,5.58,72.28,Baidoa,3.12,43.65
2015-11-01,25.24,10.35,82.97,Baidoa,3.12,43.65
2015-12-01,24.89,1.63,75.74,Baidoa,3.12,43.65
2016-01-01,26.63,0.18,60.56,Baidoa,3.12,43.65
2016-02-01,28.77,0.24,47.01,Baidoa,3.12,43.65
2016-03-01,30.65,0.83,53.38,Baidoa,3.12,43.65
2016-04-01,29.06,4.45,65.19,Baidoa,3.12,43.65
2016-05-01,26.04,2.05,75.91,Baidoa,3.12,43.65
2016-06-01,25.73,0.55,68.68,Baidoa,3.12,43.65
2016-07-01,25.24,0.37,62.93,Baidoa,3.12,43.65
2016-08-01,25.81,0.38,61.78,Baidoa,3.12,43.65
2016-09-01,26.72,0.18,58.18,Baidoa,3.12,43.65
2016-10-01,27.97,0.49,58.03,Baidoa,3.12,43.65
2016-11-01,28.52,1.48,58.76,Baidoa,3.12,43.65
2016-12-01,28.11,0.38,53.39,Baidoa,3.12,43.65
2017-01-01,27.94,0.0,43.04,Baidoa,3.12,43.65
2017-02-01,29.52,0.16,48.78,Baidoa,3.12,43.65
2017-03-01,29.97,0.48,49.92,Baidoa,3.12,43.65
2017-04-01,29.21,4.38,60.6,Baidoa,3.12,43.65
2017-05-01,26.65,2.55,74.13,Baidoa,3.12,43.65
2017-06-01,25.95,1.25,70.87,Baidoa,3.12,43.65
2017-07-01,25.96,0.18,63.17,Baidoa,3.12,43.65
2017-08-01,26.53,0.52,62.02,Baidoa,3.12,43.65
2017-09-01,27.49,0.36,58.52,Baidoa,3.12,43.65
2017-10-01,27.98,3.05,62.62,Baidoa,3.12,43.65
2017-11-01,25.72,5.56,74.95,Baidoa,3.12,43.65
2017-12-01,25.81,0.0,54.31,Baidoa,3.12,43.65
2018-01-01,27.21,0.0,44.79,Baidoa,3.12,43.65
2018-02-01,29.26,0.04,49.42,Baidoa,3.12,43.65
2018-03-01,29.96,1.04,50.99,Baidoa,3.12,43.65
2018-04-01,26.89,5.42,74.35,Baidoa,3.12,43.65
2018-05-01,26.07,1.6,77.28,Baidoa,3.12,43.65
2018-06-01,25.96,0.39,67.63,Baidoa,3.12,43.65
2018-07-01,25.72,0.31,62.28,Baidoa,3.12,43.65
2018-08-01,25.8,0.67,63.21,Baidoa,3.12,43.65
2018-09-01,27.59,0.76,59.62,Baidoa,3.12,43.65
2018-10-01,27.67,2.09,62.32,Baidoa,3.12,43.65
2018-11-01,27.81,1.82,65.52,Baidoa,3.12,43.65
2018-12-01,27.61,1.39,59.14,Baidoa,3.12,43.65
2019-01-01,28.31,0.04,46.3,Baidoa,3.12,43.65
2019-02-01,29.5,0.13,49.23,Baidoa,3.12,43.65
2019-03-01,30.68,0.03,49.09,Baidoa,3.12,43.65
2019-04-01,29.98,1.35,58.76,Baidoa,3.12,43.65
2019-05-01,27.5,3.47,72.12,Baidoa,3.12,43.65
2019-06-01,25.88,1.76,72.59,Baidoa,3.12,43.65
2019-07-01,25.89,0.3,66.72,Baidoa,3.12,43.65
2019-08-01,26.86,0.25,61.14,Baidoa,3.12,43.65
2019-09-01,27.68,0.75,60.02,Baidoa,3.12,43.65
2019-10-01,26.19,6.72,76.86,Baidoa,3.12,43.65
2019-11-01,26.03,2.59,76.07,Baidoa,3.12,43.65
2019-12-01,27.03,0.84,65.24,Baidoa,3.12,43.65
2020-01-01,29.05,0.04,49.98,Baidoa,3.12,43.65
2020-02-01,29.91,0.03,47.73,Baidoa,3.12,43.65
2020-03-01,30.33,1.12,54.07,Baidoa,3.12,43.65
2020-04-01,27.85,7.5,71.86,Baidoa,3.12,43.65
2020-05-01,25.78,4.1,82.73,Baidoa,3.12,43.65
2020-06-01,25.2,1.17,76.82,Baidoa,3.12,43.65
2020-07-01,24.93,1.61,72.51,Baidoa,3.12,43.65
2020-08-01,25.05,0.92,71.03,Baidoa,3.12,43.65
2020-09-01,25.55,4.2,71.55,Baidoa,3.12,43.65
2020-10-01,26.3,4.91,75.41,Baidoa,3.12,43.65
2020-11-01,25.4,3.7,79.52,Baidoa,3.12,43.65
2020-12-01,26.4,0.81,61.45,Baidoa,3.12,43.65
2021-01-01,26.65,0.52,53.6,Baidoa,3.12,43.65
2021-02-01,28.82,0.05,48.31,Baidoa,3.12,43.65
2021-03-01,29.71,0.48,50.79,Baidoa,3.12,43.65
2021-04-01,28.63,4.2,64.94,Baidoa,3.12,43.65
2021-05-01,26.03,4.88,74.61,Baidoa,3.12,43.65
2021-06-01,25.24,1.0,71.67,Baidoa,3.12,43.65
2021-07-01,24.23,1.48,71.58,Baidoa,3.12,43.65
2021-08-01,24.61,3.09,73.52,Baidoa,3.12,43.65
2021-09-01,25.38,2.67,72.91,Baidoa,3.12,43.65
2021-10-01,26.94,1.08,67.54,Baidoa,3.12,43.65
2021-11-01,28.51,12.73,61.3,Baidoa,3.12,43.65
2021-12-01,24.98,0.87,76.08,Baidoa,3.12,43.65
2022-01-01,25.95,0.28,61.68,Baidoa,3.12,43.65
2022-02-01,27.48,1.19,55.62,Baidoa,3.12,43.65
2022-03-01,29.64,0.37,49.86,Baidoa,3.12,43.65
2022-04-01,28.55,12.97,66.21,Baidoa,3.12,43.65
2022-05-01,25.9,1.63,79.24,Baidoa,3.12,43.65
2022-06-01,24.81,1.93,75.19,Baidoa,3.12,43.65
2022-07-01,23.75,1.73,73.93,Baidoa,3.12,43.65
2022-08-01,24.11,2.66,72.94,Baidoa,3.12,43.65
2022-09-01,25.53,0.53,68.51,Baidoa,3.12,43.65
2022-10-01,27.1,1.2,64.03,Baidoa,3.12,43.65
2022-11-01,27.84,1.45,63.47,Baidoa,3.12,43.65
2022-12-01,26.24,3.2,67.86,Baidoa,3.12,43.65
2023-01-01,27.84,0.09,51.46,Baidoa,3.12,43.65
2023-02-01,28.74,0.03,46.41,Baidoa,3.12,43.65
2023-03-01,29.2,1.69,58.36,Baidoa,3.12,43.65
2023-04-01,27.5,6.33,72.51,Baidoa,3.12,43.65
2023-05-01,26.99,0.88,72.23,Baidoa,3.12,43.65
2023-06-01,25.03,7.46,79.26,Baidoa,3.12,43.65
2023-07-01,24.59,0.82,74.51,Baidoa,3.12,43.65
2023-08-01,26.08,0.54,67.69,Baidoa,3.12,43.65
2023-09-01,28.17,0.16,60.05,Baidoa,3.12,43.65
2023-10-01,26.71,12.02,75.46,Baidoa,3.12,43.65
2023-11-01,24.98,16.82,87.26,Baidoa,3.12,43.65
2023-12-01,24.76,0.17,81.02,Baidoa,3.12,43.65
2024-01-01,25.88,0.07,69.45,Baidoa,3.12,43.65
2024-02-01,29.03,0.19,56.62,Baidoa,3.12,43.65
2024-03-01,31.0,0.2,51.3,Baidoa,3.12,43.65
2024-04-01,27.64,6.36,76.05,Baidoa,3.12,43.65
2024-05-01,26.4,11.24,81.12,Baidoa,3.12,43.65
2024-06-01,24.74,1.9,82.15,Baidoa,3.12,43.65
2024-07-01,25.09,0.45,74.92,Baidoa,3.12,43.65
2024-08-01,25.54,1.81,70.35,Baidoa,3.12,43.65
2024-09-01,27.07,0.28,65.21,Baidoa,3.12,43.65
2024-10-01,28.35,1.26,61.24,Baidoa,3.12,43.65
2024-11-01,27.26,5.08,72.09,Baidoa,3.12,43.65
2024-12-01,27.61,0.02,54.14,Baidoa,3.12,43.65
2025-01-01,28.27,0.01,45.04,Baidoa,3.12,43.65
2025-02-01,29.48,0.0,46.79,Baidoa,3.12,43.65
2025-03-01,30.38,1.96,55.14,Baidoa,3.12,43.65
2025-04-01,28.11,4.25,70.25,Baidoa,3.12,43.65
2025-05-01,26.34,4.11,79.77,Baidoa,3.12,43.65
2025-06-01,25.36,1.82,76.4,Baidoa,3.12,43.65
2025-07-01,24.73,0.78,71.84,Baidoa,3.12,43.65
2025-08-01,25.56,0.37,65.78,Baidoa,3.12,43.65
2025-09-01,27.14,1.02,61.13,Baidoa,3.12,43.65
2025-10-01,28.15,1.18,60.59,Baidoa,3.12,43.65
2025-11-01,-999.0,-999.0,-999.0,Baidoa,3.12,43.65
2025-12-01,-999.0,-999.0,-999.0,Baidoa,3.12,43.65
2015-01-01,26.06,0.0,75.4,Bakaara,2.05,45.32
2015-02-01,26.2,0.0,77.76,Bakaara,2.05,45.32
2015-03-01,27.18,0.54,77.53,Bakaara,2.05,45.32
2015-04-01,28.7,1.25,77.52,Bakaara,2.05,45.32
2015-05-01,28.15,2.18,80.85,Bakaara,2.05,45.32
2015-06-01,27.17,0.3,79.22,Bakaara,2.05,45.32
2015-07-01,26.0,1.32,79.22,Bakaara,2.05,45.32
2015-08-01,26.11,0.71,79.47,Bakaara,2.05,45.32
2015-09-01,26.72,0.23,80.16,Bakaara,2.05,45.32
2015-10-01,27.5,1.55,81.62,Bakaara,2.05,45.32
2015-11-01,27.89,4.74,79.05,Bakaara,2.05,45.32
2015-12-01,27.8,1.03,77.92,Bakaara,2.05,45.32
2016-01-01,27.1,0.04,77.31,Bakaara,2.05,45.32
2016-02-01,26.81,0.06,78.07,Bakaara,2.05,45.32
2016-03-01,28.48,0.04,78.41,Bakaara,2.05,45.32
2016-04-01,28.96,3.82,77.13,Bakaara,2.05,45.32
2016-05-01,28.0,1.54,79.21,Bakaara,2.05,45.32
2016-06-01,26.69,0.2,78.81,Bakaara,2.05,45.32
2016-07-01,24.86,0.15,79.78,Bakaara,2.05,45.32
2016-08-01,25.22,0.09,80.31,Bakaara,2.05,45.32
2016-09-01,25.48,0.01,79.05,Bakaara,2.05,45.32
2016-10-01,26.34,0.0,79.18,Bakaara,2.05,45.32
2016-11-01,27.33,0.19,78.12,Bakaara,2.05,45.32
2016-12-01,27.26,0.19,76.42,Bakaara,2.05,45.32
2017-01-01,26.58,0.0,74.7,Bakaara,2.05,45.32
2017-02-01,26.92,0.01,78.42,Bakaara,2.05,45.32
2017-03-01,27.74,0.0,76.76,Bakaara,2.05,45.32
2017-04-01,28.59,0.21,76.97,Bakaara,2.05,45.32
2017-05-01,28.24,0.1,78.7,Bakaara,2.05,45.32
2017-06-01,27.0,0.22,79.13,Bakaara,2.05,45.32
2017-07-01,26.02,0.01,79.26,Bakaara,2.05,45.32
2017-08-01,26.18,0.44,79.4,Bakaara,2.05,45.32
2017-09-01,26.18,0.02,79.23,Bakaara,2.05,45.32
2017-10-01,26.84,0.62,79.98,Bakaara,2.05,45.32
2017-11-01,27.45,2.9,77.32,Bakaara,2.05,45.32
2017-12-01,26.7,0.0,75.0,Bakaara,2.05,45.32
2018-01-01,25.73,0.0,76.64,Bakaara,2.05,45.32
2018-02-01,26.43,0.0,80.14,Bakaara,2.05,45.32
2018-03-01,27.87,0.07,77.64,Bakaara,2.05,45.32
2018-04-01,28.36,1.63,78.71,Bakaara,2.05,45.32
2018-05-01,27.8,0.19,81.61,Bakaara,2.05,45.32
2018-06-01,26.56,0.42,78.64,Bakaara,2.05,45.32
2018-07-01,25.36,0.09,79.61,Bakaara,2.05,45.32
2018-08-01,25.25,1.89,81.04,Bakaara,2.05,45.32
2018-09-01,26.09,0.03,80.86,Bakaara,2.05,45.32
2018-10-01,26.59,0.23,80.26,Bakaara,2.05,45.32
2018-11-01,27.41,0.07,78.42,Bakaara,2.05,45.32
2018-12-01,27.4,0.02,78.46,Bakaara,2.05,45.32
2019-01-01,26.58,0.01,76.53,Bakaara,2.05,45.32
2019-02-01,26.87,0.0,79.22,Bakaara,2.05,45.32
2019-03-01,28.02,0.01,77.13,Bakaara,2.05,45.32
2019-04-01,29.04,0.1,75.65,Bakaara,2.05,45.32
2019-05-01,28.75,0.85,79.64,Bakaara,2.05,45.32
2019-06-01,26.99,2.39,79.99,Bakaara,2.05,45.32
2019-07-01,26.03,1.06,81.3,Bakaara,2.05,45.32
2019-08-01,25.72,0.46,81.98,Bakaara,2.05,45.32
2019-09-01,26.29,0.4,80.47,Bakaara,2.05,45.32
2019-10-01,27.17,2.46,82.03,Bakaara,2.05,45.32
2019-11-01,27.77,0.63,79.16,Bakaara,2.05,45.32
2019-12-01,27.93,0.19,77.52,Bakaara,2.05,45.32
2020-01-01,27.6,0.0,77.94,Bakaara,2.05,45.32
2020-02-01,27.62,0.0,77.27,Bakaara,2.05,45.32
2020-03-01,28.55,0.01,77.63,Bakaara,2.05,45.32
2020-04-01,29.23,0.7,76.67,Bakaara,2.05,45.32
2020-05-01,28.37,8.42,81.69,Bakaara,2.05,45.32
2020-06-01,27.33,3.41,82.19,Bakaara,2.05,45.32
2020-07-01,26.05,7.27,82.72,Bakaara,2.05,45.32
2020-08-01,25.24,4.4,83.1,Bakaara,2.05,45.32
2020-09-01,25.67,5.16,83.53,Bakaara,2.05,45.32
2020-10-01,26.93,0.6,83.01,Bakaara,2.05,45.32
2020-11-01,27.21,0.96,81.05,Bakaara,2.05,45.32
2020-12-01,27.15,0.03,77.43,Bakaara,2.05,45.32
2021-01-01,26.12,0.21,77.56,Bakaara,2.05,45.32
2021-02-01,26.21,0.0,77.98,Bakaara,2.05,45.32
2021-03-01,27.3,0.05,78.85,Bakaara,2.05,45.32
2021-04-01,28.66,0.64,75.73,Bakaara,2.05,45.32
2021-05-01,27.47,1.87,79.93,Bakaara,2.05,45.32
2021-06-01,26.65,1.98,79.43,Bakaara,2.05,45.32
2021-07-01,25.75,6.38,80.72,Bakaara,2.05,45.32
2021-08-01,25.32,8.34,83.65,Bakaara,2.05,45.32
2021-09-01,25.91,3.41,83.14,Bakaara,2.05,45.32
2021-10-01,26.5,0.2,81.41,Bakaara,2.05,45.32
2021-11-01,27.33,1.43,78.52,Bakaara,2.05,45.32
2021-12-01,27.17,0.06,78.11,Bakaara,2.05,45.32
2022-01-01,26.76,0.94,76.72,Bakaara,2.05,45.32
2022-02-01,26.46,1.91,79.29,Bakaara,2.05,45.32
2022-03-01,27.37,0.01,76.69,Bakaara,2.05,45.32
2022-04-01,28.56,1.59,77.76,Bakaara,2.05,45.32
2022-05-01,28.04,0.89,80.19,Bakaara,2.05,45.32
2022-06-01,26.85,5.19,79.48,Bakaara,2.05,45.32
2022-07-01,25.35,4.85,80.82,Bakaara,2.05,45.32
2022-08-01,25.05,5.09,82.18,Bakaara,2.05,45.32
2022-09-01,25.61,0.74,82.21,Bakaara,2.05,45.32
2022-10-01,26.03,0.13,81.34,Bakaara,2.05,45.32
2022-11-01,27.1,0.12,78.51,Bakaara,2.05,45.32
2022-12-01,26.98,4.65,79.81,Bakaara,2.05,45.32
2023-01-01,26.5,0.01,77.99,Bakaara,2.05,45.32
2023-02-01,26.35,0.0,77.41,Bakaara,2.05,45.32
2023-03-01,27.86,0.06,79.59,Bakaara,2.05,45.32
2023-04-01,28.93,2.17,77.14,Bakaara,2.05,45.32
2023-05-01,28.24,0.17,79.9,Bakaara,2.05,45.32
2023-06-01,27.23,1.29,79.64,Bakaara,2.05,45.32
2023-07-01,26.21,2.81,80.42,Bakaara,2.05,45.32
2023-08-01,26.17,1.24,81.83,Bakaara,2.05,45.32
2023-09-01,26.65,0.21,81.68,Bakaara,2.05,45.32
2023-10-01,27.32,4.43,82.48,Bakaara,2.05,45.32
2023-11-01,27.78,8.19,81.56,Bakaara,2.05,45.32
2023-12-01,28.05,0.01,79.14,Bakaara,2.05,45.32
2024-01-01,27.43,0.0,79.33,Bakaara,2.05,45.32
2024-02-01,28.07,0.01,78.52,Bakaara,2.05,45.32
2024-03-01,28.85,0.03,76.74,Bakaara,2.05,45.32
2024-04-01,29.49,1.76,77.63,Bakaara,2.05,45.32
2024-05-01,28.64,7.47,83.01,Bakaara,2.05,45.32
2024-06-01,27.23,4.9,81.38,Bakaara,2.05,45.32
2024-07-01,26.1,1.67,82.54,Bakaara,2.05,45.32
2024-08-01,25.84,3.37,82.86,Bakaara,2.05,45.32
2024-09-01,26.37,0.46,81.78,Bakaara,2.05,45.32
2024-10-01,26.94,0.06,80.42,Bakaara,2.05,45.32
2024-11-01,27.54,3.01,81.1,Bakaara,2.05,45.32
2024-12-01,27.22,0.0,76.41,Bakaara,2.05,45.32
2025-01-01,26.25,0.0,77.59,Bakaara,2.05,45.32
2025-02-01,26.46,0.0,79.69,Bakaara,2.05,45.32
2025-03-01,28.1,0.92,79.85,Bakaara,2.05,45.32
2025-04-01,29.21,0.96,76.03,Bakaara,2.05,45.32
2025-05-01,28.11,7.9,83.09,Bakaara,2.05,45.32
2025-06-01,27.04,7.96,81.74,Bakaara,2.05,45.32
2025-07-01,25.92,2.4,81.13,Bakaara,2.05,45.32
2025-08-01,25.65,2.05,80.94,Bakaara,2.05,45.32
2025-09-01,26.05,0.46,80.94,Bakaara,2.05,45.32
2025-10-01,26.56,0.07,81.31,Bakaara,2.05,45.32
2025-11-01,-999.0,-999.0,-999.0,Bakaara,2.05,45.32
2025-12-01,-999.0,-999.0,-999.0,Bakaara,2.05,45.32
2015-01-01,26.59,0.0,64.57,Balcad,2.36,45.39
2015-02-01,27.34,0.0,65.31,Balcad,2.36,45.39
2015-03-01,28.18,0.79,66.29,Balcad,2.36,45.39
2015-04-01,29.02,1.4,70.09,Balcad,2.36,45.39
2015-05-01,28.1,3.11,75.66,Balcad,2.36,45.39
2015-06-01,27.19,0.57,72.84,Balcad,2.36,45.39
2015-07-01,26.08,1.62,72.53,Balcad,2.36,45.39
2015-08-01,26.2,2.31,73.24,Balcad,2.36,45.39
2015-09-01,27.06,2.37,73.09,Balcad,2.36,45.39
2015-10-01,27.92,2.55,75.08,Balcad,2.36,45.39
2015-11-01,27.08,6.47,79.41,Balcad,2.36,45.39
2015-12-01,27.24,1.57,74.22,Balcad,2.36,45.39
2016-01-01,27.48,0.05,68.25,Balcad,2.36,45.39
2016-02-01,27.81,0.05,65.91,Balcad,2.36,45.39
2016-03-01,29.68,0.28,66.05,Balcad,2.36,45.39
2016-04-01,29.12,5.07,71.04,Balcad,2.36,45.39
2016-05-01,27.48,1.55,75.8,Balcad,2.36,45.39
2016-06-01,26.68,0.17,72.16,Balcad,2.36,45.39
2016-07-01,25.25,0.12,70.66,Balcad,2.36,45.39
2016-08-01,25.88,0.06,70.23,Balcad,2.36,45.39
2016-09-01,26.3,0.01,68.57,Balcad,2.36,45.39
2016-10-01,27.49,0.02,67.88,Balcad,2.36,45.39
2016-11-01,28.41,0.16,66.56,Balcad,2.36,45.39
2016-12-01,28.19,0.1,63.99,Balcad,2.36,45.39
2017-01-01,27.51,0.0,61.69,Balcad,2.36,45.39
2017-02-01,28.18,0.01,64.86,Balcad,2.36,45.39
2017-03-01,28.93,0.01,63.71,Balcad,2.36,45.39
2017-04-01,29.75,0.35,64.68,Balcad,2.36,45.39
2017-05-01,28.85,0.23,68.56,Balcad,2.36,45.39
2017-06-01,27.59,0.13,68.71,Balcad,2.36,45.39
2017-07-01,26.55,0.01,69.1,Balcad,2.36,45.39
2017-08-01,26.8,0.31,69.4,Balcad,2.36,45.39
2017-09-01,27.16,0.02,68.04,Balcad,2.36,45.39
2017-10-01,28.03,0.99,68.64,Balcad,2.36,45.39
2017-11-01,27.9,3.09,69.8,Balcad,2.36,45.39
2017-12-01,27.47,0.0,62.88,Balcad,2.36,45.39
2018-01-01,26.72,0.0,63.87,Balcad,2.36,45.39
2018-02-01,27.89,0.0,66.09,Balcad,2.36,45.39
2018-03-01,29.09,0.13,64.8,Balcad,2.36,45.39
2018-04-01,28.58,2.45,71.81,Balcad,2.36,45.39
2018-05-01,28.09,0.26,73.88,Balcad,2.36,45.39
2018-06-01,26.95,0.49,69.71,Balcad,2.36,45.39
2018-07-01,25.91,0.1,69.45,Balcad,2.36,45.39
2018-08-01,25.66,1.98,72.95,Balcad,2.36,45.39
2018-09-01,27.02,0.19,70.44,Balcad,2.36,45.39
2018-10-01,27.7,0.44,69.22,Balcad,2.36,45.39
2018-11-01,28.82,0.14,65.92,Balcad,2.36,45.39
2018-12-01,28.44,0.09,65.68,Balcad,2.36,45.39
2019-01-01,27.62,0.03,63.09,Balcad,2.36,45.39
2019-02-01,28.12,0.01,65.95,Balcad,2.36,45.39
2019-03-01,29.3,0.0,63.71,Balcad,2.36,45.39
2019-04-01,30.08,0.19,64.42,Balcad,2.36,45.39
2019-05-01,29.19,2.05,70.73,Balcad,2.36,45.39
2019-06-01,26.92,2.79,74.32,Balcad,2.36,45.39
2019-07-01,26.14,1.1,74.44,Balcad,2.36,45.39
2019-08-01,26.35,0.43,72.61,Balcad,2.36,45.39
2019-09-01,27.05,0.65,70.99,Balcad,2.36,45.39
2019-10-01,27.48,4.04,75.96,Balcad,2.36,45.39
2019-11-01,27.83,0.92,73.04,Balcad,2.36,45.39
2019-12-01,28.36,0.27,68.38,Balcad,2.36,45.39
2020-01-01,28.32,0.0,66.04,Balcad,2.36,45.39
2020-02-01,28.49,0.0,64.86,Balcad,2.36,45.39
2020-03-01,29.51,0.03,66.14,Balcad,2.36,45.39
2020-04-01,29.71,0.81,67.49,Balcad,2.36,45.39
2020-05-01,27.89,12.77,78.74,Balcad,2.36,45.39
2020-06-01,26.61,4.37,79.83,Balcad,2.36,45.39
2020-07-01,25.32,6.81,81.31,Balcad,2.36,45.39
2020-08-01,24.73,4.57,81.31,Balcad,2.36,45.39
2020-09-01,25.12,10.59,82.9,Balcad,2.36,45.39
2020-10-01,26.54,1.18,81.87,Balcad,2.36,45.39
2020-11-01,26.55,1.51,80.33,Balcad,2.36,45.39
2020-12-01,26.92,0.05,71.5,Balcad,2.36,45.39
2021-01-01,26.58,0.18,67.67,Balcad,2.36,45.39
2021-02-01,27.13,0.0,66.36,Balcad,2.36,45.39
2021-03-01,28.45,0.04,66.17,Balcad,2.36,45.39
2021-04-01,29.44,1.12,66.18,Balcad,2.36,45.39
2021-05-01,27.4,3.96,74.36,Balcad,2.36,45.39
2021-06-01,26.25,2.58,75.66,Balcad,2.36,45.39
2021-07-01,24.96,5.51,78.99,Balcad,2.36,45.39
2021-08-01,24.74,7.89,82.14,Balcad,2.36,45.39
2021-09-01,25.45,5.09,81.15,Balcad,2.36,45.39
2021-10-01,26.49,0.37,77.39,Balcad,2.36,45.39
2021-11-01,27.44,1.91,73.5,Balcad,2.36,45.39
2021-12-01,27.35,0.11,70.1,Balcad,2.36,45.39
2022-01-01,27.13,0.62,66.83,Balcad,2.36,45.39
2022-02-01,27.36,3.04,67.92,Balcad,2.36,45.39
2022-03-01,28.5,0.01,64.55,Balcad,2.36,45.39
2022-04-01,29.25,2.33,68.59,Balcad,2.36,45.39
2022-05-01,28.01,0.95,74.11,Balcad,2.36,45.39
2022-06-01,26.17,6.58,76.97,Balcad,2.36,45.39
2022-07-01,24.46,5.01,80.05,Balcad,2.36,45.39
2022-08-01,24.58,5.46,79.79,Balcad,2.36,45.39
2022-09-01,25.44,1.02,78.17,Balcad,2.36,45.39
2022-10-01,26.44,0.26,75.0,Balcad,2.36,45.39
2022-11-01,27.75,0.46,70.34,Balcad,2.36,45.39
2022-12-01,26.49,5.74,76.44,Balcad,2.36,45.39
2023-01-01,26.86,0.01,68.57,Balcad,2.36,45.39
2023-02-01,27.33,0.0,65.42,Balcad,2.36,45.39
2023-03-01,28.88,0.28,68.23,Balcad,2.36,45.39
2023-04-01,28.91,2.65,71.51,Balcad,2.36,45.39
2023-05-01,28.32,1.09,73.27,Balcad,2.36,45.39
2023-06-01,27.29,1.2,73.15,Balcad,2.36,45.39
2023-07-01,25.92,2.91,75.95,Balcad,2.36,45.39
2023-08-01,26.53,1.23,74.3,Balcad,2.36,45.39
2023-09-01,27.45,0.43,71.93,Balcad,2.36,45.39
2023-10-01,27.54,7.4,77.68,Balcad,2.36,45.39
2023-11-01,26.25,14.56,86.61,Balcad,2.36,45.39
2023-12-01,26.18,0.01,83.54,Balcad,2.36,45.39
2024-01-01,26.42,0.01,78.39,Balcad,2.36,45.39
2024-02-01,28.09,0.03,71.7,Balcad,2.36,45.39
2024-03-01,29.45,0.06,67.02,Balcad,2.36,45.39
2024-04-01,29.29,4.32,73.28,Balcad,2.36,45.39
2024-05-01,28.04,11.15,80.69,Balcad,2.36,45.39
2024-06-01,26.07,6.62,82.93,Balcad,2.36,45.39
2024-07-01,25.3,1.69,82.42,Balcad,2.36,45.39
2024-08-01,25.34,3.57,80.69,Balcad,2.36,45.39
2024-09-01,26.37,0.68,77.05,Balcad,2.36,45.39
2024-10-01,27.5,0.2,73.08,Balcad,2.36,45.39
2024-11-01,27.42,4.96,77.47,Balcad,2.36,45.39
2024-12-01,27.54,0.0,67.65,Balcad,2.36,45.39
2025-01-01,27.14,0.0,65.5,Balcad,2.36,45.39
2025-02-01,27.77,0.0,66.35,Balcad,2.36,45.39
2025-03-01,29.33,0.99,67.93,Balcad,2.36,45.39
2025-04-01,29.68,1.14,67.75,Balcad,2.36,45.39
2025-05-01,27.56,7.63,80.72,Balcad,2.36,45.39
2025-06-01,26.03,7.78,82.03,Balcad,2.36,45.39
2025-07-01,25.0,2.44,80.67,Balcad,2.36,45.39
2025-08-01,25.24,1.97,77.54,Balcad,2.36,45.39
2025-09-01,26.25,0.64,74.56,Balcad,2.36,45.39
2025-10-01,27.49,0.18,71.62,Balcad,2.36,45.39
2025-11-01,-999.0,-999.0,-999.0,Balcad,2.36,45.39
2025-12-01,-999.0,-999.0,-999.0,Balcad,2.36,45.39
2015-01-01,26.1,0.0,39.72,Belet Xaawo,3.78,41.89
2015-02-01,30.41,0.0,33.64,Belet Xaawo,3.78,41.89
2015-03-01,30.9,0.44,40.18,Belet Xaawo,3.78,41.89
2015-04-01,29.35,2.86,60.89,Belet Xaawo,3.78,41.89
2015-05-01,29.27,1.36,60.32,Belet Xaawo,3.78,41.89
2015-06-01,29.11,0.2,51.16,Belet Xaawo,3.78,41.89
2015-07-01,28.75,0.19,49.6,Belet Xaawo,3.78,41.89
2015-08-01,28.76,0.26,49.29,Belet Xaawo,3.78,41.89
2015-09-01,30.42,0.04,44.18,Belet Xaawo,3.78,41.89
2015-10-01,30.08,2.75,55.27,Belet Xaawo,3.78,41.89
2015-11-01,27.56,3.49,68.93,Belet Xaawo,3.78,41.89
2015-12-01,27.6,0.55,57.55,Belet Xaawo,3.78,41.89
2016-01-01,28.69,0.03,45.63,Belet Xaawo,3.78,41.89
2016-02-01,29.75,0.14,34.59,Belet Xaawo,3.78,41.89
2016-03-01,33.2,0.52,40.25,Belet Xaawo,3.78,41.89
2016-04-01,30.02,6.4,61.64,Belet Xaawo,3.78,41.89
2016-05-01,27.9,1.31,65.02,Belet Xaawo,3.78,41.89
2016-06-01,28.11,0.13,54.75,Belet Xaawo,3.78,41.89
2016-07-01,27.48,0.1,50.62,Belet Xaawo,3.78,41.89
2016-08-01,28.23,0.08,47.57,Belet Xaawo,3.78,41.89
2016-09-01,29.05,0.07,44.49,Belet Xaawo,3.78,41.89
2016-10-01,30.44,0.52,45.86,Belet Xaawo,3.78,41.89
2016-11-01,29.94,1.57,49.02,Belet Xaawo,3.78,41.89
2016-12-01,28.84,0.53,41.6,Belet Xaawo,3.78,41.89
2017-01-01,28.03,0.0,29.25,Belet Xaawo,3.78,41.89
2017-02-01,31.51,0.17,36.24,Belet Xaawo,3.78,41.89
2017-03-01,31.98,0.15,35.76,Belet Xaawo,3.78,41.89
2017-04-01,31.4,3.24,49.19,Belet Xaawo,3.78,41.89
2017-05-01,29.4,0.91,58.61,Belet Xaawo,3.78,41.89
2017-06-01,28.94,0.41,54.59,Belet Xaawo,3.78,41.89
2017-07-01,28.2,0.09,50.39,Belet Xaawo,3.78,41.89
2017-08-01,29.09,0.22,48.23,Belet Xaawo,3.78,41.89
2017-09-01,29.87,0.31,45.06,Belet Xaawo,3.78,41.89
2017-10-01,30.03,2.65,52.48,Belet Xaawo,3.78,41.89
2017-11-01,26.76,4.7,67.6,Belet Xaawo,3.78,41.89
2017-12-01,25.97,0.0,45.83,Belet Xaawo,3.78,41.89
2018-01-01,26.96,0.0,35.36,Belet Xaawo,3.78,41.89
2018-02-01,31.07,0.15,36.72,Belet Xaawo,3.78,41.89
2018-03-01,30.77,1.57,45.75,Belet Xaawo,3.78,41.89
2018-04-01,27.79,6.42,70.68,Belet Xaawo,3.78,41.89
2018-05-01,27.91,1.18,67.43,Belet Xaawo,3.78,41.89
2018-06-01,27.88,0.12,56.6,Belet Xaawo,3.78,41.89
2018-07-01,27.49,0.09,52.71,Belet Xaawo,3.78,41.89
2018-08-01,28.52,0.06,48.07,Belet Xaawo,3.78,41.89
2018-09-01,30.23,0.23,45.19,Belet Xaawo,3.78,41.89
2018-10-01,29.85,2.44,50.72,Belet Xaawo,3.78,41.89
2018-11-01,29.18,1.75,56.07,Belet Xaawo,3.78,41.89
2018-12-01,28.87,0.53,48.67,Belet Xaawo,3.78,41.89
2019-01-01,29.23,0.01,32.81,Belet Xaawo,3.78,41.89
2019-02-01,31.66,0.06,34.42,Belet Xaawo,3.78,41.89
2019-03-01,32.78,0.12,36.4,Belet Xaawo,3.78,41.89
2019-04-01,32.18,1.64,47.99,Belet Xaawo,3.78,41.89
2019-05-01,29.83,3.11,58.73,Belet Xaawo,3.78,41.89
2019-06-01,28.81,0.08,55.18,Belet Xaawo,3.78,41.89
2019-07-01,28.65,0.13,50.93,Belet Xaawo,3.78,41.89
2019-08-01,29.17,0.03,47.31,Belet Xaawo,3.78,41.89
2019-09-01,30.36,0.25,45.05,Belet Xaawo,3.78,41.89
2019-10-01,27.32,6.59,71.3,Belet Xaawo,3.78,41.89
2019-11-01,26.95,3.22,72.52,Belet Xaawo,3.78,41.89
2019-12-01,26.83,2.98,63.81,Belet Xaawo,3.78,41.89
2020-01-01,28.41,0.05,51.29,Belet Xaawo,3.78,41.89
2020-02-01,30.67,0.01,40.11,Belet Xaawo,3.78,41.89
2020-03-01,32.62,0.47,41.91,Belet Xaawo,3.78,41.89
2020-04-01,29.84,5.7,61.14,Belet Xaawo,3.78,41.89
2020-05-01,28.27,1.13,67.13,Belet Xaawo,3.78,41.89
2020-06-01,28.43,0.18,56.46,Belet Xaawo,3.78,41.89
2020-07-01,28.27,0.06,51.81,Belet Xaawo,3.78,41.89
2020-08-01,28.79,0.07,50.05,Belet Xaawo,3.78,41.89
2020-09-01,29.59,0.54,49.08,Belet Xaawo,3.78,41.89
2020-10-01,29.77,1.79,54.55,Belet Xaawo,3.78,41.89
2020-11-01,28.36,2.38,59.56,Belet Xaawo,3.78,41.89
2020-12-01,28.3,1.18,43.83,Belet Xaawo,3.78,41.89
2021-01-01,27.75,0.16,40.72,Belet Xaawo,3.78,41.89
2021-02-01,30.26,0.02,34.41,Belet Xaawo,3.78,41.89
2021-03-01,31.6,0.31,37.68,Belet Xaawo,3.78,41.89
2021-04-01,30.53,2.12,54.85,Belet Xaawo,3.78,41.89
2021-05-01,29.2,1.89,56.08,Belet Xaawo,3.78,41.89
2021-06-01,28.67,0.25,51.23,Belet Xaawo,3.78,41.89
2021-07-01,27.78,0.27,50.22,Belet Xaawo,3.78,41.89
2021-08-01,28.3,0.55,50.3,Belet Xaawo,3.78,41.89
2021-09-01,29.59,0.27,48.49,Belet Xaawo,3.78,41.89
2021-10-01,30.35,0.87,48.14,Belet Xaawo,3.78,41.89
2021-11-01,30.71,9.41,48.52,Belet Xaawo,3.78,41.89
2021-12-01,26.47,0.48,65.62,Belet Xaawo,3.78,41.89
2022-01-01,27.35,0.14,50.02,Belet Xaawo,3.78,41.89
2022-02-01,29.03,0.14,41.56,Belet Xaawo,3.78,41.89
2022-03-01,31.33,0.34,38.01,Belet Xaawo,3.78,41.89
2022-04-01,30.22,12.6,58.25,Belet Xaawo,3.78,41.89
2022-05-01,27.57,0.81,70.54,Belet Xaawo,3.78,41.89
2022-06-01,27.26,0.67,61.58,Belet Xaawo,3.78,41.89
2022-07-01,26.59,0.22,55.88,Belet Xaawo,3.78,41.89
2022-08-01,27.03,0.62,55.06,Belet Xaawo,3.78,41.89
2022-09-01,28.59,0.11,50.44,Belet Xaawo,3.78,41.89
2022-10-01,29.59,0.84,50.92,Belet Xaawo,3.78,41.89
2022-11-01,29.71,0.77,52.14,Belet Xaawo,3.78,41.89
2022-12-01,28.75,0.75,48.06,Belet Xaawo,3.78,41.89
2023-01-01,29.1,0.13,35.69,Belet Xaawo,3.78,41.89
2023-02-01,29.85,0.05,30.92,Belet Xaawo,3.78,41.89
2023-03-01,31.42,1.72,45.81,Belet Xaawo,3.78,41.89
2023-04-01,29.51,6.64,62.25,Belet Xaawo,3.78,41.89
2023-05-01,28.95,0.67,60.79,Belet Xaawo,3.78,41.89
2023-06-01,27.47,2.06,64.57,Belet Xaawo,3.78,41.89
2023-07-01,27.09,0.05,59.59,Belet Xaawo,3.78,41.89
2023-08-01,28.68,0.04,51.98,Belet Xaawo,3.78,41.89
2023-09-01,30.7,0.04,46.51,Belet Xaawo,3.78,41.89
2023-10-01,29.21,6.95,61.79,Belet Xaawo,3.78,41.89
2023-11-01,25.87,10.82,83.06,Belet Xaawo,3.78,41.89
2023-12-01,25.64,0.04,76.87,Belet Xaawo,3.78,41.89
2024-01-01,26.96,0.0,61.25,Belet Xaawo,3.78,41.89
2024-02-01,30.5,0.06,46.95,Belet Xaawo,3.78,41.89
2024-03-01,33.08,0.17,39.87,Belet Xaawo,3.78,41.89
2024-04-01,29.24,7.48,68.13,Belet Xaawo,3.78,41.89
2024-05-01,28.16,2.79,70.87,Belet Xaawo,3.78,41.89
2024-06-01,28.33,0.18,58.49,Belet Xaawo,3.78,41.89
2024-07-01,28.85,0.02,52.47,Belet Xaawo,3.78,41.89
2024-08-01,29.01,0.3,50.13,Belet Xaawo,3.78,41.89
2024-09-01,30.45,0.04,45.91,Belet Xaawo,3.78,41.89
2024-10-01,31.31,0.7,46.03,Belet Xaawo,3.78,41.89
2024-11-01,29.57,1.51,57.83,Belet Xaawo,3.78,41.89
2024-12-01,28.63,0.0,40.07,Belet Xaawo,3.78,41.89
2025-01-01,28.94,0.0,31.49,Belet Xaawo,3.78,41.89
2025-02-01,31.14,0.0,31.64,Belet Xaawo,3.78,41.89
2025-03-01,32.73,1.1,42.48,Belet Xaawo,3.78,41.89
2025-04-01,30.67,2.38,55.82,Belet Xaawo,3.78,41.89
2025-05-01,29.61,2.38,60.17,Belet Xaawo,3.78,41.89
2025-06-01,29.07,0.21,54.0,Belet Xaawo,3.78,41.89
2025-07-01,28.37,0.04,50.82,Belet Xaawo,3.78,41.89
2025-08-01,28.7,0.02,48.36,Belet Xaawo,3.78,41.89
2025-09-01,29.86,0.27,45.0,Belet Xaawo,3.78,41.89
2025-10-01,30.51,1.0,47.15,Belet Xaawo,3.78,41.89
2025-11-01,-999.0,-999.0,-999.0,Belet Xaawo,3.78,41.89
2025-12-01,-999.0,-999.0,-999.0,Belet Xaawo,3.78,41.89
2015-01-01,25.36,0.02,51.81,Beletweyne,4.74,45.2
2015-02-01,28.21,0.03,47.16,Beletweyne,4.74,45.2
2015-03-01,29.26,0.93,49.96,Beletweyne,4.74,45.2
2015-04-01,29.37,3.45,62.09,Beletweyne,4.74,45.2
2015-05-01,28.39,2.26,67.11,Beletweyne,4.74,45.2
2015-06-01,27.98,0.52,60.63,Beletweyne,4.74,45.2
2015-07-01,27.62,0.22,56.98,Beletweyne,4.74,45.2
2015-08-01,27.71,0.57,57.77,Beletweyne,4.74,45.2
2015-09-01,29.29,0.63,54.17,Beletweyne,4.74,45.2
2015-10-01,28.24,6.25,67.94,Beletweyne,4.74,45.2
2015-11-01,25.55,8.28,80.22,Beletweyne,4.74,45.2
2015-12-01,25.1,1.13,72.13,Beletweyne,4.74,45.2
2016-01-01,26.41,0.19,59.56,Beletweyne,4.74,45.2
2016-02-01,27.77,0.08,49.83,Beletweyne,4.74,45.2
2016-03-01,31.33,0.15,47.82,Beletweyne,4.74,45.2
2016-04-01,30.16,4.03,58.54,Beletweyne,4.74,45.2
2016-05-01,27.98,1.92,66.58,Beletweyne,4.74,45.2
2016-06-01,27.57,0.1,59.4,Beletweyne,4.74,45.2
2016-07-01,26.93,0.08,55.16,Beletweyne,4.74,45.2
2016-08-01,27.6,0.05,53.77,Beletweyne,4.74,45.2
2016-09-01,28.45,0.03,51.1,Beletweyne,4.74,45.2
2016-10-01,29.27,0.28,52.65,Beletweyne,4.74,45.2
2016-11-01,29.58,0.59,50.24,Beletweyne,4.74,45.2
2016-12-01,28.06,0.14,48.08,Beletweyne,4.74,45.2
2017-01-01,27.05,0.0,43.56,Beletweyne,4.74,45.2
2017-02-01,29.41,0.04,47.27,Beletweyne,4.74,45.2
2017-03-01,30.24,0.1,45.94,Beletweyne,4.74,45.2
2017-04-01,31.46,0.86,48.33,Beletweyne,4.74,45.2
2017-05-01,29.78,0.81,56.9,Beletweyne,4.74,45.2
2017-06-01,29.08,0.11,54.41,Beletweyne,4.74,45.2
2017-07-01,27.82,0.04,54.37,Beletweyne,4.74,45.2
2017-08-01,28.43,0.1,53.51,Beletweyne,4.74,45.2
2017-09-01,29.31,0.22,51.36,Beletweyne,4.74,45.2
2017-10-01,29.65,1.25,54.42,Beletweyne,4.74,45.2
2017-11-01,26.53,4.61,67.06,Beletweyne,4.74,45.2
2017-12-01,25.45,0.0,53.37,Beletweyne,4.74,45.2
2018-01-01,26.01,0.0,47.64,Beletweyne,4.74,45.2
2018-02-01,29.12,0.02,47.29,Beletweyne,4.74,45.2
2018-03-01,30.4,0.26,46.37,Beletweyne,4.74,45.2
2018-04-01,28.48,5.29,66.33,Beletweyne,4.74,45.2
2018-05-01,27.64,1.8,69.62,Beletweyne,4.74,45.2
2018-06-01,27.75,0.24,58.7,Beletweyne,4.74,45.2
2018-07-01,27.3,0.12,54.82,Beletweyne,4.74,45.2
2018-08-01,27.53,0.41,55.4,Beletweyne,4.74,45.2
2018-09-01,29.41,1.3,52.01,Beletweyne,4.74,45.2
2018-10-01,28.96,1.19,56.99,Beletweyne,4.74,45.2
2018-11-01,29.41,0.67,53.25,Beletweyne,4.74,45.2
2018-12-01,28.35,0.69,50.73,Beletweyne,4.74,45.2
2019-01-01,27.6,0.04,45.54,Beletweyne,4.74,45.2
2019-02-01,29.31,0.04,46.96,Beletweyne,4.74,45.2
2019-03-01,30.81,0.01,46.17,Beletweyne,4.74,45.2
2019-04-01,31.31,1.45,51.42,Beletweyne,4.74,45.2
2019-05-01,29.72,1.99,60.43,Beletweyne,4.74,45.2
2019-06-01,28.06,1.34,61.21,Beletweyne,4.74,45.2
2019-07-01,27.67,0.19,57.64,Beletweyne,4.74,45.2
2019-08-01,28.7,0.1,52.76,Beletweyne,4.74,45.2
2019-09-01,29.64,0.39,51.67,Beletweyne,4.74,45.2
2019-10-01,27.13,6.63,72.79,Beletweyne,4.74,45.2
2019-11-01,26.4,3.69,73.56,Beletweyne,4.74,45.2
2019-12-01,26.9,1.57,61.82,Beletweyne,4.74,45.2
2020-01-01,28.13,0.08,52.73,Beletweyne,4.74,45.2
2020-02-01,29.11,0.02,47.28,Beletweyne,4.74,45.2
2020-03-01,30.68,0.44,50.51,Beletweyne,4.74,45.2
2020-04-01,29.86,5.06,60.11,Beletweyne,4.74,45.2
2020-05-01,27.75,2.37,73.27,Beletweyne,4.74,45.2
2020-06-01,27.6,0.4,64.07,Beletweyne,4.74,45.2
2020-07-01,26.78,1.12,62.83,Beletweyne,4.74,45.2
2020-08-01,27.1,0.52,60.95,Beletweyne,4.74,45.2
2020-09-01,27.61,2.24,61.54,Beletweyne,4.74,45.2
2020-10-01,28.1,3.54,66.4,Beletweyne,4.74,45.2
2020-11-01,26.67,2.82,69.03,Beletweyne,4.74,45.2
2020-12-01,26.75,0.47,54.82,Beletweyne,4.74,45.2
2021-01-01,26.24,1.12,51.08,Beletweyne,4.74,45.2
2021-02-01,27.99,0.07,48.51,Beletweyne,4.74,45.2
2021-03-01,29.82,0.15,47.22,Beletweyne,4.74,45.2
2021-04-01,30.65,1.96,52.97,Beletweyne,4.74,45.2
2021-05-01,27.66,6.58,66.87,Beletweyne,4.74,45.2
2021-06-01,26.2,0.85,67.91,Beletweyne,4.74,45.2
2021-07-01,25.48,1.42,65.51,Beletweyne,4.74,45.2
2021-08-01,26.49,1.52,64.23,Beletweyne,4.74,45.2
2021-09-01,27.65,0.59,61.08,Beletweyne,4.74,45.2
2021-10-01,29.21,0.44,56.29,Beletweyne,4.74,45.2
2021-11-01,29.38,4.02,54.23,Beletweyne,4.74,45.2
2021-12-01,26.65,0.3,58.41,Beletweyne,4.74,45.2
2022-01-01,26.72,1.96,53.75,Beletweyne,4.74,45.2
2022-02-01,26.33,2.05,58.88,Beletweyne,4.74,45.2
2022-03-01,28.63,0.29,51.3,Beletweyne,4.74,45.2
2022-04-01,30.06,3.89,58.15,Beletweyne,4.74,45.2
2022-05-01,28.32,0.74,65.82,Beletweyne,4.74,45.2
2022-06-01,27.15,0.89,62.4,Beletweyne,4.74,45.2
2022-07-01,26.04,0.7,62.02,Beletweyne,4.74,45.2
2022-08-01,26.6,0.88,59.87,Beletweyne,4.74,45.2
2022-09-01,27.98,0.25,56.53,Beletweyne,4.74,45.2
2022-10-01,28.85,0.69,56.48,Beletweyne,4.74,45.2
2022-11-01,29.09,1.13,55.4,Beletweyne,4.74,45.2
2022-12-01,27.41,0.86,56.68,Beletweyne,4.74,45.2
2023-01-01,27.65,0.04,47.92,Beletweyne,4.74,45.2
2023-02-01,28.22,0.02,45.13,Beletweyne,4.74,45.2
2023-03-01,29.94,2.04,53.72,Beletweyne,4.74,45.2
2023-04-01,29.77,2.8,59.8,Beletweyne,4.74,45.2
2023-05-01,28.96,1.69,62.61,Beletweyne,4.74,45.2
2023-06-01,27.92,1.11,62.83,Beletweyne,4.74,45.2
2023-07-01,27.13,0.28,60.72,Beletweyne,4.74,45.2
2023-08-01,28.48,0.2,55.62,Beletweyne,4.74,45.2
2023-09-01,30.12,0.08,51.14,Beletweyne,4.74,45.2
2023-10-01,27.85,12.22,70.82,Beletweyne,4.74,45.2
2023-11-01,25.24,15.2,85.79,Beletweyne,4.74,45.2
2023-12-01,24.59,0.04,81.06,Beletweyne,4.74,45.2
2024-01-01,25.22,0.08,72.37,Beletweyne,4.74,45.2
2024-02-01,28.1,0.15,59.2,Beletweyne,4.74,45.2
2024-03-01,30.7,0.05,51.97,Beletweyne,4.74,45.2
2024-04-01,29.87,4.89,63.95,Beletweyne,4.74,45.2
2024-05-01,27.66,8.43,75.71,Beletweyne,4.74,45.2
2024-06-01,25.93,1.19,76.67,Beletweyne,4.74,45.2
2024-07-01,26.8,0.22,66.58,Beletweyne,4.74,45.2
2024-08-01,27.21,0.6,61.97,Beletweyne,4.74,45.2
2024-09-01,29.13,0.06,55.56,Beletweyne,4.74,45.2
2024-10-01,30.12,0.8,53.95,Beletweyne,4.74,45.2
2024-11-01,27.19,5.67,70.76,Beletweyne,4.74,45.2
2024-12-01,26.44,0.02,55.65,Beletweyne,4.74,45.2
2025-01-01,26.95,0.01,47.07,Beletweyne,4.74,45.2
2025-02-01,28.86,0.0,46.62,Beletweyne,4.74,45.2
2025-03-01,30.89,0.87,50.08,Beletweyne,4.74,45.2
2025-04-01,30.26,3.05,58.33,Beletweyne,4.74,45.2
2025-05-01,27.73,4.95,73.17,Beletweyne,4.74,45.2
2025-06-01,27.33,1.62,66.36,Beletweyne,4.74,45.2
2025-07-01,26.69,0.37,61.83,Beletweyne,4.74,45.2
2025-08-01,27.25,0.35,57.75,Beletweyne,4.74,45.2
2025-09-01,29.13,0.19,52.19,Beletweyne,4.74,45.2
2025-10-01,29.01,1.57,56.79,Beletweyne,4.74,45.2
2025-11-01,-999.0,-999.0,-999.0,Beletweyne,4.74,45.2
2025-12-01,-999.0,-999.0,-999.0,Beletweyne,4.74,45.2
2015-01-01,23.67,0.04,70.46,Berbera,10.44,45.01
2015-02-01,24.59,0.0,72.69,Berbera,10.44,45.01
2015-03-01,26.52,0.33,70.38,Berbera,10.44,45.01
2015-04-01,28.19,0.06,67.21,Berbera,10.44,45.01
2015-05-01,30.96,0.75,64.24,Berbera,10.44,45.01
2015-06-01,32.65,0.59,52.5,Berbera,10.44,45.01
2015-07-01,33.16,0.05,45.97,Berbera,10.44,45.01
2015-08-01,33.0,0.16,47.71,Berbera,10.44,45.01
2015-09-01,32.57,0.05,53.7,Berbera,10.44,45.01
2015-10-01,29.39,0.72,65.15,Berbera,10.44,45.01
2015-11-01,27.22,2.08,71.84,Berbera,10.44,45.01
2015-12-01,25.0,0.95,74.15,Berbera,10.44,45.01
2016-01-01,24.69,0.26,75.49,Berbera,10.44,45.01
2016-02-01,24.45,0.13,72.05,Berbera,10.44,45.01
2016-03-01,27.2,0.13,72.79,Berbera,10.44,45.01
2016-04-01,29.1,3.02,71.22,Berbera,10.44,45.01
2016-05-01,31.31,1.32,61.74,Berbera,10.44,45.01
2016-06-01,32.99,0.03,50.32,Berbera,10.44,45.01
2016-07-01,32.19,0.14,49.16,Berbera,10.44,45.01
2016-08-01,32.16,0.23,49.31,Berbera,10.44,45.01
2016-09-01,32.88,0.08,48.72,Berbera,10.44,45.01
2016-10-01,29.37,0.94,59.26,Berbera,10.44,45.01
2016-11-01,26.47,0.09,68.53,Berbera,10.44,45.01
2016-12-01,24.92,0.13,73.06,Berbera,10.44,45.01
2017-01-01,24.11,0.0,70.64,Berbera,10.44,45.01
2017-02-01,25.03,0.11,73.56,Berbera,10.44,45.01
2017-03-01,26.77,0.34,72.38,Berbera,10.44,45.01
2017-04-01,28.88,0.17,66.96,Berbera,10.44,45.01
2017-05-01,31.38,1.31,62.47,Berbera,10.44,45.01
2017-06-01,33.42,0.0,48.43,Berbera,10.44,45.01
2017-07-01,32.87,0.03,46.63,Berbera,10.44,45.01
2017-08-01,33.13,0.07,47.34,Berbera,10.44,45.01
2017-09-01,32.16,0.3,56.44,Berbera,10.44,45.01
2017-10-01,29.66,0.08,61.68,Berbera,10.44,45.01
2017-11-01,26.52,0.23,69.58,Berbera,10.44,45.01
2017-12-01,23.89,0.02,68.33,Berbera,10.44,45.01
2018-01-01,22.96,0.03,70.05,Berbera,10.44,45.01
2018-02-01,24.43,0.18,72.31,Berbera,10.44,45.01
2018-03-01,25.93,0.03,68.71,Berbera,10.44,45.01
2018-04-01,28.95,1.66,70.47,Berbera,10.44,45.01
2018-05-01,30.94,0.02,60.93,Berbera,10.44,45.01
2018-06-01,32.71,0.01,49.23,Berbera,10.44,45.01
2018-07-01,32.36,0.28,46.98,Berbera,10.44,45.01
2018-08-01,32.57,0.05,47.63,Berbera,10.44,45.01
2018-09-01,31.47,0.05,56.15,Berbera,10.44,45.01
2018-10-01,28.98,0.85,64.31,Berbera,10.44,45.01
2018-11-01,26.58,0.35,72.41,Berbera,10.44,45.01
2018-12-01,24.91,0.02,72.18,Berbera,10.44,45.01
2019-01-01,24.11,0.01,73.56,Berbera,10.44,45.01
2019-02-01,25.34,0.01,74.71,Berbera,10.44,45.01
2019-03-01,27.12,0.09,70.38,Berbera,10.44,45.01
2019-04-01,28.9,0.09,69.8,Berbera,10.44,45.01
2019-05-01,31.36,0.04,60.69,Berbera,10.44,45.01
2019-06-01,32.58,1.1,53.82,Berbera,10.44,45.01
2019-07-01,33.04,0.0,48.55,Berbera,10.44,45.01
2019-08-01,32.84,0.17,49.3,Berbera,10.44,45.01
2019-09-01,32.59,4.36,53.97,Berbera,10.44,45.01
2019-10-01,27.83,6.52,72.74,Berbera,10.44,45.01
2019-11-01,27.04,0.56,73.74,Berbera,10.44,45.01
2019-12-01,25.17,2.26,75.94,Berbera,10.44,45.01
2020-01-01,24.35,0.11,75.62,Berbera,10.44,45.01
2020-02-01,24.65,0.06,74.61,Berbera,10.44,45.01
2020-03-01,26.48,1.49,76.62,Berbera,10.44,45.01
2020-04-01,28.44,4.08,76.36,Berbera,10.44,45.01
2020-05-01,31.12,0.73,65.38,Berbera,10.44,45.01
2020-06-01,32.51,0.06,53.89,Berbera,10.44,45.01
2020-07-01,32.13,0.25,51.77,Berbera,10.44,45.01
2020-08-01,32.19,0.06,53.01,Berbera,10.44,45.01
2020-09-01,32.29,0.58,55.14,Berbera,10.44,45.01
2020-10-01,29.41,0.08,57.04,Berbera,10.44,45.01
2020-11-01,26.16,0.6,70.78,Berbera,10.44,45.01
2020-12-01,24.97,0.17,72.75,Berbera,10.44,45.01
2021-01-01,23.6,0.11,72.07,Berbera,10.44,45.01
2021-02-01,23.86,0.29,72.07,Berbera,10.44,45.01
2021-03-01,26.23,0.02,68.57,Berbera,10.44,45.01
2021-04-01,28.28,1.89,67.25,Berbera,10.44,45.01
2021-05-01,30.64,2.34,62.34,Berbera,10.44,45.01
2021-06-01,32.18,0.03,52.81,Berbera,10.44,45.01
2021-07-01,31.08,0.7,52.08,Berbera,10.44,45.01
2021-08-01,32.04,0.12,51.01,Berbera,10.44,45.01
2021-09-01,32.5,0.33,52.74,Berbera,10.44,45.01
2021-10-01,30.03,0.43,61.37,Berbera,10.44,45.01
2021-11-01,27.24,1.04,63.94,Berbera,10.44,45.01
2021-12-01,25.05,0.94,72.78,Berbera,10.44,45.01
2022-01-01,24.64,0.53,73.84,Berbera,10.44,45.01
2022-02-01,24.87,0.4,72.3,Berbera,10.44,45.01
2022-03-01,26.25,0.26,70.77,Berbera,10.44,45.01
2022-04-01,29.37,1.68,65.71,Berbera,10.44,45.01
2022-05-01,31.88,0.02,55.3,Berbera,10.44,45.01
2022-06-01,33.06,0.07,49.07,Berbera,10.44,45.01
2022-07-01,31.14,0.62,51.26,Berbera,10.44,45.01
2022-08-01,31.56,0.27,52.11,Berbera,10.44,45.01
2022-09-01,32.71,0.11,52.43,Berbera,10.44,45.01
2022-10-01,29.67,0.25,62.93,Berbera,10.44,45.01
2022-11-01,26.77,0.2,70.57,Berbera,10.44,45.01
2022-12-01,25.45,0.21,72.57,Berbera,10.44,45.01
2023-01-01,24.77,0.01,73.22,Berbera,10.44,45.01
2023-02-01,24.97,0.19,71.37,Berbera,10.44,45.01
2023-03-01,27.27,1.26,74.08,Berbera,10.44,45.01
2023-04-01,29.28,2.95,69.9,Berbera,10.44,45.01
2023-05-01,30.91,2.38,66.56,Berbera,10.44,45.01
2023-06-01,32.43,2.92,57.67,Berbera,10.44,45.01
2023-07-01,32.7,0.04,49.89,Berbera,10.44,45.01
2023-08-01,33.21,0.74,48.19,Berbera,10.44,45.01
2023-09-01,33.59,0.13,51.73,Berbera,10.44,45.01
2023-10-01,29.92,3.35,67.77,Berbera,10.44,45.01
2023-11-01,27.42,1.32,75.44,Berbera,10.44,45.01
2023-12-01,25.45,0.02,74.09,Berbera,10.44,45.01
2024-01-01,25.05,0.07,73.95,Berbera,10.44,45.01
2024-02-01,26.08,0.1,74.44,Berbera,10.44,45.01
2024-03-01,28.15,0.25,72.22,Berbera,10.44,45.01
2024-04-01,29.92,2.1,71.68,Berbera,10.44,45.01
2024-05-01,32.01,0.29,64.04,Berbera,10.44,45.01
2024-06-01,33.77,0.09,49.54,Berbera,10.44,45.01
2024-07-01,33.01,0.44,50.78,Berbera,10.44,45.01
2024-08-01,31.79,0.41,55.7,Berbera,10.44,45.01
2024-09-01,32.8,0.3,52.14,Berbera,10.44,45.01
2024-10-01,30.63,1.65,63.36,Berbera,10.44,45.01
2024-11-01,27.26,0.35,70.28,Berbera,10.44,45.01
2024-12-01,24.87,0.06,69.74,Berbera,10.44,45.01
2025-01-01,23.78,0.11,72.63,Berbera,10.44,45.01
2025-02-01,24.76,0.44,75.44,Berbera,10.44,45.01
2025-03-01,26.8,0.44,73.04,Berbera,10.44,45.01
2025-04-01,28.86,0.19,66.48,Berbera,10.44,45.01
2025-05-01,31.85,0.37,57.56,Berbera,10.44,45.01
2025-06-01,33.22,0.02,47.93,Berbera,10.44,45.01
2025-07-01,32.74,0.08,47.11,Berbera,10.44,45.01
2025-08-01,31.84,0.74,52.28,Berbera,10.44,45.01
2025-09-01,32.3,1.3,53.79,Berbera,10.44,45.01
2025-10-01,29.87,0.24,58.56,Berbera,10.44,45.01
2025-11-01,-999.0,-999.0,-999.0,Berbera,10.44,45.01
2025-12-01,-999.0,-999.0,-999.0,Berbera,10.44,45.01
2015-01-01,17.23,0.04,58.82,Borama,9.94,43.18
2015-02-01,20.7,0.0,51.45,Borama,9.94,43.18
2015-03-01,22.65,0.6,52.05,Borama,9.94,43.18
2015-04-01,23.91,0.14,48.92,Borama,9.94,43.18
2015-05-01,25.19,1.29,55.28,Borama,9.94,43.18
2015-06-01,25.95,1.51,48.48,Borama,9.94,43.18
2015-07-01,26.2,0.28,46.35,Borama,9.94,43.18
2015-08-01,25.1,1.74,51.44,Borama,9.94,43.18
2015-09-01,26.37,0.21,43.83,Borama,9.94,43.18
2015-10-01,23.35,0.18,55.12,Borama,9.94,43.18
2015-11-01,20.4,1.19,64.84,Borama,9.94,43.18
2015-12-01,18.82,0.62,66.17,Borama,9.94,43.18
2016-01-01,19.56,0.45,65.77,Borama,9.94,43.18
2016-02-01,19.53,0.11,56.59,Borama,9.94,43.18
2016-03-01,25.3,0.28,51.27,Borama,9.94,43.18
2016-04-01,24.04,4.4,65.55,Borama,9.94,43.18
2016-05-01,24.64,1.98,60.84,Borama,9.94,43.18
2016-06-01,25.67,0.14,49.48,Borama,9.94,43.18
2016-07-01,24.51,2.37,53.39,Borama,9.94,43.18
2016-08-01,23.62,2.9,55.43,Borama,9.94,43.18
2016-09-01,25.1,0.94,48.38,Borama,9.94,43.18
2016-10-01,22.6,0.15,46.35,Borama,9.94,43.18
2016-11-01,20.2,0.09,56.41,Borama,9.94,43.18
2016-12-01,18.49,0.12,57.45,Borama,9.94,43.18
2017-01-01,17.71,0.01,48.26,Borama,9.94,43.18
2017-02-01,20.58,0.18,63.57,Borama,9.94,43.18
2017-03-01,23.44,0.94,52.47,Borama,9.94,43.18
2017-04-01,24.57,0.4,52.31,Borama,9.94,43.18
2017-05-01,25.17,3.17,58.13,Borama,9.94,43.18
2017-06-01,26.16,0.3,47.47,Borama,9.94,43.18
2017-07-01,25.74,0.83,47.81,Borama,9.94,43.18
2017-08-01,25.5,1.21,49.24,Borama,9.94,43.18
2017-09-01,25.34,1.26,51.42,Borama,9.94,43.18
2017-10-01,23.21,0.15,50.64,Borama,9.94,43.18
2017-11-01,19.96,0.04,60.05,Borama,9.94,43.18
2017-12-01,16.53,0.01,56.93,Borama,9.94,43.18
2018-01-01,17.47,0.01,53.21,Borama,9.94,43.18
2018-02-01,20.83,0.37,55.17,Borama,9.94,43.18
2018-03-01,22.2,0.1,49.51,Borama,9.94,43.18
2018-04-01,23.51,3.23,64.84,Borama,9.94,43.18
2018-05-01,25.05,0.18,55.14,Borama,9.94,43.18
2018-06-01,26.04,0.15,47.72,Borama,9.94,43.18
2018-07-01,25.05,0.61,48.93,Borama,9.94,43.18
2018-08-01,24.94,1.08,50.39,Borama,9.94,43.18
2018-09-01,25.22,0.34,45.87,Borama,9.94,43.18
2018-10-01,22.97,0.67,55.01,Borama,9.94,43.18
2018-11-01,20.89,0.38,61.22,Borama,9.94,43.18
2018-12-01,18.66,0.0,61.91,Borama,9.94,43.18
2019-01-01,18.67,0.0,55.07,Borama,9.94,43.18
2019-02-01,21.85,0.04,57.27,Borama,9.94,43.18
2019-03-01,24.21,0.23,53.35,Borama,9.94,43.18
2019-04-01,25.79,0.37,52.1,Borama,9.94,43.18
2019-05-01,26.15,0.12,49.68,Borama,9.94,43.18
2019-06-01,25.25,4.34,55.52,Borama,9.94,43.18
2019-07-01,25.6,0.24,50.48,Borama,9.94,43.18
2019-08-01,25.08,2.4,51.75,Borama,9.94,43.18
2019-09-01,24.41,6.84,59.03,Borama,9.94,43.18
2019-10-01,19.67,7.33,74.68,Borama,9.94,43.18
2019-11-01,19.67,1.07,74.87,Borama,9.94,43.18
2019-12-01,18.5,0.92,69.62,Borama,9.94,43.18
2020-01-01,18.69,0.17,69.96,Borama,9.94,43.18
2020-02-01,20.67,0.1,59.09,Borama,9.94,43.18
2020-03-01,23.36,1.86,59.15,Borama,9.94,43.18
2020-04-01,23.21,7.57,71.19,Borama,9.94,43.18
2020-05-01,24.04,0.84,66.77,Borama,9.94,43.18
2020-06-01,25.27,0.42,54.18,Borama,9.94,43.18
2020-07-01,24.05,1.75,55.45,Borama,9.94,43.18
2020-08-01,24.04,1.24,57.65,Borama,9.94,43.18
2020-09-01,23.43,6.06,63.8,Borama,9.94,43.18
2020-10-01,21.94,0.07,49.78,Borama,9.94,43.18
2020-11-01,19.21,1.39,62.67,Borama,9.94,43.18
2020-12-01,18.15,0.27,66.17,Borama,9.94,43.18
2021-01-01,17.53,0.26,58.18,Borama,9.94,43.18
2021-02-01,19.63,0.31,50.47,Borama,9.94,43.18
2021-03-01,21.79,0.0,50.6,Borama,9.94,43.18
2021-04-01,23.66,3.39,52.83,Borama,9.94,43.18
2021-05-01,23.68,2.64,61.98,Borama,9.94,43.18
2021-06-01,25.19,0.27,52.81,Borama,9.94,43.18
2021-07-01,22.86,3.68,59.76,Borama,9.94,43.18
2021-08-01,23.86,2.57,57.57,Borama,9.94,43.18
2021-09-01,23.97,3.56,59.99,Borama,9.94,43.18
2021-10-01,22.66,0.19,54.03,Borama,9.94,43.18
2021-11-01,20.26,0.35,51.74,Borama,9.94,43.18
2021-12-01,19.14,1.05,63.34,Borama,9.94,43.18
2022-01-01,19.21,0.4,61.91,Borama,9.94,43.18
2022-02-01,19.98,0.21,57.63,Borama,9.94,43.18
2022-03-01,21.93,0.69,54.29,Borama,9.94,43.18
2022-04-01,24.73,1.61,53.65,Borama,9.94,43.18
2022-05-01,25.93,0.02,44.34,Borama,9.94,43.18
2022-06-01,26.13,0.62,46.4,Borama,9.94,43.18
2022-07-01,23.18,3.74,56.87,Borama,9.94,43.18
2022-08-01,22.37,5.18,65.06,Borama,9.94,43.18
2022-09-01,24.38,0.6,56.03,Borama,9.94,43.18
2022-10-01,22.61,0.52,54.58,Borama,9.94,43.18
2022-11-01,20.38,0.25,59.18,Borama,9.94,43.18
2022-12-01,19.25,0.25,62.72,Borama,9.94,43.18
2023-01-01,18.84,0.04,64.51,Borama,9.94,43.18
2023-02-01,20.23,0.26,52.59,Borama,9.94,43.18
2023-03-01,22.33,4.35,68.58,Borama,9.94,43.18
2023-04-01,22.88,5.64,71.61,Borama,9.94,43.18
2023-05-01,22.81,4.55,75.34,Borama,9.94,43.18
2023-06-01,24.1,2.22,65.08,Borama,9.94,43.18
2023-07-01,24.54,0.56,56.64,Borama,9.94,43.18
2023-08-01,25.39,0.98,50.92,Borama,9.94,43.18
2023-09-01,26.64,0.7,47.86,Borama,9.94,43.18
2023-10-01,23.42,3.07,59.52,Borama,9.94,43.18
2023-11-01,20.07,1.97,73.94,Borama,9.94,43.18
2023-12-01,18.8,0.0,67.86,Borama,9.94,43.18
2024-01-01,19.76,0.06,62.66,Borama,9.94,43.18
2024-02-01,22.58,0.21,58.58,Borama,9.94,43.18
2024-03-01,24.57,0.73,58.34,Borama,9.94,43.18
2024-04-01,23.81,6.7,72.09,Borama,9.94,43.18
2024-05-01,25.65,0.64,61.28,Borama,9.94,43.18
2024-06-01,26.52,0.56,48.28,Borama,9.94,43.18
2024-07-01,25.34,3.61,55.1,Borama,9.94,43.18
2024-08-01,23.68,4.13,62.38,Borama,9.94,43.18
2024-09-01,24.55,1.35,56.84,Borama,9.94,43.18
2024-10-01,23.62,1.13,59.12,Borama,9.94,43.18
2024-11-01,20.23,0.39,61.13,Borama,9.94,43.18
2024-12-01,17.92,0.03,58.48,Borama,9.94,43.18
2025-01-01,17.98,0.0,58.64,Borama,9.94,43.18
2025-02-01,20.88,0.19,57.9,Borama,9.94,43.18
2025-03-01,23.18,0.92,57.72,Borama,9.94,43.18
2025-04-01,24.66,0.12,49.75,Borama,9.94,43.18
2025-05-01,25.82,2.21,50.39,Borama,9.94,43.18
2025-06-01,27.0,0.44,42.44,Borama,9.94,43.18
2025-07-01,26.27,0.99,46.48,Borama,9.94,43.18
2025-08-01,23.91,4.55,58.03,Borama,9.94,43.18
2025-09-01,24.22,11.53,59.23,Borama,9.94,43.18
2025-10-01,21.49,0.09,57.29,Borama,9.94,43.18
2025-11-01,-999.0,-999.0,-999.0,Borama,9.94,43.18
2025-12-01,-999.0,-999.0,-999.0,Borama,9.94,43.18
2015-01-01,23.08,0.0,72.51,Bossaso,11.26,49.18
2015-02-01,23.99,0.0,70.99,Bossaso,11.26,49.18
2015-03-01,25.82,0.0,70.49,Bossaso,11.26,49.18
2015-04-01,27.5,0.0,69.77,Bossaso,11.26,49.18
2015-05-01,29.8,0.83,70.17,Bossaso,11.26,49.18
2015-06-01,31.2,0.97,63.39,Bossaso,11.26,49.18
2015-07-01,32.11,0.53,57.79,Bossaso,11.26,49.18
2015-08-01,31.99,0.83,58.74,Bossaso,11.26,49.18
2015-09-01,31.14,0.09,62.67,Bossaso,11.26,49.18
2015-10-01,27.69,0.27,71.45,Bossaso,11.26,49.18
2015-11-01,26.3,1.08,74.42,Bossaso,11.26,49.18
2015-12-01,24.42,0.33,74.97,Bossaso,11.26,49.18
2016-01-01,23.94,0.08,73.52,Bossaso,11.26,49.18
2016-02-01,23.68,0.02,71.89,Bossaso,11.26,49.18
2016-03-01,26.71,0.01,72.94,Bossaso,11.26,49.18
2016-04-01,28.63,0.87,71.98,Bossaso,11.26,49.18
2016-05-01,30.53,0.54,66.97,Bossaso,11.26,49.18
2016-06-01,31.92,0.21,59.79,Bossaso,11.26,49.18
2016-07-01,31.37,0.73,57.67,Bossaso,11.26,49.18
2016-08-01,30.96,0.9,60.1,Bossaso,11.26,49.18
2016-09-01,31.35,0.18,59.56,Bossaso,11.26,49.18
2016-10-01,27.62,0.11,63.22,Bossaso,11.26,49.18
2016-11-01,25.39,0.02,71.93,Bossaso,11.26,49.18
2016-12-01,24.23,0.1,75.33,Bossaso,11.26,49.18
2017-01-01,23.44,0.0,72.67,Bossaso,11.26,49.18
2017-02-01,24.25,0.0,72.84,Bossaso,11.26,49.18
2017-03-01,26.15,0.01,70.11,Bossaso,11.26,49.18
2017-04-01,28.07,0.09,69.12,Bossaso,11.26,49.18
2017-05-01,30.16,0.32,69.09,Bossaso,11.26,49.18
2017-06-01,32.42,0.0,59.72,Bossaso,11.26,49.18
2017-07-01,31.9,0.01,56.88,Bossaso,11.26,49.18
2017-08-01,32.28,0.02,57.39,Bossaso,11.26,49.18
2017-09-01,31.01,0.02,64.56,Bossaso,11.26,49.18
2017-10-01,28.18,0.0,64.72,Bossaso,11.26,49.18
2017-11-01,25.65,0.0,71.17,Bossaso,11.26,49.18
2017-12-01,23.22,0.0,70.94,Bossaso,11.26,49.18
2018-01-01,22.36,0.0,71.0,Bossaso,11.26,49.18
2018-02-01,23.58,0.0,71.63,Bossaso,11.26,49.18
2018-03-01,25.23,0.0,69.5,Bossaso,11.26,49.18
2018-04-01,28.6,0.03,71.31,Bossaso,11.26,49.18
2018-05-01,30.21,0.01,64.48,Bossaso,11.26,49.18
2018-06-01,31.55,0.05,61.41,Bossaso,11.26,49.18
2018-07-01,31.52,0.01,56.26,Bossaso,11.26,49.18
2018-08-01,31.23,0.03,58.28,Bossaso,11.26,49.18
2018-09-01,29.69,0.0,65.5,Bossaso,11.26,49.18
2018-10-01,27.38,0.0,68.65,Bossaso,11.26,49.18
2018-11-01,25.54,0.0,75.61,Bossaso,11.26,49.18
2018-12-01,24.12,0.0,74.43,Bossaso,11.26,49.18
2019-01-01,23.66,0.0,72.39,Bossaso,11.26,49.18
2019-02-01,24.71,0.0,73.69,Bossaso,11.26,49.18
2019-03-01,26.62,0.0,70.81,Bossaso,11.26,49.18
2019-04-01,28.33,0.0,69.28,Bossaso,11.26,49.18
2019-05-01,29.97,0.0,66.87,Bossaso,11.26,49.18
2019-06-01,31.52,0.39,63.55,Bossaso,11.26,49.18
2019-07-01,32.19,0.0,58.03,Bossaso,11.26,49.18
2019-08-01,31.57,0.01,59.46,Bossaso,11.26,49.18
2019-09-01,31.6,0.01,62.57,Bossaso,11.26,49.18
2019-10-01,27.74,0.01,68.32,Bossaso,11.26,49.18
2019-11-01,26.51,0.0,72.97,Bossaso,11.26,49.18
2019-12-01,24.87,0.01,76.42,Bossaso,11.26,49.18
2020-01-01,23.99,0.0,73.35,Bossaso,11.26,49.18
2020-02-01,23.88,0.0,73.76,Bossaso,11.26,49.18
2020-03-01,26.27,0.0,74.06,Bossaso,11.26,49.18
2020-04-01,28.82,0.08,70.5,Bossaso,11.26,49.18
2020-05-01,30.81,0.15,67.3,Bossaso,11.26,49.18
2020-06-01,32.22,0.07,61.58,Bossaso,11.26,49.18
2020-07-01,31.63,0.02,59.4,Bossaso,11.26,49.18
2020-08-01,31.11,0.0,61.56,Bossaso,11.26,49.18
2020-09-01,30.53,2.74,66.91,Bossaso,11.26,49.18
2020-10-01,27.93,0.0,62.35,Bossaso,11.26,49.18
2020-11-01,25.42,0.0,73.61,Bossaso,11.26,49.18
2020-12-01,24.2,0.0,73.24,Bossaso,11.26,49.18
2021-01-01,22.85,0.0,73.03,Bossaso,11.26,49.18
2021-02-01,23.46,0.0,71.71,Bossaso,11.26,49.18
2021-03-01,25.61,0.0,67.53,Bossaso,11.26,49.18
2021-04-01,27.69,0.0,68.24,Bossaso,11.26,49.18
2021-05-01,30.14,3.78,66.92,Bossaso,11.26,49.18
2021-06-01,30.97,0.0,64.19,Bossaso,11.26,49.18
2021-07-01,30.54,0.0,59.76,Bossaso,11.26,49.18
2021-08-01,31.2,0.0,60.63,Bossaso,11.26,49.18
2021-09-01,31.69,0.0,61.29,Bossaso,11.26,49.18
2021-10-01,29.04,0.0,64.24,Bossaso,11.26,49.18
2021-11-01,25.71,0.01,69.7,Bossaso,11.26,49.18
2021-12-01,24.45,0.0,72.2,Bossaso,11.26,49.18
2022-01-01,24.14,0.0,72.64,Bossaso,11.26,49.18
2022-02-01,24.36,0.0,71.28,Bossaso,11.26,49.18
2022-03-01,25.65,0.0,69.67,Bossaso,11.26,49.18
2022-04-01,28.65,0.01,67.77,Bossaso,11.26,49.18
2022-05-01,30.65,0.01,60.8,Bossaso,11.26,49.18
2022-06-01,32.23,0.0,58.61,Bossaso,11.26,49.18
2022-07-01,31.08,0.0,57.32,Bossaso,11.26,49.18
2022-08-01,30.83,0.0,59.92,Bossaso,11.26,49.18
2022-09-01,31.31,0.0,61.8,Bossaso,11.26,49.18
2022-10-01,27.89,0.01,67.94,Bossaso,11.26,49.18
2022-11-01,26.1,0.0,72.98,Bossaso,11.26,49.18
2022-12-01,24.81,0.0,73.54,Bossaso,11.26,49.18
2023-01-01,24.13,0.0,72.46,Bossaso,11.26,49.18
2023-02-01,24.4,0.0,71.71,Bossaso,11.26,49.18
2023-03-01,27.04,0.0,72.96,Bossaso,11.26,49.18
2023-04-01,28.68,0.01,70.57,Bossaso,11.26,49.18
2023-05-01,29.95,0.82,70.58,Bossaso,11.26,49.18
2023-06-01,32.41,0.0,60.69,Bossaso,11.26,49.18
2023-07-01,32.36,0.0,56.95,Bossaso,11.26,49.18
2023-08-01,32.24,0.0,57.97,Bossaso,11.26,49.18
2023-09-01,32.17,0.0,61.66,Bossaso,11.26,49.18
2023-10-01,28.7,0.05,71.77,Bossaso,11.26,49.18
2023-11-01,26.75,0.0,76.46,Bossaso,11.26,49.18
2023-12-01,24.89,0.0,74.63,Bossaso,11.26,49.18
2024-01-01,24.49,0.0,74.39,Bossaso,11.26,49.18
2024-02-01,25.62,0.0,72.44,Bossaso,11.26,49.18
2024-03-01,27.58,0.0,70.58,Bossaso,11.26,49.18
2024-04-01,29.22,0.88,72.11,Bossaso,11.26,49.18
2024-05-01,31.13,0.0,68.23,Bossaso,11.26,49.18
2024-06-01,32.82,0.02,58.85,Bossaso,11.26,49.18
2024-07-01,32.57,0.0,59.39,Bossaso,11.26,49.18
2024-08-01,31.51,0.0,62.29,Bossaso,11.26,49.18
2024-09-01,31.25,0.0,62.76,Bossaso,11.26,49.18
2024-10-01,29.23,0.04,65.16,Bossaso,11.26,49.18
2024-11-01,25.89,0.0,75.71,Bossaso,11.26,49.18
2024-12-01,24.18,0.0,70.75,Bossaso,11.26,49.18
2025-01-01,22.82,0.0,73.18,Bossaso,11.26,49.18
2025-02-01,24.15,0.0,72.8,Bossaso,11.26,49.18
2025-03-01,26.17,0.0,73.09,Bossaso,11.26,49.18
2025-04-01,28.35,0.0,68.18,Bossaso,11.26,49.18
2025-05-01,30.95,0.0,64.95,Bossaso,11.26,49.18
2025-06-01,32.21,0.0,59.69,Bossaso,11.26,49.18
2025-07-01,32.33,0.0,56.73,Bossaso,11.26,49.18
2025-08-01,31.63,0.27,58.99,Bossaso,11.26,49.18
2025-09-01,31.71,0.06,62.91,Bossaso,11.26,49.18
2025-10-01,28.77,0.0,60.17,Bossaso,11.26,49.18
2025-11-01,-999.0,-999.0,-999.0,Bossaso,11.26,49.18
2025-12-01,-999.0,-999.0,-999.0,Bossaso,11.26,49.18
2015-01-01,28.21,0.01,59.27,Buale,1.08,42.58
2015-02-01,30.56,0.0,54.99,Buale,1.08,42.58
2015-03-01,30.59,0.8,56.37,Buale,1.08,42.58
2015-04-01,29.49,3.11,68.51,Buale,1.08,42.58
2015-05-01,28.24,2.49,73.83,Buale,1.08,42.58
2015-06-01,27.83,0.61,66.25,Buale,1.08,42.58
2015-07-01,27.42,0.65,64.01,Buale,1.08,42.58
2015-08-01,27.41,1.12,64.32,Buale,1.08,42.58
2015-09-01,28.9,0.05,60.01,Buale,1.08,42.58
2015-10-01,29.75,2.05,63.88,Buale,1.08,42.58
2015-11-01,28.71,4.81,71.55,Buale,1.08,42.58
2015-12-01,29.38,1.13,64.87,Buale,1.08,42.58
2016-01-01,30.84,0.06,55.01,Buale,1.08,42.58
2016-02-01,31.03,0.45,53.27,Buale,1.08,42.58
2016-03-01,32.27,0.16,56.02,Buale,1.08,42.58
2016-04-01,30.67,4.09,65.12,Buale,1.08,42.58
2016-05-01,27.73,2.86,72.76,Buale,1.08,42.58
2016-06-01,27.5,0.88,66.43,Buale,1.08,42.58
2016-07-01,26.74,0.18,62.09,Buale,1.08,42.58
2016-08-01,27.21,0.35,60.91,Buale,1.08,42.58
2016-09-01,27.78,0.05,58.69,Buale,1.08,42.58
2016-10-01,29.38,0.04,58.07,Buale,1.08,42.58
2016-11-01,29.57,2.57,62.57,Buale,1.08,42.58
2016-12-01,29.64,0.89,61.14,Buale,1.08,42.58
2017-01-01,30.19,0.0,53.06,Buale,1.08,42.58
2017-02-01,30.82,0.23,55.77,Buale,1.08,42.58
2017-03-01,31.67,0.01,53.92,Buale,1.08,42.58
2017-04-01,30.67,2.75,61.06,Buale,1.08,42.58
2017-05-01,28.83,0.87,68.35,Buale,1.08,42.58
2017-06-01,27.78,1.94,68.8,Buale,1.08,42.58
2017-07-01,27.29,0.09,63.56,Buale,1.08,42.58
2017-08-01,27.88,0.54,61.87,Buale,1.08,42.58
2017-09-01,28.58,0.25,59.24,Buale,1.08,42.58
2017-10-01,29.76,1.03,60.21,Buale,1.08,42.58
2017-11-01,28.01,5.59,73.13,Buale,1.08,42.58
2017-12-01,29.33,0.0,57.37,Buale,1.08,42.58
2018-01-01,29.72,0.0,53.05,Buale,1.08,42.58
2018-02-01,30.59,0.02,55.92,Buale,1.08,42.58
2018-03-01,30.83,1.09,57.98,Buale,1.08,42.58
2018-04-01,28.62,5.03,72.91,Buale,1.08,42.58
2018-05-01,27.17,2.67,79.73,Buale,1.08,42.58
2018-06-01,27.18,0.35,68.81,Buale,1.08,42.58
2018-07-01,26.86,0.27,64.27,Buale,1.08,42.58
2018-08-01,27.2,0.64,62.72,Buale,1.08,42.58
2018-09-01,28.79,0.14,60.27,Buale,1.08,42.58
2018-10-01,29.37,1.23,60.71,Buale,1.08,42.58
2018-11-01,30.42,0.67,59.69,Buale,1.08,42.58
2018-12-01,30.21,0.91,60.05,Buale,1.08,42.58
2019-01-01,30.59,0.05,53.39,Buale,1.08,42.58
2019-02-01,31.14,0.03,54.76,Buale,1.08,42.58
2019-03-01,31.83,0.21,54.99,Buale,1.08,42.58
2019-04-01,31.55,1.41,58.58,Buale,1.08,42.58
2019-05-01,28.89,3.78,71.53,Buale,1.08,42.58
2019-06-01,27.51,1.39,70.41,Buale,1.08,42.58
2019-07-01,27.47,0.39,65.5,Buale,1.08,42.58
2019-08-01,27.84,0.45,63.17,Buale,1.08,42.58
2019-09-01,28.74,0.8,61.2,Buale,1.08,42.58
2019-10-01,27.43,6.28,77.35,Buale,1.08,42.58
2019-11-01,28.2,3.34,73.15,Buale,1.08,42.58
2019-12-01,28.93,1.71,69.91,Buale,1.08,42.58
2020-01-01,30.4,0.2,59.52,Buale,1.08,42.58
2020-02-01,31.81,0.06,54.18,Buale,1.08,42.58
2020-03-01,31.98,0.51,56.61,Buale,1.08,42.58
2020-04-01,30.22,3.73,66.04,Buale,1.08,42.58
2020-05-01,27.35,3.55,80.05,Buale,1.08,42.58
2020-06-01,27.07,1.61,73.4,Buale,1.08,42.58
2020-07-01,26.72,2.36,69.66,Buale,1.08,42.58
2020-08-01,26.41,1.89,70.17,Buale,1.08,42.58
2020-09-01,27.06,4.1,69.58,Buale,1.08,42.58
2020-10-01,28.9,1.74,66.53,Buale,1.08,42.58
2020-11-01,27.87,4.88,75.51,Buale,1.08,42.58
2020-12-01,29.67,0.29,60.8,Buale,1.08,42.58
2021-01-01,29.98,0.34,54.99,Buale,1.08,42.58
2021-02-01,30.46,0.0,54.53,Buale,1.08,42.58
2021-03-01,30.98,0.43,55.59,Buale,1.08,42.58
2021-04-01,30.68,1.54,61.64,Buale,1.08,42.58
2021-05-01,28.82,1.1,64.61,Buale,1.08,42.58
2021-06-01,27.56,1.6,65.41,Buale,1.08,42.58
2021-07-01,26.42,1.69,66.59,Buale,1.08,42.58
2021-08-01,26.21,3.17,69.93,Buale,1.08,42.58
2021-09-01,27.44,1.79,67.37,Buale,1.08,42.58
2021-10-01,29.3,0.17,60.71,Buale,1.08,42.58
2021-11-01,29.85,31.73,62.18,Buale,1.08,42.58
2021-12-01,26.1,1.67,84.69,Buale,1.08,42.58
2022-01-01,27.59,0.35,69.2,Buale,1.08,42.58
2022-02-01,29.01,3.11,64.74,Buale,1.08,42.58
2022-03-01,30.64,0.71,58.63,Buale,1.08,42.58
2022-04-01,29.38,20.77,71.22,Buale,1.08,42.58
2022-05-01,26.13,4.8,87.47,Buale,1.08,42.58
2022-06-01,25.24,2.92,81.52,Buale,1.08,42.58
2022-07-01,24.75,1.47,74.99,Buale,1.08,42.58
2022-08-01,24.71,7.4,76.4,Buale,1.08,42.58
2022-09-01,26.41,0.39,70.18,Buale,1.08,42.58
2022-10-01,28.33,0.2,64.1,Buale,1.08,42.58
2022-11-01,29.53,0.97,61.98,Buale,1.08,42.58
2022-12-01,28.82,2.07,66.25,Buale,1.08,42.58
2023-01-01,29.92,0.24,57.03,Buale,1.08,42.58
2023-02-01,30.55,0.0,54.14,Buale,1.08,42.58
2023-03-01,31.08,0.28,58.07,Buale,1.08,42.58
2023-04-01,29.48,4.97,69.24,Buale,1.08,42.58
2023-05-01,29.07,0.21,67.97,Buale,1.08,42.58
2023-06-01,25.68,32.48,83.87,Buale,1.08,42.58
2023-07-01,25.13,0.84,79.41,Buale,1.08,42.58
2023-08-01,27.0,0.88,69.92,Buale,1.08,42.58
2023-09-01,28.83,0.27,63.67,Buale,1.08,42.58
2023-10-01,28.97,5.13,69.05,Buale,1.08,42.58
2023-11-01,26.56,13.99,87.23,Buale,1.08,42.58
2023-12-01,27.05,0.21,81.22,Buale,1.08,42.58
2024-01-01,29.46,0.03,63.35,Buale,1.08,42.58
2024-02-01,31.81,0.03,56.67,Buale,1.08,42.58
2024-03-01,32.36,0.21,55.48,Buale,1.08,42.58
2024-04-01,29.34,5.42,73.8,Buale,1.08,42.58
2024-05-01,27.68,9.35,80.95,Buale,1.08,42.58
2024-06-01,26.05,2.27,81.13,Buale,1.08,42.58
2024-07-01,26.79,0.61,71.86,Buale,1.08,42.58
2024-08-01,27.22,2.05,67.65,Buale,1.08,42.58
2024-09-01,28.49,0.36,63.88,Buale,1.08,42.58
2024-10-01,30.06,0.2,59.3,Buale,1.08,42.58
2024-11-01,29.39,3.88,69.29,Buale,1.08,42.58
2024-12-01,30.15,0.03,58.76,Buale,1.08,42.58
2025-01-01,30.51,0.03,53.39,Buale,1.08,42.58
2025-02-01,31.03,0.0,54.38,Buale,1.08,42.58
2025-03-01,31.49,1.24,58.53,Buale,1.08,42.58
2025-04-01,30.81,1.77,62.72,Buale,1.08,42.58
2025-05-01,27.72,8.59,79.44,Buale,1.08,42.58
2025-06-01,26.37,3.95,77.85,Buale,1.08,42.58
2025-07-01,26.38,0.68,69.67,Buale,1.08,42.58
2025-08-01,27.05,0.6,64.66,Buale,1.08,42.58
2025-09-01,28.41,0.47,61.41,Buale,1.08,42.58
2025-10-01,29.9,0.27,58.63,Buale,1.08,42.58
2025-11-01,-999.0,-999.0,-999.0,Buale,1.08,42.58
2025-12-01,-999.0,-999.0,-999.0,Buale,1.08,42.58
2015-01-01,25.86,0.0,55.37,Buloburto,3.85,45.57
2015-02-01,28.11,0.01,53.21,Buloburto,3.85,45.57
2015-03-01,29.1,1.0,55.28,Buloburto,3.85,45.57
2015-04-01,29.93,1.22,60.19,Buloburto,3.85,45.57
2015-05-01,28.79,2.26,66.28,Buloburto,3.85,45.57
2015-06-01,27.79,0.35,64.14,Buloburto,3.85,45.57
2015-07-01,27.1,0.44,62.16,Buloburto,3.85,45.57
2015-08-01,27.02,1.13,64.2,Buloburto,3.85,45.57
2015-09-01,28.11,1.95,63.25,Buloburto,3.85,45.57
2015-10-01,28.29,4.22,68.75,Buloburto,3.85,45.57
2015-11-01,25.82,18.59,81.04,Buloburto,3.85,45.57
2015-12-01,25.72,0.77,71.74,Buloburto,3.85,45.57
2016-01-01,26.87,0.14,61.25,Buloburto,3.85,45.57
2016-02-01,27.92,0.02,54.67,Buloburto,3.85,45.57
2016-03-01,30.93,0.18,53.74,Buloburto,3.85,45.57
2016-04-01,29.88,5.34,62.38,Buloburto,3.85,45.57
2016-05-01,27.64,1.3,70.23,Buloburto,3.85,45.57
2016-06-01,27.23,0.06,63.91,Buloburto,3.85,45.57
2016-07-01,26.16,0.04,61.35,Buloburto,3.85,45.57
2016-08-01,27.07,0.01,59.22,Buloburto,3.85,45.57
2016-09-01,27.88,0.01,56.78,Buloburto,3.85,45.57
2016-10-01,29.03,0.06,56.33,Buloburto,3.85,45.57
2016-11-01,29.54,0.11,54.53,Buloburto,3.85,45.57
2016-12-01,28.42,0.04,52.75,Buloburto,3.85,45.57
2017-01-01,27.39,0.0,49.34,Buloburto,3.85,45.57
2017-02-01,29.23,0.01,52.54,Buloburto,3.85,45.57
2017-03-01,30.1,0.03,51.76,Buloburto,3.85,45.57
2017-04-01,31.2,0.41,52.8,Buloburto,3.85,45.57
2017-05-01,29.86,0.3,58.42,Buloburto,3.85,45.57
2017-06-01,28.72,0.02,58.35,Buloburto,3.85,45.57
2017-07-01,27.38,0.01,59.55,Buloburto,3.85,45.57
2017-08-01,27.92,0.07,58.73,Buloburto,3.85,45.57
2017-09-01,28.81,0.02,56.15,Buloburto,3.85,45.57
2017-10-01,29.76,0.65,55.8,Buloburto,3.85,45.57
2017-11-01,27.19,4.64,66.99,Buloburto,3.85,45.57
2017-12-01,26.05,0.0,56.59,Buloburto,3.85,45.57
2018-01-01,26.2,0.0,53.75,Buloburto,3.85,45.57
2018-02-01,28.86,0.0,53.38,Buloburto,3.85,45.57
2018-03-01,30.14,0.18,52.52,Buloburto,3.85,45.57
2018-04-01,29.04,2.54,63.99,Buloburto,3.85,45.57
2018-05-01,28.42,0.41,65.89,Buloburto,3.85,45.57
2018-06-01,27.72,0.32,61.31,Buloburto,3.85,45.57
2018-07-01,26.96,0.06,59.24,Buloburto,3.85,45.57
2018-08-01,26.86,0.74,61.92,Buloburto,3.85,45.57
2018-09-01,28.82,0.35,57.29,Buloburto,3.85,45.57
2018-10-01,29.18,0.84,57.81,Buloburto,3.85,45.57
2018-11-01,29.68,0.51,55.5,Buloburto,3.85,45.57
2018-12-01,28.75,0.18,53.68,Buloburto,3.85,45.57
2019-01-01,27.85,0.0,50.48,Buloburto,3.85,45.57
2019-02-01,29.21,0.02,52.58,Buloburto,3.85,45.57
2019-03-01,30.59,0.0,51.81,Buloburto,3.85,45.57
2019-04-01,31.24,0.74,54.64,Buloburto,3.85,45.57
2019-05-01,30.06,1.05,60.36,Buloburto,3.85,45.57
2019-06-01,27.69,1.46,65.53,Buloburto,3.85,45.57
2019-07-01,27.04,0.45,64.02,Buloburto,3.85,45.57
2019-08-01,27.91,0.17,59.78,Buloburto,3.85,45.57
2019-09-01,28.84,0.22,57.78,Buloburto,3.85,45.57
2019-10-01,27.99,3.87,68.21,Buloburto,3.85,45.57
2019-11-01,27.84,1.78,66.44,Buloburto,3.85,45.57
2019-12-01,28.14,0.35,59.84,Buloburto,3.85,45.57
2020-01-01,28.64,0.01,54.58,Buloburto,3.85,45.57
2020-02-01,29.21,0.0,51.79,Buloburto,3.85,45.57
2020-03-01,30.47,0.11,55.23,Buloburto,3.85,45.57
2020-04-01,30.15,2.78,60.24,Buloburto,3.85,45.57
2020-05-01,28.01,2.7,72.73,Buloburto,3.85,45.57
2020-06-01,27.17,0.67,69.64,Buloburto,3.85,45.57
2020-07-01,26.16,2.23,70.08,Buloburto,3.85,45.57
2020-08-01,26.09,1.26,68.86,Buloburto,3.85,45.57
2020-09-01,26.3,4.94,71.75,Buloburto,3.85,45.57
2020-10-01,27.67,1.61,70.5,Buloburto,3.85,45.57
2020-11-01,27.33,1.83,68.9,Buloburto,3.85,45.57
2020-12-01,27.34,0.08,57.53,Buloburto,3.85,45.57
2021-01-01,26.99,0.17,53.19,Buloburto,3.85,45.57
2021-02-01,28.27,0.01,52.76,Buloburto,3.85,45.57
2021-03-01,29.68,0.03,53.15,Buloburto,3.85,45.57
2021-04-01,30.76,1.13,54.89,Buloburto,3.85,45.57
2021-05-01,27.56,6.48,69.18,Buloburto,3.85,45.57
2021-06-01,26.16,1.05,70.96,Buloburto,3.85,45.57
2021-07-01,25.18,1.72,70.96,Buloburto,3.85,45.57
2021-08-01,25.75,2.48,70.84,Buloburto,3.85,45.57
2021-09-01,26.7,1.78,69.14,Buloburto,3.85,45.57
2021-10-01,28.27,0.3,63.47,Buloburto,3.85,45.57
2021-11-01,28.97,1.45,59.68,Buloburto,3.85,45.57
2021-12-01,27.82,0.03,57.12,Buloburto,3.85,45.57
2022-01-01,27.43,0.8,54.82,Buloburto,3.85,45.57
2022-02-01,26.91,3.63,60.46,Buloburto,3.85,45.57
2022-03-01,28.91,0.03,54.66,Buloburto,3.85,45.57
2022-04-01,30.45,1.96,58.19,Buloburto,3.85,45.57
2022-05-01,28.53,0.92,66.33,Buloburto,3.85,45.57
2022-06-01,26.76,1.72,67.31,Buloburto,3.85,45.57
2022-07-01,25.31,1.36,68.99,Buloburto,3.85,45.57
2022-08-01,25.82,1.62,67.32,Buloburto,3.85,45.57
2022-09-01,27.05,0.37,64.3,Buloburto,3.85,45.57
2022-10-01,28.26,0.63,61.67,Buloburto,3.85,45.57
2022-11-01,28.97,0.9,59.51,Buloburto,3.85,45.57
2022-12-01,27.25,1.44,62.92,Buloburto,3.85,45.57
2023-01-01,27.51,0.01,54.48,Buloburto,3.85,45.57
2023-02-01,28.2,0.0,51.62,Buloburto,3.85,45.57
2023-03-01,29.83,0.91,57.71,Buloburto,3.85,45.57
2023-04-01,29.86,2.09,61.71,Buloburto,3.85,45.57
2023-05-01,28.8,1.79,65.25,Buloburto,3.85,45.57
2023-06-01,27.89,0.42,64.96,Buloburto,3.85,45.57
2023-07-01,26.77,0.65,65.67,Buloburto,3.85,45.57
2023-08-01,27.97,0.25,61.38,Buloburto,3.85,45.57
2023-09-01,29.24,0.14,58.18,Buloburto,3.85,45.57
2023-10-01,27.83,12.04,72.48,Buloburto,3.85,45.57
2023-11-01,25.35,13.28,87.18,Buloburto,3.85,45.57
2023-12-01,24.65,0.02,83.54,Buloburto,3.85,45.57
2024-01-01,25.34,0.01,75.77,Buloburto,3.85,45.57
2024-02-01,28.02,0.02,63.75,Buloburto,3.85,45.57
2024-03-01,30.19,0.04,58.16,Buloburto,3.85,45.57
2024-04-01,29.78,3.19,66.1,Buloburto,3.85,45.57
2024-05-01,28.16,8.61,74.09,Buloburto,3.85,45.57
2024-06-01,25.85,2.25,79.07,Buloburto,3.85,45.57
2024-07-01,26.04,0.45,73.24,Buloburto,3.85,45.57
2024-08-01,26.32,1.12,69.75,Buloburto,3.85,45.57
2024-09-01,27.91,0.23,64.58,Buloburto,3.85,45.57
2024-10-01,29.31,0.34,60.08,Buloburto,3.85,45.57
2024-11-01,27.19,6.39,73.32,Buloburto,3.85,45.57
2024-12-01,26.9,0.0,59.26,Buloburto,3.85,45.57
2025-01-01,26.96,0.0,53.8,Buloburto,3.85,45.57
2025-02-01,28.7,0.0,53.03,Buloburto,3.85,45.57
2025-03-01,30.64,0.78,55.31,Buloburto,3.85,45.57
2025-04-01,30.61,1.74,58.41,Buloburto,3.85,45.57
2025-05-01,27.61,6.73,75.53,Buloburto,3.85,45.57
2025-06-01,26.41,3.25,74.4,Buloburto,3.85,45.57
2025-07-01,25.76,0.55,70.16,Buloburto,3.85,45.57
2025-08-01,26.32,0.48,65.99,Buloburto,3.85,45.57
2025-09-01,28.05,0.31,60.53,Buloburto,3.85,45.57
2025-10-01,29.04,0.59,58.92,Buloburto,3.85,45.57
2025-11-01,-999.0,-999.0,-999.0,Buloburto,3.85,45.57
2025-12-01,-999.0,-999.0,-999.0,Buloburto,3.85,45.57
2015-01-01,19.21,0.05,61.55,Burco,9.53,45.54
2015-02-01,22.16,0.0,52.9,Burco,9.53,45.54
2015-03-01,24.19,0.69,47.94,Burco,9.53,45.54
2015-04-01,26.0,2.01,49.44,Burco,9.53,45.54
2015-05-01,25.75,2.56,65.58,Burco,9.53,45.54
2015-06-01,25.6,0.6,58.66,Burco,9.53,45.54
2015-07-01,26.3,0.18,49.18,Burco,9.53,45.54
2015-08-01,25.97,0.89,49.94,Burco,9.53,45.54
2015-09-01,28.29,0.12,41.1,Burco,9.53,45.54
2015-10-01,25.63,1.81,54.2,Burco,9.53,45.54
2015-11-01,21.59,4.49,73.03,Burco,9.53,45.54
2015-12-01,19.56,1.57,72.35,Burco,9.53,45.54
2016-01-01,20.32,0.5,70.84,Burco,9.53,45.54
2016-02-01,20.94,0.11,58.27,Burco,9.53,45.54
2016-03-01,26.51,0.04,44.69,Burco,9.53,45.54
2016-04-01,25.67,5.46,61.72,Burco,9.53,45.54
2016-05-01,25.06,1.09,68.02,Burco,9.53,45.54
2016-06-01,25.74,0.13,53.81,Burco,9.53,45.54
2016-07-01,25.37,0.29,49.84,Burco,9.53,45.54
2016-08-01,25.75,0.58,46.44,Burco,9.53,45.54
2016-09-01,27.51,0.2,39.78,Burco,9.53,45.54
2016-10-01,25.05,0.56,43.9,Burco,9.53,45.54
2016-11-01,22.4,0.08,55.24,Burco,9.53,45.54
2016-12-01,20.91,0.11,60.56,Burco,9.53,45.54
2017-01-01,20.06,0.02,56.91,Burco,9.53,45.54
2017-02-01,22.64,0.03,57.27,Burco,9.53,45.54
2017-03-01,25.28,0.1,47.54,Burco,9.53,45.54
2017-04-01,27.04,0.26,45.66,Burco,9.53,45.54
2017-05-01,26.29,2.62,61.11,Burco,9.53,45.54
2017-06-01,27.17,0.01,48.66,Burco,9.53,45.54
2017-07-01,26.35,0.15,46.29,Burco,9.53,45.54
2017-08-01,27.07,0.25,44.01,Burco,9.53,45.54
2017-09-01,27.87,0.33,44.24,Burco,9.53,45.54
2017-10-01,25.82,0.51,45.99,Burco,9.53,45.54
2017-11-01,22.34,0.36,58.27,Burco,9.53,45.54
2017-12-01,18.88,0.09,59.87,Burco,9.53,45.54
2018-01-01,18.8,0.04,57.55,Burco,9.53,45.54
2018-02-01,22.52,0.06,50.84,Burco,9.53,45.54
2018-03-01,24.35,0.02,45.08,Burco,9.53,45.54
2018-04-01,25.2,2.97,62.07,Burco,9.53,45.54
2018-05-01,26.25,0.21,57.89,Burco,9.53,45.54
2018-06-01,26.73,0.18,49.86,Burco,9.53,45.54
2018-07-01,25.7,0.3,48.17,Burco,9.53,45.54
2018-08-01,26.5,0.1,45.51,Burco,9.53,45.54
2018-09-01,27.69,0.16,40.05,Burco,9.53,45.54
2018-10-01,25.19,0.83,52.12,Burco,9.53,45.54
2018-11-01,23.47,0.27,57.31,Burco,9.53,45.54
2018-12-01,20.83,0.02,61.39,Burco,9.53,45.54
2019-01-01,20.83,0.0,60.3,Burco,9.53,45.54
2019-02-01,23.64,0.0,53.13,Burco,9.53,45.54
2019-03-01,25.59,0.0,45.64,Burco,9.53,45.54
2019-04-01,27.5,0.11,44.83,Burco,9.53,45.54
2019-05-01,27.59,0.51,48.03,Burco,9.53,45.54
2019-06-01,26.09,2.5,57.11,Burco,9.53,45.54
2019-07-01,26.26,0.02,49.97,Burco,9.53,45.54
2019-08-01,27.24,0.33,43.39,Burco,9.53,45.54
2019-09-01,27.73,2.13,46.58,Burco,9.53,45.54
2019-10-01,22.69,3.13,69.42,Burco,9.53,45.54
2019-11-01,22.31,0.36,67.74,Burco,9.53,45.54
2019-12-01,21.07,1.18,66.93,Burco,9.53,45.54
2020-01-01,20.62,0.03,68.2,Burco,9.53,45.54
2020-02-01,22.43,0.02,58.32,Burco,9.53,45.54
2020-03-01,25.41,1.25,55.67,Burco,9.53,45.54
2020-04-01,25.4,4.21,64.82,Burco,9.53,45.54
2020-05-01,25.44,3.11,70.4,Burco,9.53,45.54
2020-06-01,25.35,0.14,60.13,Burco,9.53,45.54
2020-07-01,25.31,0.17,52.43,Burco,9.53,45.54
2020-08-01,26.18,0.17,49.7,Burco,9.53,45.54
2020-09-01,25.56,4.75,58.48,Burco,9.53,45.54
2020-10-01,23.78,0.29,48.99,Burco,9.53,45.54
2020-11-01,22.16,0.24,58.01,Burco,9.53,45.54
2020-12-01,20.7,0.11,63.56,Burco,9.53,45.54
2021-01-01,19.57,0.31,60.8,Burco,9.53,45.54
2021-02-01,20.97,0.11,53.32,Burco,9.53,45.54
2021-03-01,24.07,0.0,46.35,Burco,9.53,45.54
2021-04-01,25.7,2.13,49.09,Burco,9.53,45.54
2021-05-01,24.72,8.01,69.6,Burco,9.53,45.54
2021-06-01,23.16,0.08,70.89,Burco,9.53,45.54
2021-07-01,23.06,0.49,61.14,Burco,9.53,45.54
2021-08-01,25.78,0.35,50.16,Burco,9.53,45.54
2021-09-01,26.81,0.91,48.75,Burco,9.53,45.54
2021-10-01,25.83,0.14,48.2,Burco,9.53,45.54
2021-11-01,22.74,1.25,49.73,Burco,9.53,45.54
2021-12-01,20.29,0.79,66.59,Burco,9.53,45.54
2022-01-01,20.55,0.39,65.01,Burco,9.53,45.54
2022-02-01,21.41,0.46,59.01,Burco,9.53,45.54
2022-03-01,24.06,0.08,50.15,Burco,9.53,45.54
2022-04-01,26.44,1.31,50.35,Burco,9.53,45.54
2022-05-01,28.22,0.38,45.79,Burco,9.53,45.54
2022-06-01,26.87,0.23,47.77,Burco,9.53,45.54
2022-07-01,24.63,0.64,51.23,Burco,9.53,45.54
2022-08-01,25.51,0.29,48.88,Burco,9.53,45.54
2022-09-01,27.39,0.46,44.17,Burco,9.53,45.54
2022-10-01,25.62,0.48,52.04,Burco,9.53,45.54
2022-11-01,23.05,0.15,57.63,Burco,9.53,45.54
2022-12-01,21.28,0.26,61.09,Burco,9.53,45.54
2023-01-01,21.22,0.0,61.97,Burco,9.53,45.54
2023-02-01,22.03,0.07,54.76,Burco,9.53,45.54
2023-03-01,24.75,1.31,59.02,Burco,9.53,45.54
2023-04-01,25.55,3.01,60.11,Burco,9.53,45.54
2023-05-01,24.37,4.91,74.43,Burco,9.53,45.54
2023-06-01,25.38,0.51,63.18,Burco,9.53,45.54
2023-07-01,25.21,0.13,55.38,Burco,9.53,45.54
2023-08-01,26.64,0.27,47.11,Burco,9.53,45.54
2023-09-01,28.91,0.39,42.72,Burco,9.53,45.54
2023-10-01,25.74,3.04,58.54,Burco,9.53,45.54
2023-11-01,22.45,2.44,73.18,Burco,9.53,45.54
2023-12-01,20.49,0.0,68.9,Burco,9.53,45.54
2024-01-01,21.37,0.09,61.92,Burco,9.53,45.54
2024-02-01,24.13,0.07,56.3,Burco,9.53,45.54
2024-03-01,26.49,0.24,48.37,Burco,9.53,45.54
2024-04-01,27.06,2.59,58.64,Burco,9.53,45.54
2024-05-01,26.34,1.9,68.17,Burco,9.53,45.54
2024-06-01,26.14,0.38,57.15,Burco,9.53,45.54
2024-07-01,26.8,0.91,51.17,Burco,9.53,45.54
2024-08-01,26.05,0.47,52.48,Burco,9.53,45.54
2024-09-01,28.2,0.31,43.59,Burco,9.53,45.54
2024-10-01,26.91,2.78,52.23,Burco,9.53,45.54
2024-11-01,21.91,0.39,66.51,Burco,9.53,45.54
2024-12-01,19.56,0.07,62.7,Burco,9.53,45.54
2025-01-01,19.75,0.04,61.35,Burco,9.53,45.54
2025-02-01,22.26,0.29,57.93,Burco,9.53,45.54
2025-03-01,25.48,0.17,51.66,Burco,9.53,45.54
2025-04-01,26.44,0.92,49.48,Burco,9.53,45.54
2025-05-01,27.82,0.68,50.67,Burco,9.53,45.54
2025-06-01,27.59,0.11,46.56,Burco,9.53,45.54
2025-07-01,26.49,0.15,47.98,Burco,9.53,45.54
2025-08-01,25.67,0.81,50.1,Burco,9.53,45.54
2025-09-01,27.48,0.72,45.14,Burco,9.53,45.54
2025-10-01,25.08,0.35,46.37,Burco,9.53,45.54
2025-11-01,-999.0,-999.0,-999.0,Burco,9.53,45.54
2025-12-01,-999.0,-999.0,-999.0,Burco,9.53,45.54
2015-01-01,23.59,0.0,55.65,Burtinle,7.64,47.83
2015-02-01,24.88,0.0,56.01,Burtinle,7.64,47.83
2015-03-01,26.38,0.1,57.71,Burtinle,7.64,47.83
2015-04-01,28.47,0.06,58.11,Burtinle,7.64,47.83
2015-05-01,27.97,6.48,64.2,Burtinle,7.64,47.83
2015-06-01,26.06,3.33,66.57,Burtinle,7.64,47.83
2015-07-01,26.83,0.55,56.02,Burtinle,7.64,47.83
2015-08-01,26.54,0.98,59.19,Burtinle,7.64,47.83
2015-09-01,28.58,0.28,54.1,Burtinle,7.64,47.83
2015-10-01,27.38,2.78,66.86,Burtinle,7.64,47.83
2015-11-01,24.54,6.92,75.95,Burtinle,7.64,47.83
2015-12-01,24.24,0.15,62.99,Burtinle,7.64,47.83
2016-01-01,24.39,0.19,60.36,Burtinle,7.64,47.83
2016-02-01,24.58,0.02,55.93,Burtinle,7.64,47.83
2016-03-01,27.62,0.16,58.78,Burtinle,7.64,47.83
2016-04-01,27.29,5.37,68.37,Burtinle,7.64,47.83
2016-05-01,26.93,1.3,68.46,Burtinle,7.64,47.83
2016-06-01,27.84,0.06,52.01,Burtinle,7.64,47.83
2016-07-01,26.32,0.22,53.49,Burtinle,7.64,47.83
2016-08-01,27.04,0.3,51.93,Burtinle,7.64,47.83
2016-09-01,27.34,0.11,53.45,Burtinle,7.64,47.83
2016-10-01,26.55,1.21,63.55,Burtinle,7.64,47.83
2016-11-01,26.39,0.03,56.96,Burtinle,7.64,47.83
2016-12-01,25.11,0.05,57.09,Burtinle,7.64,47.83
2017-01-01,23.75,0.0,55.64,Burtinle,7.64,47.83
2017-02-01,25.63,0.01,57.06,Burtinle,7.64,47.83
2017-03-01,26.92,0.08,55.58,Burtinle,7.64,47.83
2017-04-01,28.71,0.55,56.79,Burtinle,7.64,47.83
2017-05-01,28.01,1.13,62.58,Burtinle,7.64,47.83
2017-06-01,29.13,0.01,49.02,Burtinle,7.64,47.83
2017-07-01,27.71,0.03,50.11,Burtinle,7.64,47.83
2017-08-01,28.33,0.02,48.96,Burtinle,7.64,47.83
2017-09-01,28.22,0.03,53.11,Burtinle,7.64,47.83
2017-10-01,28.28,0.22,57.83,Burtinle,7.64,47.83
2017-11-01,26.26,0.31,56.39,Burtinle,7.64,47.83
2017-12-01,23.92,0.0,50.73,Burtinle,7.64,47.83
2018-01-01,23.31,0.0,53.38,Burtinle,7.64,47.83
2018-02-01,25.43,0.0,54.56,Burtinle,7.64,47.83
2018-03-01,27.15,0.05,53.93,Burtinle,7.64,47.83
2018-04-01,27.84,1.39,63.99,Burtinle,7.64,47.83
2018-05-01,28.35,0.23,58.21,Burtinle,7.64,47.83
2018-06-01,28.08,0.39,51.87,Burtinle,7.64,47.83
2018-07-01,27.32,0.02,49.31,Burtinle,7.64,47.83
2018-08-01,27.31,0.14,52.31,Burtinle,7.64,47.83
2018-09-01,28.5,0.09,53.67,Burtinle,7.64,47.83
2018-10-01,27.96,0.12,56.66,Burtinle,7.64,47.83
2018-11-01,27.12,0.04,56.42,Burtinle,7.64,47.83
2018-12-01,25.81,0.01,53.86,Burtinle,7.64,47.83
2019-01-01,24.33,0.0,56.21,Burtinle,7.64,47.83
2019-02-01,26.02,0.0,56.45,Burtinle,7.64,47.83
2019-03-01,27.55,0.0,56.23,Burtinle,7.64,47.83
2019-04-01,28.91,0.02,56.88,Burtinle,7.64,47.83
2019-05-01,29.7,0.17,55.63,Burtinle,7.64,47.83
2019-06-01,27.54,2.02,58.3,Burtinle,7.64,47.83
2019-07-01,27.95,0.05,51.18,Burtinle,7.64,47.83
2019-08-01,28.52,0.02,48.41,Burtinle,7.64,47.83
2019-09-01,29.05,0.03,51.06,Burtinle,7.64,47.83
2019-10-01,28.2,0.25,57.67,Burtinle,7.64,47.83
2019-11-01,26.86,0.05,58.17,Burtinle,7.64,47.83
2019-12-01,26.48,0.0,53.13,Burtinle,7.64,47.83
2020-01-01,25.81,0.0,55.7,Burtinle,7.64,47.83
2020-02-01,25.85,0.0,54.16,Burtinle,7.64,47.83
2020-03-01,27.95,0.0,56.89,Burtinle,7.64,47.83
2020-04-01,27.97,2.12,63.65,Burtinle,7.64,47.83
2020-05-01,28.08,2.0,66.4,Burtinle,7.64,47.83
2020-06-01,28.71,0.15,51.79,Burtinle,7.64,47.83
2020-07-01,27.51,0.16,53.88,Burtinle,7.64,47.83
2020-08-01,27.56,0.06,52.85,Burtinle,7.64,47.83
2020-09-01,26.01,8.61,68.43,Burtinle,7.64,47.83
2020-10-01,27.73,0.21,61.05,Burtinle,7.64,47.83
2020-11-01,26.66,0.01,53.76,Burtinle,7.64,47.83
2020-12-01,25.12,0.0,54.51,Burtinle,7.64,47.83
2021-01-01,23.84,0.0,52.92,Burtinle,7.64,47.83
2021-02-01,24.97,0.0,54.73,Burtinle,7.64,47.83
2021-03-01,26.7,0.0,54.72,Burtinle,7.64,47.83
2021-04-01,28.33,0.13,55.71,Burtinle,7.64,47.83
2021-05-01,27.37,30.7,65.87,Burtinle,7.64,47.83
2021-06-01,24.49,0.09,75.83,Burtinle,7.64,47.83
2021-07-01,24.56,0.07,66.32,Burtinle,7.64,47.83
2021-08-01,26.26,0.04,60.35,Burtinle,7.64,47.83
2021-09-01,27.06,0.06,58.34,Burtinle,7.64,47.83
2021-10-01,27.74,0.02,58.62,Burtinle,7.64,47.83
2021-11-01,26.66,0.02,55.55,Burtinle,7.64,47.83
2021-12-01,24.91,0.0,57.24,Burtinle,7.64,47.83
2022-01-01,24.66,0.02,58.48,Burtinle,7.64,47.83
2022-02-01,24.94,0.24,56.33,Burtinle,7.64,47.83
2022-03-01,26.33,0.01,55.53,Burtinle,7.64,47.83
2022-04-01,29.12,0.16,56.32,Burtinle,7.64,47.83
2022-05-01,30.06,0.19,50.58,Burtinle,7.64,47.83
2022-06-01,28.09,0.06,50.51,Burtinle,7.64,47.83
2022-07-01,26.61,0.12,53.21,Burtinle,7.64,47.83
2022-08-01,27.12,0.04,52.32,Burtinle,7.64,47.83
2022-09-01,27.99,0.01,52.15,Burtinle,7.64,47.83
2022-10-01,27.49,0.18,59.11,Burtinle,7.64,47.83
2022-11-01,27.06,0.03,56.68,Burtinle,7.64,47.83
2022-12-01,25.77,0.0,54.59,Burtinle,7.64,47.83
2023-01-01,24.61,0.0,56.07,Burtinle,7.64,47.83
2023-02-01,25.04,0.0,55.27,Burtinle,7.64,47.83
2023-03-01,27.62,0.15,59.14,Burtinle,7.64,47.83
2023-04-01,29.07,0.22,57.48,Burtinle,7.64,47.83
2023-05-01,26.73,4.74,73.39,Burtinle,7.64,47.83
2023-06-01,28.33,0.04,55.26,Burtinle,7.64,47.83
2023-07-01,27.57,0.02,52.86,Burtinle,7.64,47.83
2023-08-01,28.47,0.02,50.63,Burtinle,7.64,47.83
2023-09-01,29.27,0.03,51.75,Burtinle,7.64,47.83
2023-10-01,27.04,3.15,70.48,Burtinle,7.64,47.83
2023-11-01,25.87,1.7,69.81,Burtinle,7.64,47.83
2023-12-01,26.43,0.0,54.15,Burtinle,7.64,47.83
2024-01-01,25.76,0.0,55.02,Burtinle,7.64,47.83
2024-02-01,26.71,0.0,56.8,Burtinle,7.64,47.83
2024-03-01,28.31,0.0,55.74,Burtinle,7.64,47.83
2024-04-01,28.58,13.13,66.15,Burtinle,7.64,47.83
2024-05-01,27.0,0.42,75.58,Burtinle,7.64,47.83
2024-06-01,27.36,0.12,61.65,Burtinle,7.64,47.83
2024-07-01,27.43,0.01,58.26,Burtinle,7.64,47.83
2024-08-01,27.55,0.02,55.45,Burtinle,7.64,47.83
2024-09-01,29.01,0.0,51.58,Burtinle,7.64,47.83
2024-10-01,28.66,0.08,57.27,Burtinle,7.64,47.83
2024-11-01,27.48,0.22,56.38,Burtinle,7.64,47.83
2024-12-01,24.74,0.0,52.63,Burtinle,7.64,47.83
2025-01-01,23.83,0.0,53.83,Burtinle,7.64,47.83
2025-02-01,25.39,0.0,56.48,Burtinle,7.64,47.83
2025-03-01,28.0,0.01,56.19,Burtinle,7.64,47.83
2025-04-01,29.2,0.1,55.94,Burtinle,7.64,47.83
2025-05-01,29.58,0.15,55.46,Burtinle,7.64,47.83
2025-06-01,28.56,0.15,53.79,Burtinle,7.64,47.83
2025-07-01,27.62,0.01,51.96,Burtinle,7.64,47.83
2025-08-01,27.4,0.03,52.0,Burtinle,7.64,47.83
2025-09-01,28.71,0.06,50.57,Burtinle,7.64,47.83
2025-10-01,27.89,0.1,53.95,Burtinle,7.64,47.83
2025-11-01,-999.0,-999.0,-999.0,Burtinle,7.64,47.83
2025-12-01,-999.0,-999.0,-999.0,Burtinle,7.64,47.83
2015-01-01,24.94,0.01,52.55,Cabudwaaq,6.24,46.31
2015-02-01,26.77,0.02,51.17,Cabudwaaq,6.24,46.31
2015-03-01,28.07,0.82,52.67,Cabudwaaq,6.24,46.31
2015-04-01,29.84,1.07,55.58,Cabudwaaq,6.24,46.31
2015-05-01,29.44,2.38,58.62,Cabudwaaq,6.24,46.31
2015-06-01,28.49,1.01,55.96,Cabudwaaq,6.24,46.31
2015-07-01,28.17,0.42,52.43,Cabudwaaq,6.24,46.31
2015-08-01,28.42,0.37,52.18,Cabudwaaq,6.24,46.31
2015-09-01,29.86,0.24,50.08,Cabudwaaq,6.24,46.31
2015-10-01,29.07,3.47,60.33,Cabudwaaq,6.24,46.31
2015-11-01,25.28,6.24,77.83,Cabudwaaq,6.24,46.31
2015-12-01,25.2,0.44,65.63,Cabudwaaq,6.24,46.31
2016-01-01,25.79,0.23,59.5,Cabudwaaq,6.24,46.31
2016-02-01,26.46,0.01,52.64,Cabudwaaq,6.24,46.31
2016-03-01,29.86,0.27,51.13,Cabudwaaq,6.24,46.31
2016-04-01,30.35,2.21,54.29,Cabudwaaq,6.24,46.31
2016-05-01,28.88,0.94,59.31,Cabudwaaq,6.24,46.31
2016-06-01,28.38,0.09,53.31,Cabudwaaq,6.24,46.31
2016-07-01,27.36,0.05,51.53,Cabudwaaq,6.24,46.31
2016-08-01,28.17,0.17,49.22,Cabudwaaq,6.24,46.31
2016-09-01,28.91,0.04,47.44,Cabudwaaq,6.24,46.31
2016-10-01,28.94,0.36,52.89,Cabudwaaq,6.24,46.31
2016-11-01,28.35,0.11,52.03,Cabudwaaq,6.24,46.31
2016-12-01,27.05,0.0,50.91,Cabudwaaq,6.24,46.31
2017-01-01,25.64,0.0,49.47,Cabudwaaq,6.24,46.31
2017-02-01,27.77,0.02,52.03,Cabudwaaq,6.24,46.31
2017-03-01,28.93,0.01,49.16,Cabudwaaq,6.24,46.31
2017-04-01,30.72,0.34,48.84,Cabudwaaq,6.24,46.31
2017-05-01,30.31,0.82,51.95,Cabudwaaq,6.24,46.31
2017-06-01,30.15,0.05,47.24,Cabudwaaq,6.24,46.31
2017-07-01,28.35,0.15,50.24,Cabudwaaq,6.24,46.31
2017-08-01,29.12,0.06,48.37,Cabudwaaq,6.24,46.31
2017-09-01,29.69,0.02,47.95,Cabudwaaq,6.24,46.31
2017-10-01,29.71,0.94,53.05,Cabudwaaq,6.24,46.31
2017-11-01,26.67,2.27,60.96,Cabudwaaq,6.24,46.31
2017-12-01,24.94,0.03,52.31,Cabudwaaq,6.24,46.31
2018-01-01,25.04,0.02,50.21,Cabudwaaq,6.24,46.31
2018-02-01,27.51,0.0,50.07,Cabudwaaq,6.24,46.31
2018-03-01,29.21,0.1,48.79,Cabudwaaq,6.24,46.31
2018-04-01,28.89,2.83,60.36,Cabudwaaq,6.24,46.31
2018-05-01,28.66,1.0,60.77,Cabudwaaq,6.24,46.31
2018-06-01,28.42,0.19,53.2,Cabudwaaq,6.24,46.31
2018-07-01,27.91,0.09,50.04,Cabudwaaq,6.24,46.31
2018-08-01,28.09,0.32,51.14,Cabudwaaq,6.24,46.31
2018-09-01,29.92,0.54,48.14,Cabudwaaq,6.24,46.31
2018-10-01,29.3,0.35,52.69,Cabudwaaq,6.24,46.31
2018-11-01,28.66,0.39,52.8,Cabudwaaq,6.24,46.31
2018-12-01,27.59,0.07,51.11,Cabudwaaq,6.24,46.31
2019-01-01,26.14,0.02,50.63,Cabudwaaq,6.24,46.31
2019-02-01,27.84,0.02,51.51,Cabudwaaq,6.24,46.31
2019-03-01,29.45,0.05,49.99,Cabudwaaq,6.24,46.31
2019-04-01,30.8,0.24,50.14,Cabudwaaq,6.24,46.31
2019-05-01,30.97,0.65,51.57,Cabudwaaq,6.24,46.31
2019-06-01,28.83,1.65,55.31,Cabudwaaq,6.24,46.31
2019-07-01,28.27,0.12,53.04,Cabudwaaq,6.24,46.31
2019-08-01,29.34,0.05,47.87,Cabudwaaq,6.24,46.31
2019-09-01,30.19,0.27,47.72,Cabudwaaq,6.24,46.31
2019-10-01,28.54,2.54,60.5,Cabudwaaq,6.24,46.31
2019-11-01,27.35,0.87,61.66,Cabudwaaq,6.24,46.31
2019-12-01,27.33,0.35,53.7,Cabudwaaq,6.24,46.31
2020-01-01,27.71,0.03,51.88,Cabudwaaq,6.24,46.31
2020-02-01,27.9,0.0,49.58,Cabudwaaq,6.24,46.31
2020-03-01,29.7,0.43,52.17,Cabudwaaq,6.24,46.31
2020-04-01,29.56,4.0,58.51,Cabudwaaq,6.24,46.31
2020-05-01,28.46,1.82,67.63,Cabudwaaq,6.24,46.31
2020-06-01,28.21,0.25,58.48,Cabudwaaq,6.24,46.31
2020-07-01,27.48,0.35,57.83,Cabudwaaq,6.24,46.31
2020-08-01,27.93,0.18,54.83,Cabudwaaq,6.24,46.31
2020-09-01,28.02,2.56,58.43,Cabudwaaq,6.24,46.31
2020-10-01,28.44,3.05,61.21,Cabudwaaq,6.24,46.31
2020-11-01,26.83,0.64,61.02,Cabudwaaq,6.24,46.31
2020-12-01,26.21,0.01,54.67,Cabudwaaq,6.24,46.31
2021-01-01,25.65,0.2,50.55,Cabudwaaq,6.24,46.31
2021-02-01,26.88,0.03,50.77,Cabudwaaq,6.24,46.31
2021-03-01,28.55,0.0,50.28,Cabudwaaq,6.24,46.31
2021-04-01,30.23,1.08,50.71,Cabudwaaq,6.24,46.31
2021-05-01,27.64,9.53,66.57,Cabudwaaq,6.24,46.31
2021-06-01,25.27,0.2,73.49,Cabudwaaq,6.24,46.31
2021-07-01,25.41,0.47,64.94,Cabudwaaq,6.24,46.31
2021-08-01,27.01,0.48,59.6,Cabudwaaq,6.24,46.31
2021-09-01,28.32,0.26,55.13,Cabudwaaq,6.24,46.31
2021-10-01,29.6,0.16,52.04,Cabudwaaq,6.24,46.31
2021-11-01,28.69,1.35,51.52,Cabudwaaq,6.24,46.31
2021-12-01,26.18,0.15,56.41,Cabudwaaq,6.24,46.31
2022-01-01,26.38,0.38,53.87,Cabudwaaq,6.24,46.31
2022-02-01,26.54,0.69,52.76,Cabudwaaq,6.24,46.31
2022-03-01,28.23,0.5,49.64,Cabudwaaq,6.24,46.31
2022-04-01,30.35,1.48,52.62,Cabudwaaq,6.24,46.31
2022-05-01,29.74,1.08,55.73,Cabudwaaq,6.24,46.31
2022-06-01,28.46,0.37,53.03,Cabudwaaq,6.24,46.31
2022-07-01,27.01,0.35,55.41,Cabudwaaq,6.24,46.31
2022-08-01,27.65,0.23,53.0,Cabudwaaq,6.24,46.31
2022-09-01,28.73,0.24,51.21,Cabudwaaq,6.24,46.31
2022-10-01,29.03,0.36,53.85,Cabudwaaq,6.24,46.31
2022-11-01,28.33,0.87,55.06,Cabudwaaq,6.24,46.31
2022-12-01,27.08,0.21,53.43,Cabudwaaq,6.24,46.31
2023-01-01,26.48,0.0,51.39,Cabudwaaq,6.24,46.31
2023-02-01,26.83,0.04,49.93,Cabudwaaq,6.24,46.31
2023-03-01,29.29,0.71,53.93,Cabudwaaq,6.24,46.31
2023-04-01,29.97,2.28,56.14,Cabudwaaq,6.24,46.31
2023-05-01,28.58,2.78,63.42,Cabudwaaq,6.24,46.31
2023-06-01,28.69,0.39,56.43,Cabudwaaq,6.24,46.31
2023-07-01,27.91,0.2,54.94,Cabudwaaq,6.24,46.31
2023-08-01,29.2,0.18,49.73,Cabudwaaq,6.24,46.31
2023-09-01,30.45,0.18,47.84,Cabudwaaq,6.24,46.31
2023-10-01,28.53,5.07,64.36,Cabudwaaq,6.24,46.31
2023-11-01,25.47,5.42,79.96,Cabudwaaq,6.24,46.31
2023-12-01,25.88,0.04,65.79,Cabudwaaq,6.24,46.31
2024-01-01,26.55,0.03,57.78,Cabudwaaq,6.24,46.31
2024-02-01,28.22,0.11,53.28,Cabudwaaq,6.24,46.31
2024-03-01,30.3,0.02,49.97,Cabudwaaq,6.24,46.31
2024-04-01,30.26,4.94,58.68,Cabudwaaq,6.24,46.31
2024-05-01,28.51,2.86,69.72,Cabudwaaq,6.24,46.31
2024-06-01,27.14,0.6,67.34,Cabudwaaq,6.24,46.31
2024-07-01,27.53,0.24,61.03,Cabudwaaq,6.24,46.31
2024-08-01,27.91,0.28,56.85,Cabudwaaq,6.24,46.31
2024-09-01,29.79,0.19,50.8,Cabudwaaq,6.24,46.31
2024-10-01,30.12,0.87,52.74,Cabudwaaq,6.24,46.31
2024-11-01,28.33,1.33,58.25,Cabudwaaq,6.24,46.31
2024-12-01,26.55,0.01,49.67,Cabudwaaq,6.24,46.31
2025-01-01,25.93,0.01,49.49,Cabudwaaq,6.24,46.31
2025-02-01,27.36,0.02,51.31,Cabudwaaq,6.24,46.31
2025-03-01,29.81,0.2,51.34,Cabudwaaq,6.24,46.31
2025-04-01,30.44,1.86,53.77,Cabudwaaq,6.24,46.31
2025-05-01,29.44,1.14,60.78,Cabudwaaq,6.24,46.31
2025-06-01,28.49,0.37,58.02,Cabudwaaq,6.24,46.31
2025-07-01,27.67,0.24,55.39,Cabudwaaq,6.24,46.31
2025-08-01,27.78,0.16,53.66,Cabudwaaq,6.24,46.31
2025-09-01,29.61,0.23,48.64,Cabudwaaq,6.24,46.31
2025-10-01,28.79,0.84,53.64,Cabudwaaq,6.24,46.31
2025-11-01,-999.0,-999.0,-999.0,Cabudwaaq,6.24,46.31
2025-12-01,-999.0,-999.0,-999.0,Cabudwaaq,6.24,46.31
2015-01-01,25.11,0.01,55.9,Cadaado,6.15,46.63
2015-02-01,26.7,0.02,54.71,Cadaado,6.15,46.63
2015-03-01,27.98,0.75,56.1,Cadaado,6.15,46.63
2015-04-01,29.95,1.06,56.54,Cadaado,6.15,46.63
2015-05-01,29.76,2.4,58.37,Cadaado,6.15,46.63
2015-06-01,28.76,0.96,56.23,Cadaado,6.15,46.63
2015-07-01,28.37,0.42,53.24,Cadaado,6.15,46.63
2015-08-01,28.58,0.44,53.51,Cadaado,6.15,46.63
2015-09-01,29.91,0.24,52.11,Cadaado,6.15,46.63
2015-10-01,29.14,3.45,62.01,Cadaado,6.15,46.63
2015-11-01,25.66,6.14,78.08,Cadaado,6.15,46.63
2015-12-01,25.39,0.61,67.79,Cadaado,6.15,46.63
2016-01-01,25.8,0.22,62.32,Cadaado,6.15,46.63
2016-02-01,26.36,0.01,56.57,Cadaado,6.15,46.63
2016-03-01,29.58,0.27,54.95,Cadaado,6.15,46.63
2016-04-01,30.14,2.18,57.36,Cadaado,6.15,46.63
2016-05-01,29.4,0.85,58.01,Cadaado,6.15,46.63
2016-06-01,28.85,0.09,52.4,Cadaado,6.15,46.63
2016-07-01,27.61,0.05,52.11,Cadaado,6.15,46.63
2016-08-01,28.32,0.17,50.67,Cadaado,6.15,46.63
2016-09-01,28.88,0.04,50.14,Cadaado,6.15,46.63
2016-10-01,29.02,0.39,54.49,Cadaado,6.15,46.63
2016-11-01,28.33,0.1,54.75,Cadaado,6.15,46.63
2016-12-01,27.15,0.0,54.49,Cadaado,6.15,46.63
2017-01-01,25.76,0.0,53.02,Cadaado,6.15,46.63
2017-02-01,27.65,0.02,55.25,Cadaado,6.15,46.63
2017-03-01,28.8,0.01,52.8,Cadaado,6.15,46.63
2017-04-01,30.68,0.38,51.66,Cadaado,6.15,46.63
2017-05-01,30.49,0.8,53.06,Cadaado,6.15,46.63
2017-06-01,30.29,0.05,48.24,Cadaado,6.15,46.63
2017-07-01,28.64,0.13,50.9,Cadaado,6.15,46.63
2017-08-01,29.29,0.06,49.6,Cadaado,6.15,46.63
2017-09-01,29.65,0.03,50.33,Cadaado,6.15,46.63
2017-10-01,29.72,0.83,54.87,Cadaado,6.15,46.63
2017-11-01,26.94,2.21,62.05,Cadaado,6.15,46.63
2017-12-01,25.33,0.03,54.49,Cadaado,6.15,46.63
2018-01-01,25.14,0.02,53.79,Cadaado,6.15,46.63
2018-02-01,27.36,0.0,53.73,Cadaado,6.15,46.63
2018-03-01,29.07,0.1,52.34,Cadaado,6.15,46.63
2018-04-01,29.08,2.32,61.42,Cadaado,6.15,46.63
2018-05-01,29.29,0.88,58.63,Cadaado,6.15,46.63
2018-06-01,28.93,0.21,52.07,Cadaado,6.15,46.63
2018-07-01,28.21,0.09,50.62,Cadaado,6.15,46.63
2018-08-01,28.26,0.3,52.44,Cadaado,6.15,46.63
2018-09-01,29.82,0.48,51.21,Cadaado,6.15,46.63
2018-10-01,29.36,0.36,54.6,Cadaado,6.15,46.63
2018-11-01,28.7,0.34,55.58,Cadaado,6.15,46.63
2018-12-01,27.62,0.06,54.25,Cadaado,6.15,46.63
2019-01-01,26.19,0.02,53.88,Cadaado,6.15,46.63
2019-02-01,27.72,0.02,54.97,Cadaado,6.15,46.63
2019-03-01,29.31,0.04,53.41,Cadaado,6.15,46.63
2019-04-01,30.72,0.23,53.15,Cadaado,6.15,46.63
2019-05-01,31.1,0.58,53.26,Cadaado,6.15,46.63
2019-06-01,29.23,1.46,54.58,Cadaado,6.15,46.63
2019-07-01,28.64,0.12,52.88,Cadaado,6.15,46.63
2019-08-01,29.51,0.05,49.37,Cadaado,6.15,46.63
2019-09-01,30.16,0.23,50.01,Cadaado,6.15,46.63
2019-10-01,28.92,2.24,60.35,Cadaado,6.15,46.63
2019-11-01,27.69,0.82,62.21,Cadaado,6.15,46.63
2019-12-01,27.75,0.29,55.15,Cadaado,6.15,46.63
2020-01-01,27.63,0.03,54.84,Cadaado,6.15,46.63
2020-02-01,27.72,0.0,53.11,Cadaado,6.15,46.63
2020-03-01,29.63,0.33,54.81,Cadaado,6.15,46.63
2020-04-01,29.54,3.71,60.33,Cadaado,6.15,46.63
2020-05-01,28.89,2.19,66.37,Cadaado,6.15,46.63
2020-06-01,28.75,0.23,57.37,Cadaado,6.15,46.63
2020-07-01,27.92,0.38,57.59,Cadaado,6.15,46.63
2020-08-01,28.22,0.15,54.82,Cadaado,6.15,46.63
2020-09-01,28.2,2.8,59.4,Cadaado,6.15,46.63
2020-10-01,28.67,2.78,62.04,Cadaado,6.15,46.63
2020-11-01,27.19,0.59,61.91,Cadaado,6.15,46.63
2020-12-01,26.48,0.01,56.73,Cadaado,6.15,46.63
2021-01-01,25.69,0.19,53.93,Cadaado,6.15,46.63
2021-02-01,26.84,0.03,54.27,Cadaado,6.15,46.63
2021-03-01,28.41,0.0,54.28,Cadaado,6.15,46.63
2021-04-01,30.19,0.94,52.72,Cadaado,6.15,46.63
2021-05-01,27.91,12.81,66.85,Cadaado,6.15,46.63
2021-06-01,25.12,0.19,77.17,Cadaado,6.15,46.63
2021-07-01,25.57,0.42,66.31,Cadaado,6.15,46.63
2021-08-01,27.28,0.44,60.15,Cadaado,6.15,46.63
2021-09-01,28.41,0.26,56.85,Cadaado,6.15,46.63
2021-10-01,29.6,0.15,54.32,Cadaado,6.15,46.63
2021-11-01,28.69,1.24,54.45,Cadaado,6.15,46.63
2021-12-01,26.5,0.14,57.84,Cadaado,6.15,46.63
2022-01-01,26.48,0.33,56.52,Cadaado,6.15,46.63
2022-02-01,26.61,0.66,55.38,Cadaado,6.15,46.63
2022-03-01,28.23,0.43,52.77,Cadaado,6.15,46.63
2022-04-01,30.5,1.47,54.23,Cadaado,6.15,46.63
2022-05-01,30.32,1.14,54.2,Cadaado,6.15,46.63
2022-06-01,28.81,0.34,53.05,Cadaado,6.15,46.63
2022-07-01,27.29,0.32,55.77,Cadaado,6.15,46.63
2022-08-01,27.91,0.21,53.69,Cadaado,6.15,46.63
2022-09-01,28.95,0.24,52.25,Cadaado,6.15,46.63
2022-10-01,29.13,0.37,55.52,Cadaado,6.15,46.63
2022-11-01,28.42,0.82,56.81,Cadaado,6.15,46.63
2022-12-01,27.26,0.22,55.89,Cadaado,6.15,46.63
2023-01-01,26.47,0.0,54.67,Cadaado,6.15,46.63
2023-02-01,26.84,0.03,53.65,Cadaado,6.15,46.63
2023-03-01,29.25,0.62,56.8,Cadaado,6.15,46.63
2023-04-01,30.09,2.12,57.67,Cadaado,6.15,46.63
2023-05-01,29.07,2.94,62.38,Cadaado,6.15,46.63
2023-06-01,29.18,0.34,55.17,Cadaado,6.15,46.63
2023-07-01,28.27,0.2,54.86,Cadaado,6.15,46.63
2023-08-01,29.44,0.16,50.93,Cadaado,6.15,46.63
2023-09-01,30.34,0.17,50.73,Cadaado,6.15,46.63
2023-10-01,28.69,5.29,65.41,Cadaado,6.15,46.63
2023-11-01,25.76,4.8,80.24,Cadaado,6.15,46.63
2023-12-01,26.27,0.04,65.97,Cadaado,6.15,46.63
2024-01-01,26.67,0.04,60.37,Cadaado,6.15,46.63
2024-02-01,28.13,0.1,56.44,Cadaado,6.15,46.63
2024-03-01,30.14,0.02,53.26,Cadaado,6.15,46.63
2024-04-01,30.14,5.96,61.88,Cadaado,6.15,46.63
2024-05-01,28.57,2.58,71.2,Cadaado,6.15,46.63
2024-06-01,27.69,0.52,65.67,Cadaado,6.15,46.63
2024-07-01,27.86,0.16,60.86,Cadaado,6.15,46.63
2024-08-01,28.26,0.23,56.9,Cadaado,6.15,46.63
2024-09-01,29.96,0.18,51.97,Cadaado,6.15,46.63
2024-10-01,30.16,0.87,54.39,Cadaado,6.15,46.63
2024-11-01,28.47,1.31,59.73,Cadaado,6.15,46.63
2024-12-01,26.76,0.01,52.41,Cadaado,6.15,46.63
2025-01-01,25.95,0.01,53.06,Cadaado,6.15,46.63
2025-02-01,27.28,0.02,55.05,Cadaado,6.15,46.63
2025-03-01,29.72,0.2,54.49,Cadaado,6.15,46.63
2025-04-01,30.61,1.72,54.78,Cadaado,6.15,46.63
2025-05-01,29.8,1.02,60.3,Cadaado,6.15,46.63
2025-06-01,28.78,0.39,58.06,Cadaado,6.15,46.63
2025-07-01,27.99,0.21,55.7,Cadaado,6.15,46.63
2025-08-01,28.1,0.14,54.16,Cadaado,6.15,46.63
2025-09-01,29.61,0.21,50.84,Cadaado,6.15,46.63
2025-10-01,29.01,0.64,54.81,Cadaado,6.15,46.63
2025-11-01,-999.0,-999.0,-999.0,Cadaado,6.15,46.63
2025-12-01,-999.0,-999.0,-999.0,Cadaado,6.15,46.63
2015-01-01,25.98,0.0,66.52,Cadale,2.76,46.32
2015-02-01,26.62,0.0,67.16,Cadale,2.76,46.32
2015-03-01,27.61,1.42,68.21,Cadale,2.76,46.32
2015-04-01,29.01,0.98,68.68,Cadale,2.76,46.32
2015-05-01,28.34,3.42,73.38,Cadale,2.76,46.32
2015-06-01,27.12,0.56,72.36,Cadale,2.76,46.32
2015-07-01,26.09,2.13,71.55,Cadale,2.76,46.32
2015-08-01,25.93,2.7,74.22,Cadale,2.76,46.32
2015-09-01,26.93,1.34,73.62,Cadale,2.76,46.32
2015-10-01,27.48,3.45,77.11,Cadale,2.76,46.32
2015-11-01,26.77,5.38,80.96,Cadale,2.76,46.32
2015-12-01,26.55,2.7,76.99,Cadale,2.76,46.32
2016-01-01,26.7,0.07,71.2,Cadale,2.76,46.32
2016-02-01,27.09,0.01,68.41,Cadale,2.76,46.32
2016-03-01,29.09,0.37,67.44,Cadale,2.76,46.32
2016-04-01,29.19,3.54,68.81,Cadale,2.76,46.32
2016-05-01,27.85,0.91,72.42,Cadale,2.76,46.32
2016-06-01,26.84,0.08,70.15,Cadale,2.76,46.32
2016-07-01,25.14,0.01,70.36,Cadale,2.76,46.32
2016-08-01,25.83,0.0,69.88,Cadale,2.76,46.32
2016-09-01,26.31,0.0,68.24,Cadale,2.76,46.32
2016-10-01,27.3,0.01,68.43,Cadale,2.76,46.32
2016-11-01,28.12,0.03,67.13,Cadale,2.76,46.32
2016-12-01,27.76,0.02,64.67,Cadale,2.76,46.32
2017-01-01,26.93,0.0,63.09,Cadale,2.76,46.32
2017-02-01,27.67,0.0,66.37,Cadale,2.76,46.32
2017-03-01,28.43,0.0,65.11,Cadale,2.76,46.32
2017-04-01,29.42,0.39,65.41,Cadale,2.76,46.32
2017-05-01,28.65,0.4,69.27,Cadale,2.76,46.32
2017-06-01,27.55,0.0,67.83,Cadale,2.76,46.32
2017-07-01,26.48,0.0,68.87,Cadale,2.76,46.32
2017-08-01,26.81,0.13,68.92,Cadale,2.76,46.32
2017-09-01,27.1,0.0,68.01,Cadale,2.76,46.32
2017-10-01,27.83,0.65,69.2,Cadale,2.76,46.32
2017-11-01,27.56,2.91,70.1,Cadale,2.76,46.32
2017-12-01,26.74,0.0,65.11,Cadale,2.76,46.32
2018-01-01,25.95,0.0,66.4,Cadale,2.76,46.32
2018-02-01,27.39,0.0,67.43,Cadale,2.76,46.32
2018-03-01,28.69,0.1,65.75,Cadale,2.76,46.32
2018-04-01,28.47,3.06,71.32,Cadale,2.76,46.32
2018-05-01,28.19,0.34,72.42,Cadale,2.76,46.32
2018-06-01,26.83,0.26,69.29,Cadale,2.76,46.32
2018-07-01,25.74,0.06,69.74,Cadale,2.76,46.32
2018-08-01,25.72,0.93,71.49,Cadale,2.76,46.32
2018-09-01,27.02,0.17,69.91,Cadale,2.76,46.32
2018-10-01,27.68,0.28,68.98,Cadale,2.76,46.32
2018-11-01,28.64,0.12,65.71,Cadale,2.76,46.32
2018-12-01,28.07,0.09,66.39,Cadale,2.76,46.32
2019-01-01,27.08,0.0,64.19,Cadale,2.76,46.32
2019-02-01,27.64,0.02,67.07,Cadale,2.76,46.32
2019-03-01,28.88,0.0,64.65,Cadale,2.76,46.32
2019-04-01,29.86,0.09,64.55,Cadale,2.76,46.32
2019-05-01,29.1,1.14,70.8,Cadale,2.76,46.32
2019-06-01,27.25,1.42,71.28,Cadale,2.76,46.32
2019-07-01,26.29,0.34,72.47,Cadale,2.76,46.32
2019-08-01,26.43,0.34,71.58,Cadale,2.76,46.32
2019-09-01,27.01,0.37,70.88,Cadale,2.76,46.32
2019-10-01,27.51,3.45,74.94,Cadale,2.76,46.32
2019-11-01,27.68,2.17,73.1,Cadale,2.76,46.32
2019-12-01,27.83,0.24,69.95,Cadale,2.76,46.32
2020-01-01,27.65,0.0,68.13,Cadale,2.76,46.32
2020-02-01,27.78,0.0,66.75,Cadale,2.76,46.32
2020-03-01,28.99,0.01,67.73,Cadale,2.76,46.32
2020-04-01,29.62,0.99,66.86,Cadale,2.76,46.32
2020-05-01,27.89,6.02,77.97,Cadale,2.76,46.32
2020-06-01,26.61,3.21,78.87,Cadale,2.76,46.32
2020-07-01,25.58,2.55,78.44,Cadale,2.76,46.32
2020-08-01,25.06,2.26,77.95,Cadale,2.76,46.32
2020-09-01,25.41,6.91,80.46,Cadale,2.76,46.32
2020-10-01,26.73,1.34,80.26,Cadale,2.76,46.32
2020-11-01,26.69,1.77,78.13,Cadale,2.76,46.32
2020-12-01,26.98,0.0,69.56,Cadale,2.76,46.32
2021-01-01,26.25,0.15,67.72,Cadale,2.76,46.32
2021-02-01,26.63,0.0,67.29,Cadale,2.76,46.32
2021-03-01,28.08,0.0,67.01,Cadale,2.76,46.32
2021-04-01,29.36,0.5,65.16,Cadale,2.76,46.32
2021-05-01,27.47,4.01,73.06,Cadale,2.76,46.32
2021-06-01,26.4,1.49,73.8,Cadale,2.76,46.32
2021-07-01,25.41,2.39,75.0,Cadale,2.76,46.32
2021-08-01,25.04,5.33,79.63,Cadale,2.76,46.32
2021-09-01,25.5,4.2,80.36,Cadale,2.76,46.32
2021-10-01,26.72,0.25,75.28,Cadale,2.76,46.32
2021-11-01,27.68,1.32,70.51,Cadale,2.76,46.32
2021-12-01,27.21,0.02,68.85,Cadale,2.76,46.32
2022-01-01,26.54,2.8,68.52,Cadale,2.76,46.32
2022-02-01,26.85,0.72,69.0,Cadale,2.76,46.32
2022-03-01,27.88,0.0,66.03,Cadale,2.76,46.32
2022-04-01,29.19,0.56,68.08,Cadale,2.76,46.32
2022-05-01,28.43,1.16,70.38,Cadale,2.76,46.32
2022-06-01,26.32,6.0,75.03,Cadale,2.76,46.32
2022-07-01,24.71,2.89,77.46,Cadale,2.76,46.32
2022-08-01,24.96,2.6,76.62,Cadale,2.76,46.32
2022-09-01,25.79,0.75,75.55,Cadale,2.76,46.32
2022-10-01,26.56,0.15,73.66,Cadale,2.76,46.32
2022-11-01,27.8,0.53,69.1,Cadale,2.76,46.32
2022-12-01,25.88,7.62,79.08,Cadale,2.76,46.32
2023-01-01,26.2,0.0,70.77,Cadale,2.76,46.32
2023-02-01,26.59,0.0,67.85,Cadale,2.76,46.32
2023-03-01,28.39,0.57,70.08,Cadale,2.76,46.32
2023-04-01,28.61,3.75,72.65,Cadale,2.76,46.32
2023-05-01,27.88,2.31,75.57,Cadale,2.76,46.32
2023-06-01,27.31,0.41,71.98,Cadale,2.76,46.32
2023-07-01,26.13,1.36,73.63,Cadale,2.76,46.32
2023-08-01,26.65,0.76,72.75,Cadale,2.76,46.32
2023-09-01,27.32,0.3,72.3,Cadale,2.76,46.32
2023-10-01,27.32,11.84,78.61,Cadale,2.76,46.32
2023-11-01,25.86,17.12,88.47,Cadale,2.76,46.32
2023-12-01,25.51,0.02,87.18,Cadale,2.76,46.32
2024-01-01,25.46,0.0,84.04,Cadale,2.76,46.32
2024-02-01,27.01,0.01,76.7,Cadale,2.76,46.32
2024-03-01,28.82,0.08,69.3,Cadale,2.76,46.32
2024-04-01,29.18,1.95,73.03,Cadale,2.76,46.32
2024-05-01,28.0,13.69,80.26,Cadale,2.76,46.32
2024-06-01,25.62,4.35,85.28,Cadale,2.76,46.32
2024-07-01,24.99,0.59,84.08,Cadale,2.76,46.32
2024-08-01,25.24,1.8,80.68,Cadale,2.76,46.32
2024-09-01,26.36,0.57,76.57,Cadale,2.76,46.32
2024-10-01,27.35,0.28,73.28,Cadale,2.76,46.32
2024-11-01,27.9,2.18,72.75,Cadale,2.76,46.32
2024-12-01,27.42,0.0,66.26,Cadale,2.76,46.32
2025-01-01,26.62,0.0,66.6,Cadale,2.76,46.32
2025-02-01,27.28,0.0,67.54,Cadale,2.76,46.32
2025-03-01,29.15,1.08,67.83,Cadale,2.76,46.32
2025-04-01,29.69,0.54,66.26,Cadale,2.76,46.32
2025-05-01,27.52,8.02,80.04,Cadale,2.76,46.32
2025-06-01,26.04,4.79,80.97,Cadale,2.76,46.32
2025-07-01,25.04,1.8,79.66,Cadale,2.76,46.32
2025-08-01,25.5,0.79,75.14,Cadale,2.76,46.32
2025-09-01,26.46,0.47,72.61,Cadale,2.76,46.32
2025-10-01,27.32,0.2,71.94,Cadale,2.76,46.32
2025-11-01,-999.0,-999.0,-999.0,Cadale,2.76,46.32
2025-12-01,-999.0,-999.0,-999.0,Cadale,2.76,46.32
2015-01-01,24.06,0.02,47.02,Ceel Barde,4.83,43.66
2015-02-01,27.28,0.01,41.77,Ceel Barde,4.83,43.66
2015-03-01,28.39,1.86,46.34,Ceel Barde,4.83,43.66
2015-04-01,27.94,4.22,65.32,Ceel Barde,4.83,43.66
2015-05-01,26.48,2.37,72.85,Ceel Barde,4.83,43.66
2015-06-01,26.58,0.21,61.42,Ceel Barde,4.83,43.66
2015-07-01,26.74,0.13,55.38,Ceel Barde,4.83,43.66
2015-08-01,27.05,0.25,54.42,Ceel Barde,4.83,43.66
2015-09-01,28.98,0.07,47.93,Ceel Barde,4.83,43.66
2015-10-01,27.86,5.38,63.83,Ceel Barde,4.83,43.66
2015-11-01,24.89,6.42,78.75,Ceel Barde,4.83,43.66
2015-12-01,24.2,1.39,69.92,Ceel Barde,4.83,43.66
2016-01-01,25.46,0.06,56.88,Ceel Barde,4.83,43.66
2016-02-01,26.62,0.05,45.78,Ceel Barde,4.83,43.66
2016-03-01,30.65,0.25,43.92,Ceel Barde,4.83,43.66
2016-04-01,29.55,4.63,57.27,Ceel Barde,4.83,43.66
2016-05-01,26.23,1.46,70.15,Ceel Barde,4.83,43.66
2016-06-01,26.12,0.07,61.28,Ceel Barde,4.83,43.66
2016-07-01,25.92,0.03,54.06,Ceel Barde,4.83,43.66
2016-08-01,26.77,0.04,50.77,Ceel Barde,4.83,43.66
2016-09-01,27.71,0.02,47.17,Ceel Barde,4.83,43.66
2016-10-01,28.79,0.22,49.47,Ceel Barde,4.83,43.66
2016-11-01,28.62,0.44,46.93,Ceel Barde,4.83,43.66
2016-12-01,26.98,0.1,42.42,Ceel Barde,4.83,43.66
2017-01-01,25.77,0.0,37.43,Ceel Barde,4.83,43.66
2017-02-01,28.62,0.02,43.26,Ceel Barde,4.83,43.66
2017-03-01,29.61,0.03,39.93,Ceel Barde,4.83,43.66
2017-04-01,30.79,1.12,45.43,Ceel Barde,4.83,43.66
2017-05-01,28.36,1.09,59.62,Ceel Barde,4.83,43.66
2017-06-01,27.73,0.11,56.09,Ceel Barde,4.83,43.66
2017-07-01,26.82,0.02,53.05,Ceel Barde,4.83,43.66
2017-08-01,27.8,0.07,50.55,Ceel Barde,4.83,43.66
2017-09-01,28.7,0.17,47.61,Ceel Barde,4.83,43.66
2017-10-01,28.73,1.62,54.31,Ceel Barde,4.83,43.66
2017-11-01,25.66,2.8,62.58,Ceel Barde,4.83,43.66
2017-12-01,24.32,0.0,47.68,Ceel Barde,4.83,43.66
2018-01-01,24.99,0.0,40.91,Ceel Barde,4.83,43.66
2018-02-01,28.45,0.01,42.31,Ceel Barde,4.83,43.66
2018-03-01,29.52,0.4,42.16,Ceel Barde,4.83,43.66
2018-04-01,27.22,6.63,69.3,Ceel Barde,4.83,43.66
2018-05-01,26.01,1.82,73.88,Ceel Barde,4.83,43.66
2018-06-01,26.05,0.21,62.0,Ceel Barde,4.83,43.66
2018-07-01,25.98,0.13,55.5,Ceel Barde,4.83,43.66
2018-08-01,26.91,0.24,51.91,Ceel Barde,4.83,43.66
2018-09-01,28.75,0.63,48.17,Ceel Barde,4.83,43.66
2018-10-01,28.14,1.31,55.09,Ceel Barde,4.83,43.66
2018-11-01,28.34,0.83,51.16,Ceel Barde,4.83,43.66
2018-12-01,27.56,0.28,46.4,Ceel Barde,4.83,43.66
2019-01-01,26.57,0.04,40.71,Ceel Barde,4.83,43.66
2019-02-01,28.64,0.03,41.81,Ceel Barde,4.83,43.66
2019-03-01,30.13,0.01,40.86,Ceel Barde,4.83,43.66
2019-04-01,30.74,1.38,48.42,Ceel Barde,4.83,43.66
2019-05-01,28.54,2.43,61.65,Ceel Barde,4.83,43.66
2019-06-01,27.01,0.61,61.11,Ceel Barde,4.83,43.66
2019-07-01,26.96,0.05,55.47,Ceel Barde,4.83,43.66
2019-08-01,27.89,0.04,49.3,Ceel Barde,4.83,43.66
2019-09-01,29.0,0.6,48.0,Ceel Barde,4.83,43.66
2019-10-01,26.18,8.0,73.73,Ceel Barde,4.83,43.66
2019-11-01,25.29,2.53,73.89,Ceel Barde,4.83,43.66
2019-12-01,25.34,2.06,62.16,Ceel Barde,4.83,43.66
2020-01-01,26.64,0.05,53.31,Ceel Barde,4.83,43.66
2020-02-01,28.17,0.01,44.05,Ceel Barde,4.83,43.66
2020-03-01,30.16,0.85,46.43,Ceel Barde,4.83,43.66
2020-04-01,28.55,5.94,62.02,Ceel Barde,4.83,43.66
2020-05-01,26.17,1.69,76.17,Ceel Barde,4.83,43.66
2020-06-01,26.2,0.22,65.71,Ceel Barde,4.83,43.66
2020-07-01,25.87,0.24,61.18,Ceel Barde,4.83,43.66
2020-08-01,26.73,0.15,56.47,Ceel Barde,4.83,43.66
2020-09-01,27.67,0.62,54.65,Ceel Barde,4.83,43.66
2020-10-01,27.65,4.02,62.33,Ceel Barde,4.83,43.66
2020-11-01,26.0,1.45,63.85,Ceel Barde,4.83,43.66
2020-12-01,25.63,0.34,51.25,Ceel Barde,4.83,43.66
2021-01-01,24.82,1.39,49.69,Ceel Barde,4.83,43.66
2021-02-01,26.9,0.09,44.53,Ceel Barde,4.83,43.66
2021-03-01,29.03,0.15,41.93,Ceel Barde,4.83,43.66
2021-04-01,29.9,2.42,51.05,Ceel Barde,4.83,43.66
2021-05-01,26.9,2.39,65.12,Ceel Barde,4.83,43.66
2021-06-01,26.22,0.45,60.83,Ceel Barde,4.83,43.66
2021-07-01,25.2,0.54,60.17,Ceel Barde,4.83,43.66
2021-08-01,26.16,1.0,58.92,Ceel Barde,4.83,43.66
2021-09-01,27.57,0.3,54.74,Ceel Barde,4.83,43.66
2021-10-01,28.74,0.61,52.21,Ceel Barde,4.83,43.66
2021-11-01,28.73,4.6,49.92,Ceel Barde,4.83,43.66
2021-12-01,25.18,0.59,58.95,Ceel Barde,4.83,43.66
2022-01-01,25.57,0.69,51.3,Ceel Barde,4.83,43.66
2022-02-01,26.19,0.48,50.05,Ceel Barde,4.83,43.66
2022-03-01,28.5,0.36,43.96,Ceel Barde,4.83,43.66
2022-04-01,29.33,3.73,55.17,Ceel Barde,4.83,43.66
2022-05-01,27.08,0.79,67.31,Ceel Barde,4.83,43.66
2022-06-01,25.92,0.62,63.58,Ceel Barde,4.83,43.66
2022-07-01,25.11,0.24,60.44,Ceel Barde,4.83,43.66
2022-08-01,25.96,0.43,56.68,Ceel Barde,4.83,43.66
2022-09-01,27.52,0.1,52.03,Ceel Barde,4.83,43.66
2022-10-01,28.32,0.73,53.68,Ceel Barde,4.83,43.66
2022-11-01,27.94,2.74,54.82,Ceel Barde,4.83,43.66
2022-12-01,25.83,0.46,55.59,Ceel Barde,4.83,43.66
2023-01-01,26.14,0.03,45.66,Ceel Barde,4.83,43.66
2023-02-01,27.2,0.01,39.11,Ceel Barde,4.83,43.66
2023-03-01,29.34,1.8,50.12,Ceel Barde,4.83,43.66
2023-04-01,28.37,6.44,62.49,Ceel Barde,4.83,43.66
2023-05-01,26.53,1.9,71.51,Ceel Barde,4.83,43.66
2023-06-01,26.52,0.57,64.35,Ceel Barde,4.83,43.66
2023-07-01,26.05,0.08,60.65,Ceel Barde,4.83,43.66
2023-08-01,27.57,0.11,53.38,Ceel Barde,4.83,43.66
2023-09-01,29.65,0.03,47.13,Ceel Barde,4.83,43.66
2023-10-01,27.34,9.28,68.24,Ceel Barde,4.83,43.66
2023-11-01,24.54,12.82,83.74,Ceel Barde,4.83,43.66
2023-12-01,23.79,0.04,78.6,Ceel Barde,4.83,43.66
2024-01-01,24.53,0.08,68.07,Ceel Barde,4.83,43.66
2024-02-01,27.47,0.17,54.74,Ceel Barde,4.83,43.66
2024-03-01,30.08,0.02,47.5,Ceel Barde,4.83,43.66
2024-04-01,28.67,5.79,65.11,Ceel Barde,4.83,43.66
2024-05-01,26.74,3.44,75.09,Ceel Barde,4.83,43.66
2024-06-01,26.03,0.74,68.48,Ceel Barde,4.83,43.66
2024-07-01,26.65,0.06,61.3,Ceel Barde,4.83,43.66
2024-08-01,27.11,0.21,56.32,Ceel Barde,4.83,43.66
2024-09-01,28.9,0.01,49.79,Ceel Barde,4.83,43.66
2024-10-01,29.32,1.55,52.39,Ceel Barde,4.83,43.66
2024-11-01,27.14,3.21,63.39,Ceel Barde,4.83,43.66
2024-12-01,25.69,0.01,48.41,Ceel Barde,4.83,43.66
2025-01-01,26.18,0.01,40.31,Ceel Barde,4.83,43.66
2025-02-01,28.05,0.0,40.88,Ceel Barde,4.83,43.66
2025-03-01,30.25,0.77,45.94,Ceel Barde,4.83,43.66
2025-04-01,29.43,2.75,56.71,Ceel Barde,4.83,43.66
2025-05-01,26.87,2.89,71.63,Ceel Barde,4.83,43.66
2025-06-01,26.45,0.58,64.62,Ceel Barde,4.83,43.66
2025-07-01,26.0,0.15,59.64,Ceel Barde,4.83,43.66
2025-08-01,26.81,0.07,53.46,Ceel Barde,4.83,43.66
2025-09-01,28.43,0.16,47.85,Ceel Barde,4.83,43.66
2025-10-01,28.31,1.46,53.56,Ceel Barde,4.83,43.66
2025-11-01,-999.0,-999.0,-999.0,Ceel Barde,4.83,43.66
2025-12-01,-999.0,-999.0,-999.0,Ceel Barde,4.83,43.66
2015-01-01,26.72,0.0,35.69,Ceel Waaq,2.79,41.0
2015-02-01,30.16,0.01,38.38,Ceel Waaq,2.79,41.0
2015-03-01,29.8,0.82,44.49,Ceel Waaq,2.79,41.0
2015-04-01,27.65,2.54,67.13,Ceel Waaq,2.79,41.0
2015-05-01,27.4,1.63,67.15,Ceel Waaq,2.79,41.0
2015-06-01,27.13,0.51,57.88,Ceel Waaq,2.79,41.0
2015-07-01,26.71,0.38,56.93,Ceel Waaq,2.79,41.0
2015-08-01,26.61,1.04,57.27,Ceel Waaq,2.79,41.0
2015-09-01,28.27,0.08,51.31,Ceel Waaq,2.79,41.0
2015-10-01,28.71,1.78,57.86,Ceel Waaq,2.79,41.0
2015-11-01,27.34,3.67,66.93,Ceel Waaq,2.79,41.0
2015-12-01,27.86,0.95,54.73,Ceel Waaq,2.79,41.0
2016-01-01,29.18,0.25,42.15,Ceel Waaq,2.79,41.0
2016-02-01,29.36,0.6,37.24,Ceel Waaq,2.79,41.0
2016-03-01,31.88,0.58,45.2,Ceel Waaq,2.79,41.0
2016-04-01,29.39,3.39,60.7,Ceel Waaq,2.79,41.0
2016-05-01,26.9,1.74,65.77,Ceel Waaq,2.79,41.0
2016-06-01,26.63,0.38,59.39,Ceel Waaq,2.79,41.0
2016-07-01,25.81,0.3,56.11,Ceel Waaq,2.79,41.0
2016-08-01,26.35,0.31,54.0,Ceel Waaq,2.79,41.0
2016-09-01,27.01,0.19,51.06,Ceel Waaq,2.79,41.0
2016-10-01,28.76,0.35,50.16,Ceel Waaq,2.79,41.0
2016-11-01,28.0,2.76,58.12,Ceel Waaq,2.79,41.0
2016-12-01,27.98,1.09,49.44,Ceel Waaq,2.79,41.0
2017-01-01,27.84,0.0,32.87,Ceel Waaq,2.79,41.0
2017-02-01,30.51,0.35,41.5,Ceel Waaq,2.79,41.0
2017-03-01,31.04,0.47,41.36,Ceel Waaq,2.79,41.0
2017-04-01,29.86,2.38,53.5,Ceel Waaq,2.79,41.0
2017-05-01,27.59,1.3,65.31,Ceel Waaq,2.79,41.0
2017-06-01,26.98,0.8,62.1,Ceel Waaq,2.79,41.0
2017-07-01,26.32,0.14,57.13,Ceel Waaq,2.79,41.0
2017-08-01,27.09,0.57,55.2,Ceel Waaq,2.79,41.0
2017-09-01,27.8,0.61,51.8,Ceel Waaq,2.79,41.0
2017-10-01,28.61,1.46,55.45,Ceel Waaq,2.79,41.0
2017-11-01,26.88,3.43,63.79,Ceel Waaq,2.79,41.0
2017-12-01,26.79,0.01,41.15,Ceel Waaq,2.79,41.0
2018-01-01,27.37,0.0,34.6,Ceel Waaq,2.79,41.0
2018-02-01,30.1,0.36,41.32,Ceel Waaq,2.79,41.0
2018-03-01,29.36,2.09,52.39,Ceel Waaq,2.79,41.0
2018-04-01,26.62,5.19,73.12,Ceel Waaq,2.79,41.0
2018-05-01,26.21,1.42,74.13,Ceel Waaq,2.79,41.0
2018-06-01,25.84,0.15,65.17,Ceel Waaq,2.79,41.0
2018-07-01,25.53,0.16,60.85,Ceel Waaq,2.79,41.0
2018-08-01,26.45,0.06,55.74,Ceel Waaq,2.79,41.0
2018-09-01,28.06,0.49,52.7,Ceel Waaq,2.79,41.0
2018-10-01,28.38,2.63,54.96,Ceel Waaq,2.79,41.0
2018-11-01,27.97,2.27,60.7,Ceel Waaq,2.79,41.0
2018-12-01,27.93,0.71,53.39,Ceel Waaq,2.79,41.0
2019-01-01,28.65,0.06,37.94,Ceel Waaq,2.79,41.0
2019-02-01,30.8,0.11,39.29,Ceel Waaq,2.79,41.0
2019-03-01,31.61,0.39,42.3,Ceel Waaq,2.79,41.0
2019-04-01,30.32,3.0,54.09,Ceel Waaq,2.79,41.0
2019-05-01,27.51,2.91,68.24,Ceel Waaq,2.79,41.0
2019-06-01,26.36,0.01,65.69,Ceel Waaq,2.79,41.0
2019-07-01,26.58,0.12,58.89,Ceel Waaq,2.79,41.0
2019-08-01,27.03,0.06,55.26,Ceel Waaq,2.79,41.0
2019-09-01,28.1,0.64,53.22,Ceel Waaq,2.79,41.0
2019-10-01,26.49,4.23,72.08,Ceel Waaq,2.79,41.0
2019-11-01,26.47,3.81,70.6,Ceel Waaq,2.79,41.0
2019-12-01,26.66,3.02,62.82,Ceel Waaq,2.79,41.0
2020-01-01,28.63,0.06,48.89,Ceel Waaq,2.79,41.0
2020-02-01,31.02,0.02,41.11,Ceel Waaq,2.79,41.0
2020-03-01,31.38,0.51,46.79,Ceel Waaq,2.79,41.0
2020-04-01,28.6,7.65,64.53,Ceel Waaq,2.79,41.0
2020-05-01,26.46,1.11,73.17,Ceel Waaq,2.79,41.0
2020-06-01,26.54,0.3,63.74,Ceel Waaq,2.79,41.0
2020-07-01,26.49,0.06,57.88,Ceel Waaq,2.79,41.0
2020-08-01,26.94,0.08,55.72,Ceel Waaq,2.79,41.0
2020-09-01,27.58,0.74,55.61,Ceel Waaq,2.79,41.0
2020-10-01,28.24,1.94,58.6,Ceel Waaq,2.79,41.0
2020-11-01,27.05,3.87,66.45,Ceel Waaq,2.79,41.0
2020-12-01,27.94,3.14,45.95,Ceel Waaq,2.79,41.0
2021-01-01,27.03,0.75,45.98,Ceel Waaq,2.79,41.0
2021-02-01,29.48,0.12,40.9,Ceel Waaq,2.79,41.0
2021-03-01,30.11,1.22,45.56,Ceel Waaq,2.79,41.0
2021-04-01,29.19,2.06,58.66,Ceel Waaq,2.79,41.0
2021-05-01,27.9,1.58,58.77,Ceel Waaq,2.79,41.0
2021-06-01,26.94,0.48,56.96,Ceel Waaq,2.79,41.0
2021-07-01,26.03,0.36,56.15,Ceel Waaq,2.79,41.0
2021-08-01,26.67,0.76,55.02,Ceel Waaq,2.79,41.0
2021-09-01,27.77,0.81,53.83,Ceel Waaq,2.79,41.0
2021-10-01,28.88,0.71,51.37,Ceel Waaq,2.79,41.0
2021-11-01,29.46,17.75,53.25,Ceel Waaq,2.79,41.0
2021-12-01,25.44,1.41,71.01,Ceel Waaq,2.79,41.0
2022-01-01,26.81,0.31,52.52,Ceel Waaq,2.79,41.0
2022-02-01,28.92,0.1,42.71,Ceel Waaq,2.79,41.0
2022-03-01,30.36,0.28,43.71,Ceel Waaq,2.79,41.0
2022-04-01,28.63,11.17,62.67,Ceel Waaq,2.79,41.0
2022-05-01,25.98,1.21,76.13,Ceel Waaq,2.79,41.0
2022-06-01,25.41,0.81,68.92,Ceel Waaq,2.79,41.0
2022-07-01,24.74,0.43,62.98,Ceel Waaq,2.79,41.0
2022-08-01,24.7,1.56,64.92,Ceel Waaq,2.79,41.0
2022-09-01,26.32,0.21,59.05,Ceel Waaq,2.79,41.0
2022-10-01,27.95,0.41,55.65,Ceel Waaq,2.79,41.0
2022-11-01,28.82,0.97,54.53,Ceel Waaq,2.79,41.0
2022-12-01,28.32,0.66,50.56,Ceel Waaq,2.79,41.0
2023-01-01,28.68,0.22,39.9,Ceel Waaq,2.79,41.0
2023-02-01,29.55,0.04,36.13,Ceel Waaq,2.79,41.0
2023-03-01,29.73,3.18,52.63,Ceel Waaq,2.79,41.0
2023-04-01,27.42,6.8,70.37,Ceel Waaq,2.79,41.0
2023-05-01,27.33,0.56,66.48,Ceel Waaq,2.79,41.0
2023-06-01,24.88,9.0,77.09,Ceel Waaq,2.79,41.0
2023-07-01,24.63,0.08,70.64,Ceel Waaq,2.79,41.0
2023-08-01,26.43,0.11,61.18,Ceel Waaq,2.79,41.0
2023-09-01,28.37,0.05,55.32,Ceel Waaq,2.79,41.0
2023-10-01,27.87,6.56,65.14,Ceel Waaq,2.79,41.0
2023-11-01,25.1,10.62,83.66,Ceel Waaq,2.79,41.0
2023-12-01,25.92,0.07,71.07,Ceel Waaq,2.79,41.0
2024-01-01,27.63,0.0,54.27,Ceel Waaq,2.79,41.0
2024-02-01,30.68,0.29,44.69,Ceel Waaq,2.79,41.0
2024-03-01,31.89,0.48,44.49,Ceel Waaq,2.79,41.0
2024-04-01,27.55,7.48,73.4,Ceel Waaq,2.79,41.0
2024-05-01,26.67,4.32,75.2,Ceel Waaq,2.79,41.0
2024-06-01,26.65,0.2,63.84,Ceel Waaq,2.79,41.0
2024-07-01,27.07,0.04,58.08,Ceel Waaq,2.79,41.0
2024-08-01,27.11,0.55,56.52,Ceel Waaq,2.79,41.0
2024-09-01,28.45,0.09,52.24,Ceel Waaq,2.79,41.0
2024-10-01,29.52,0.51,50.7,Ceel Waaq,2.79,41.0
2024-11-01,28.42,2.4,62.74,Ceel Waaq,2.79,41.0
2024-12-01,28.45,0.0,43.72,Ceel Waaq,2.79,41.0
2025-01-01,28.72,0.0,34.94,Ceel Waaq,2.79,41.0
2025-02-01,30.67,0.0,35.37,Ceel Waaq,2.79,41.0
2025-03-01,31.1,2.52,49.6,Ceel Waaq,2.79,41.0
2025-04-01,28.38,3.95,65.12,Ceel Waaq,2.79,41.0
2025-05-01,27.67,1.13,67.06,Ceel Waaq,2.79,41.0
2025-06-01,27.22,0.16,60.56,Ceel Waaq,2.79,41.0
2025-07-01,26.51,0.05,57.06,Ceel Waaq,2.79,41.0
2025-08-01,26.82,0.07,54.62,Ceel Waaq,2.79,41.0
2025-09-01,27.76,1.02,52.59,Ceel Waaq,2.79,41.0
2025-10-01,29.19,0.85,50.35,Ceel Waaq,2.79,41.0
2025-11-01,-999.0,-999.0,-999.0,Ceel Waaq,2.79,41.0
2025-12-01,-999.0,-999.0,-999.0,Ceel Waaq,2.79,41.0
2015-01-01,15.78,0.01,62.54,Ceerigaabo,10.62,47.37
2015-02-01,19.41,0.0,47.59,Ceerigaabo,10.62,47.37
2015-03-01,21.41,0.04,44.43,Ceerigaabo,10.62,47.37
2015-04-01,23.27,0.01,47.19,Ceerigaabo,10.62,47.37
2015-05-01,23.84,3.65,59.79,Ceerigaabo,10.62,47.37
2015-06-01,22.91,0.99,60.61,Ceerigaabo,10.62,47.37
2015-07-01,22.73,0.33,56.8,Ceerigaabo,10.62,47.37
2015-08-01,22.01,2.37,61.87,Ceerigaabo,10.62,47.37
2015-09-01,23.71,0.07,52.04,Ceerigaabo,10.62,47.37
2015-10-01,21.9,0.48,53.36,Ceerigaabo,10.62,47.37
2015-11-01,18.92,3.24,68.23,Ceerigaabo,10.62,47.37
2015-12-01,16.83,0.24,69.9,Ceerigaabo,10.62,47.37
2016-01-01,17.72,0.07,62.85,Ceerigaabo,10.62,47.37
2016-02-01,17.95,0.03,51.68,Ceerigaabo,10.62,47.37
2016-03-01,23.6,0.0,45.45,Ceerigaabo,10.62,47.37
2016-04-01,23.51,1.53,57.62,Ceerigaabo,10.62,47.37
2016-05-01,23.4,1.69,63.59,Ceerigaabo,10.62,47.37
2016-06-01,23.28,0.38,55.92,Ceerigaabo,10.62,47.37
2016-07-01,21.92,1.37,58.25,Ceerigaabo,10.62,47.37
2016-08-01,21.09,4.98,62.38,Ceerigaabo,10.62,47.37
2016-09-01,22.44,0.3,55.95,Ceerigaabo,10.62,47.37
2016-10-01,19.95,2.73,51.12,Ceerigaabo,10.62,47.37
2016-11-01,17.88,0.04,60.35,Ceerigaabo,10.62,47.37
2016-12-01,16.99,0.07,59.27,Ceerigaabo,10.62,47.37
2017-01-01,16.3,0.0,51.93,Ceerigaabo,10.62,47.37
2017-02-01,19.54,0.01,56.36,Ceerigaabo,10.62,47.37
2017-03-01,22.19,0.05,45.5,Ceerigaabo,10.62,47.37
2017-04-01,23.5,0.16,47.08,Ceerigaabo,10.62,47.37
2017-05-01,23.89,0.85,60.4,Ceerigaabo,10.62,47.37
2017-06-01,24.39,0.0,51.49,Ceerigaabo,10.62,47.37
2017-07-01,23.02,0.07,53.76,Ceerigaabo,10.62,47.37
2017-08-01,23.57,0.17,51.69,Ceerigaabo,10.62,47.37
2017-09-01,24.02,0.12,52.58,Ceerigaabo,10.62,47.37
2017-10-01,21.8,0.02,46.02,Ceerigaabo,10.62,47.37
2017-11-01,18.83,0.03,56.23,Ceerigaabo,10.62,47.37
2017-12-01,14.89,0.0,61.0,Ceerigaabo,10.62,47.37
2018-01-01,15.61,0.01,53.63,Ceerigaabo,10.62,47.37
2018-02-01,19.29,0.03,47.65,Ceerigaabo,10.62,47.37
2018-03-01,20.5,0.06,43.49,Ceerigaabo,10.62,47.37
2018-04-01,23.29,0.72,55.91,Ceerigaabo,10.62,47.37
2018-05-01,24.07,0.03,51.43,Ceerigaabo,10.62,47.37
2018-06-01,23.66,0.2,55.04,Ceerigaabo,10.62,47.37
2018-07-01,22.6,0.19,54.21,Ceerigaabo,10.62,47.37
2018-08-01,23.27,0.12,51.89,Ceerigaabo,10.62,47.37
2018-09-01,23.66,0.02,46.61,Ceerigaabo,10.62,47.37
2018-10-01,21.67,0.5,50.86,Ceerigaabo,10.62,47.37
2018-11-01,19.87,0.03,57.66,Ceerigaabo,10.62,47.37
2018-12-01,17.36,0.0,60.81,Ceerigaabo,10.62,47.37
2019-01-01,17.49,0.0,57.18,Ceerigaabo,10.62,47.37
2019-02-01,20.45,0.0,52.67,Ceerigaabo,10.62,47.37
2019-03-01,22.54,0.0,46.16,Ceerigaabo,10.62,47.37
2019-04-01,24.16,0.01,48.6,Ceerigaabo,10.62,47.37
2019-05-01,24.49,0.09,49.15,Ceerigaabo,10.62,47.37
2019-06-01,22.99,1.66,63.68,Ceerigaabo,10.62,47.37
2019-07-01,22.87,0.03,57.68,Ceerigaabo,10.62,47.37
2019-08-01,24.04,0.22,49.78,Ceerigaabo,10.62,47.37
2019-09-01,24.12,1.54,54.37,Ceerigaabo,10.62,47.37
2019-10-01,19.54,5.57,69.04,Ceerigaabo,10.62,47.37
2019-11-01,18.82,0.12,70.63,Ceerigaabo,10.62,47.37
2019-12-01,17.52,0.62,70.11,Ceerigaabo,10.62,47.37
2020-01-01,17.76,0.02,66.76,Ceerigaabo,10.62,47.37
2020-02-01,19.5,0.0,52.69,Ceerigaabo,10.62,47.37
2020-03-01,22.3,0.76,54.88,Ceerigaabo,10.62,47.37
2020-04-01,23.12,1.56,60.29,Ceerigaabo,10.62,47.37
2020-05-01,24.5,0.24,58.09,Ceerigaabo,10.62,47.37
2020-06-01,23.84,0.17,55.82,Ceerigaabo,10.62,47.37
2020-07-01,22.52,0.22,57.68,Ceerigaabo,10.62,47.37
2020-08-01,22.99,0.07,56.65,Ceerigaabo,10.62,47.37
2020-09-01,22.56,2.63,63.92,Ceerigaabo,10.62,47.37
2020-10-01,20.75,0.03,45.67,Ceerigaabo,10.62,47.37
2020-11-01,18.55,0.4,58.02,Ceerigaabo,10.62,47.37
2020-12-01,16.89,0.05,64.78,Ceerigaabo,10.62,47.37
2021-01-01,16.31,0.0,56.87,Ceerigaabo,10.62,47.37
2021-02-01,17.97,0.02,45.88,Ceerigaabo,10.62,47.37
2021-03-01,20.57,0.0,45.03,Ceerigaabo,10.62,47.37
2021-04-01,22.45,0.31,50.19,Ceerigaabo,10.62,47.37
2021-05-01,22.98,8.4,62.84,Ceerigaabo,10.62,47.37
2021-06-01,20.04,0.11,78.78,Ceerigaabo,10.62,47.37
2021-07-01,18.98,1.74,75.44,Ceerigaabo,10.62,47.37
2021-08-01,21.44,0.5,65.12,Ceerigaabo,10.62,47.37
2021-09-01,22.68,0.42,60.08,Ceerigaabo,10.62,47.37
2021-10-01,21.42,0.39,52.67,Ceerigaabo,10.62,47.37
2021-11-01,18.93,0.05,46.21,Ceerigaabo,10.62,47.37
2021-12-01,17.76,0.08,58.82,Ceerigaabo,10.62,47.37
2022-01-01,17.8,0.16,59.94,Ceerigaabo,10.62,47.37
2022-02-01,18.56,0.03,53.71,Ceerigaabo,10.62,47.37
2022-03-01,20.95,0.06,49.31,Ceerigaabo,10.62,47.37
2022-04-01,23.58,0.27,47.13,Ceerigaabo,10.62,47.37
2022-05-01,25.07,0.04,40.91,Ceerigaabo,10.62,47.37
2022-06-01,23.84,0.07,51.69,Ceerigaabo,10.62,47.37
2022-07-01,21.27,1.9,59.61,Ceerigaabo,10.62,47.37
2022-08-01,21.57,1.12,60.14,Ceerigaabo,10.62,47.37
2022-09-01,23.47,0.06,53.06,Ceerigaabo,10.62,47.37
2022-10-01,22.06,0.06,52.21,Ceerigaabo,10.62,47.37
2022-11-01,19.86,0.02,58.37,Ceerigaabo,10.62,47.37
2022-12-01,17.82,0.05,61.73,Ceerigaabo,10.62,47.37
2023-01-01,17.61,0.0,61.38,Ceerigaabo,10.62,47.37
2023-02-01,18.69,0.01,51.47,Ceerigaabo,10.62,47.37
2023-03-01,21.93,0.86,60.48,Ceerigaabo,10.62,47.37
2023-04-01,23.55,0.38,54.98,Ceerigaabo,10.62,47.37
2023-05-01,22.56,5.17,69.84,Ceerigaabo,10.62,47.37
2023-06-01,23.01,0.05,64.25,Ceerigaabo,10.62,47.37
2023-07-01,22.01,0.25,62.7,Ceerigaabo,10.62,47.37
2023-08-01,23.36,0.03,53.38,Ceerigaabo,10.62,47.37
2023-09-01,24.98,0.04,50.05,Ceerigaabo,10.62,47.37
2023-10-01,23.02,0.66,56.1,Ceerigaabo,10.62,47.37
2023-11-01,20.43,0.59,64.92,Ceerigaabo,10.62,47.37
2023-12-01,18.24,0.01,63.91,Ceerigaabo,10.62,47.37
2024-01-01,18.45,0.0,58.12,Ceerigaabo,10.62,47.37
2024-02-01,21.1,0.01,54.64,Ceerigaabo,10.62,47.37
2024-03-01,23.4,0.02,50.04,Ceerigaabo,10.62,47.37
2024-04-01,24.1,3.06,59.54,Ceerigaabo,10.62,47.37
2024-05-01,24.3,0.19,63.98,Ceerigaabo,10.62,47.37
2024-06-01,23.45,0.8,60.81,Ceerigaabo,10.62,47.37
2024-07-01,23.77,0.23,57.33,Ceerigaabo,10.62,47.37
2024-08-01,23.17,0.45,58.27,Ceerigaabo,10.62,47.37
2024-09-01,24.51,0.05,49.23,Ceerigaabo,10.62,47.37
2024-10-01,23.3,0.54,52.83,Ceerigaabo,10.62,47.37
2024-11-01,19.78,0.09,58.51,Ceerigaabo,10.62,47.37
2024-12-01,16.21,0.01,62.39,Ceerigaabo,10.62,47.37
2025-01-01,15.97,0.0,58.97,Ceerigaabo,10.62,47.37
2025-02-01,19.49,0.0,49.06,Ceerigaabo,10.62,47.37
2025-03-01,22.13,0.02,50.9,Ceerigaabo,10.62,47.37
2025-04-01,23.31,0.11,48.3,Ceerigaabo,10.62,47.37
2025-05-01,24.97,0.17,50.53,Ceerigaabo,10.62,47.37
2025-06-01,24.46,0.06,50.73,Ceerigaabo,10.62,47.37
2025-07-01,23.2,0.25,54.7,Ceerigaabo,10.62,47.37
2025-08-01,22.15,1.19,58.66,Ceerigaabo,10.62,47.37
2025-09-01,23.6,1.14,55.18,Ceerigaabo,10.62,47.37
2025-10-01,21.05,0.15,48.3,Ceerigaabo,10.62,47.37
2025-11-01,-999.0,-999.0,-999.0,Ceerigaabo,10.62,47.37
2025-12-01,-999.0,-999.0,-999.0,Ceerigaabo,10.62,47.37
2015-01-01,25.39,0.01,53.6,Dhuusamarreeb,5.54,46.39
2015-02-01,27.32,0.02,51.23,Dhuusamarreeb,5.54,46.39
2015-03-01,28.56,0.67,52.87,Dhuusamarreeb,5.54,46.39
2015-04-01,30.22,1.17,55.86,Dhuusamarreeb,5.54,46.39
2015-05-01,29.75,2.35,58.69,Dhuusamarreeb,5.54,46.39
2015-06-01,28.72,0.59,56.58,Dhuusamarreeb,5.54,46.39
2015-07-01,28.24,0.36,53.99,Dhuusamarreeb,5.54,46.39
2015-08-01,28.43,0.48,54.22,Dhuusamarreeb,5.54,46.39
2015-09-01,29.67,0.35,52.81,Dhuusamarreeb,5.54,46.39
2015-10-01,29.2,3.64,61.58,Dhuusamarreeb,5.54,46.39
2015-11-01,25.8,5.93,77.25,Dhuusamarreeb,5.54,46.39
2015-12-01,25.56,0.98,67.37,Dhuusamarreeb,5.54,46.39
2016-01-01,26.04,0.24,61.33,Dhuusamarreeb,5.54,46.39
2016-02-01,26.77,0.02,54.79,Dhuusamarreeb,5.54,46.39
2016-03-01,30.3,0.24,51.59,Dhuusamarreeb,5.54,46.39
2016-04-01,30.62,2.28,55.28,Dhuusamarreeb,5.54,46.39
2016-05-01,29.11,1.0,59.77,Dhuusamarreeb,5.54,46.39
2016-06-01,28.42,0.11,54.98,Dhuusamarreeb,5.54,46.39
2016-07-01,27.35,0.06,53.3,Dhuusamarreeb,5.54,46.39
2016-08-01,28.17,0.2,51.29,Dhuusamarreeb,5.54,46.39
2016-09-01,28.91,0.04,49.42,Dhuusamarreeb,5.54,46.39
2016-10-01,29.17,0.35,53.63,Dhuusamarreeb,5.54,46.39
2016-11-01,28.85,0.09,52.4,Dhuusamarreeb,5.54,46.39
2016-12-01,27.53,0.0,51.61,Dhuusamarreeb,5.54,46.39
2017-01-01,26.19,0.0,49.82,Dhuusamarreeb,5.54,46.39
2017-02-01,28.27,0.02,52.4,Dhuusamarreeb,5.54,46.39
2017-03-01,29.37,0.01,49.85,Dhuusamarreeb,5.54,46.39
2017-04-01,31.08,0.31,49.54,Dhuusamarreeb,5.54,46.39
2017-05-01,30.65,0.69,51.99,Dhuusamarreeb,5.54,46.39
2017-06-01,30.09,0.04,49.25,Dhuusamarreeb,5.54,46.39
2017-07-01,28.38,0.13,52.14,Dhuusamarreeb,5.54,46.39
2017-08-01,29.09,0.06,50.52,Dhuusamarreeb,5.54,46.39
2017-09-01,29.79,0.02,49.33,Dhuusamarreeb,5.54,46.39
2017-10-01,29.99,1.05,53.37,Dhuusamarreeb,5.54,46.39
2017-11-01,27.14,1.94,61.12,Dhuusamarreeb,5.54,46.39
2017-12-01,25.54,0.04,53.3,Dhuusamarreeb,5.54,46.39
2018-01-01,25.51,0.02,51.35,Dhuusamarreeb,5.54,46.39
2018-02-01,28.01,0.0,51.15,Dhuusamarreeb,5.54,46.39
2018-03-01,29.67,0.07,49.5,Dhuusamarreeb,5.54,46.39
2018-04-01,29.26,3.16,60.26,Dhuusamarreeb,5.54,46.39
2018-05-01,29.03,0.66,60.37,Dhuusamarreeb,5.54,46.39
2018-06-01,28.71,0.14,53.42,Dhuusamarreeb,5.54,46.39
2018-07-01,27.99,0.08,51.72,Dhuusamarreeb,5.54,46.39
2018-08-01,28.09,0.32,53.04,Dhuusamarreeb,5.54,46.39
2018-09-01,29.99,0.18,49.61,Dhuusamarreeb,5.54,46.39
2018-10-01,29.75,0.39,52.55,Dhuusamarreeb,5.54,46.39
2018-11-01,29.16,0.35,52.97,Dhuusamarreeb,5.54,46.39
2018-12-01,28.02,0.09,52.18,Dhuusamarreeb,5.54,46.39
2019-01-01,26.65,0.01,50.94,Dhuusamarreeb,5.54,46.39
2019-02-01,28.32,0.02,51.83,Dhuusamarreeb,5.54,46.39
2019-03-01,29.86,0.04,50.58,Dhuusamarreeb,5.54,46.39
2019-04-01,31.22,0.23,50.43,Dhuusamarreeb,5.54,46.39
2019-05-01,31.26,0.56,52.14,Dhuusamarreeb,5.54,46.39
2019-06-01,28.99,1.24,56.1,Dhuusamarreeb,5.54,46.39
2019-07-01,28.34,0.12,54.62,Dhuusamarreeb,5.54,46.39
2019-08-01,29.28,0.05,50.43,Dhuusamarreeb,5.54,46.39
2019-09-01,30.16,0.21,49.6,Dhuusamarreeb,5.54,46.39
2019-10-01,28.85,2.07,60.72,Dhuusamarreeb,5.54,46.39
2019-11-01,27.87,0.86,61.42,Dhuusamarreeb,5.54,46.39
2019-12-01,27.96,0.33,53.51,Dhuusamarreeb,5.54,46.39
2020-01-01,28.14,0.03,52.5,Dhuusamarreeb,5.54,46.39
2020-02-01,28.3,0.0,50.35,Dhuusamarreeb,5.54,46.39
2020-03-01,30.12,0.33,52.65,Dhuusamarreeb,5.54,46.39
2020-04-01,29.93,4.33,58.63,Dhuusamarreeb,5.54,46.39
2020-05-01,28.92,1.04,66.14,Dhuusamarreeb,5.54,46.39
2020-06-01,28.47,0.24,59.33,Dhuusamarreeb,5.54,46.39
2020-07-01,27.47,0.6,60.02,Dhuusamarreeb,5.54,46.39
2020-08-01,27.82,0.15,57.05,Dhuusamarreeb,5.54,46.39
2020-09-01,28.07,2.14,59.78,Dhuusamarreeb,5.54,46.39
2020-10-01,28.77,2.89,61.75,Dhuusamarreeb,5.54,46.39
2020-11-01,27.21,0.97,62.61,Dhuusamarreeb,5.54,46.39
2020-12-01,26.61,0.01,55.87,Dhuusamarreeb,5.54,46.39
2021-01-01,26.04,0.33,52.11,Dhuusamarreeb,5.54,46.39
2021-02-01,27.35,0.03,51.56,Dhuusamarreeb,5.54,46.39
2021-03-01,28.96,0.0,51.34,Dhuusamarreeb,5.54,46.39
2021-04-01,30.6,1.09,51.55,Dhuusamarreeb,5.54,46.39
2021-05-01,27.79,14.56,67.3,Dhuusamarreeb,5.54,46.39
2021-06-01,25.05,0.3,77.21,Dhuusamarreeb,5.54,46.39
2021-07-01,25.27,0.66,68.14,Dhuusamarreeb,5.54,46.39
2021-08-01,26.87,0.87,62.47,Dhuusamarreeb,5.54,46.39
2021-09-01,28.16,0.32,58.16,Dhuusamarreeb,5.54,46.39
2021-10-01,29.57,0.17,54.26,Dhuusamarreeb,5.54,46.39
2021-11-01,29.06,1.4,53.05,Dhuusamarreeb,5.54,46.39
2021-12-01,26.66,0.09,56.66,Dhuusamarreeb,5.54,46.39
2022-01-01,26.75,0.59,54.45,Dhuusamarreeb,5.54,46.39
2022-02-01,26.71,1.12,54.71,Dhuusamarreeb,5.54,46.39
2022-03-01,28.58,0.33,50.62,Dhuusamarreeb,5.54,46.39
2022-04-01,30.82,1.2,52.81,Dhuusamarreeb,5.54,46.39
2022-05-01,30.13,0.83,55.36,Dhuusamarreeb,5.54,46.39
2022-06-01,28.49,0.33,54.98,Dhuusamarreeb,5.54,46.39
2022-07-01,26.9,0.4,57.83,Dhuusamarreeb,5.54,46.39
2022-08-01,27.56,0.26,55.43,Dhuusamarreeb,5.54,46.39
2022-09-01,28.7,0.25,53.24,Dhuusamarreeb,5.54,46.39
2022-10-01,29.26,0.23,54.57,Dhuusamarreeb,5.54,46.39
2022-11-01,28.76,0.93,55.6,Dhuusamarreeb,5.54,46.39
2022-12-01,27.35,0.39,55.48,Dhuusamarreeb,5.54,46.39
2023-01-01,26.92,0.0,51.99,Dhuusamarreeb,5.54,46.39
2023-02-01,27.32,0.03,50.39,Dhuusamarreeb,5.54,46.39
2023-03-01,29.65,0.74,54.59,Dhuusamarreeb,5.54,46.39
2023-04-01,30.23,2.47,57.13,Dhuusamarreeb,5.54,46.39
2023-05-01,29.25,2.17,60.95,Dhuusamarreeb,5.54,46.39
2023-06-01,29.08,0.33,56.0,Dhuusamarreeb,5.54,46.39
2023-07-01,28.01,0.24,56.36,Dhuusamarreeb,5.54,46.39
2023-08-01,29.27,0.16,51.73,Dhuusamarreeb,5.54,46.39
2023-09-01,30.38,0.18,50.08,Dhuusamarreeb,5.54,46.39
2023-10-01,28.71,5.83,65.52,Dhuusamarreeb,5.54,46.39
2023-11-01,25.6,6.93,82.11,Dhuusamarreeb,5.54,46.39
2023-12-01,25.95,0.04,68.91,Dhuusamarreeb,5.54,46.39
2024-01-01,26.85,0.04,59.67,Dhuusamarreeb,5.54,46.39
2024-02-01,28.52,0.09,54.4,Dhuusamarreeb,5.54,46.39
2024-03-01,30.7,0.03,50.86,Dhuusamarreeb,5.54,46.39
2024-04-01,30.62,4.03,58.42,Dhuusamarreeb,5.54,46.39
2024-05-01,28.97,3.42,68.06,Dhuusamarreeb,5.54,46.39
2024-06-01,27.17,0.57,69.1,Dhuusamarreeb,5.54,46.39
2024-07-01,27.52,0.28,62.75,Dhuusamarreeb,5.54,46.39
2024-08-01,27.88,0.28,58.92,Dhuusamarreeb,5.54,46.39
2024-09-01,29.76,0.12,52.95,Dhuusamarreeb,5.54,46.39
2024-10-01,30.33,0.84,53.45,Dhuusamarreeb,5.54,46.39
2024-11-01,28.6,1.65,59.79,Dhuusamarreeb,5.54,46.39
2024-12-01,27.0,0.01,50.96,Dhuusamarreeb,5.54,46.39
2025-01-01,26.41,0.01,50.37,Dhuusamarreeb,5.54,46.39
2025-02-01,27.82,0.03,52.01,Dhuusamarreeb,5.54,46.39
2025-03-01,30.16,0.32,52.43,Dhuusamarreeb,5.54,46.39
2025-04-01,30.77,1.99,54.48,Dhuusamarreeb,5.54,46.39
2025-05-01,29.2,1.79,64.04,Dhuusamarreeb,5.54,46.39
2025-06-01,28.17,0.75,61.72,Dhuusamarreeb,5.54,46.39
2025-07-01,27.39,0.26,58.8,Dhuusamarreeb,5.54,46.39
2025-08-01,27.74,0.21,55.97,Dhuusamarreeb,5.54,46.39
2025-09-01,29.5,0.19,50.96,Dhuusamarreeb,5.54,46.39
2025-10-01,29.11,0.82,54.87,Dhuusamarreeb,5.54,46.39
2025-11-01,-999.0,-999.0,-999.0,Dhuusamarreeb,5.54,46.39
2025-12-01,-999.0,-999.0,-999.0,Dhuusamarreeb,5.54,46.39
2015-01-01,26.5,0.0,48.76,Dinsoor,2.41,42.98
2015-02-01,29.35,0.08,49.22,Dinsoor,2.41,42.98
2015-03-01,29.07,3.35,54.7,Dinsoor,2.41,42.98
2015-04-01,26.84,4.21,77.26,Dinsoor,2.41,42.98
2015-05-01,26.29,3.02,78.99,Dinsoor,2.41,42.98
2015-06-01,26.03,0.59,70.27,Dinsoor,2.41,42.98
2015-07-01,26.27,0.56,63.59,Dinsoor,2.41,42.98
2015-08-01,26.12,1.58,65.6,Dinsoor,2.41,42.98
2015-09-01,28.03,0.26,58.95,Dinsoor,2.41,42.98
2015-10-01,27.92,2.87,67.86,Dinsoor,2.41,42.98
2015-11-01,25.79,9.96,80.95,Dinsoor,2.41,42.98
2015-12-01,26.19,1.05,70.44,Dinsoor,2.41,42.98
2016-01-01,28.2,0.05,54.38,Dinsoor,2.41,42.98
2016-02-01,29.6,0.37,45.99,Dinsoor,2.41,42.98
2016-03-01,31.23,0.27,52.35,Dinsoor,2.41,42.98
2016-04-01,28.85,8.24,68.11,Dinsoor,2.41,42.98
2016-05-01,25.56,2.54,79.55,Dinsoor,2.41,42.98
2016-06-01,25.53,0.67,70.84,Dinsoor,2.41,42.98
2016-07-01,25.41,0.2,62.68,Dinsoor,2.41,42.98
2016-08-01,26.1,0.33,60.77,Dinsoor,2.41,42.98
2016-09-01,26.86,0.13,58.01,Dinsoor,2.41,42.98
2016-10-01,28.3,0.2,57.27,Dinsoor,2.41,42.98
2016-11-01,28.58,1.61,60.45,Dinsoor,2.41,42.98
2016-12-01,28.5,0.49,55.64,Dinsoor,2.41,42.98
2017-01-01,28.57,0.0,44.02,Dinsoor,2.41,42.98
2017-02-01,29.86,0.08,49.66,Dinsoor,2.41,42.98
2017-03-01,30.45,0.17,50.39,Dinsoor,2.41,42.98
2017-04-01,28.99,9.43,63.11,Dinsoor,2.41,42.98
2017-05-01,26.69,2.24,74.73,Dinsoor,2.41,42.98
2017-06-01,26.05,1.64,71.32,Dinsoor,2.41,42.98
2017-07-01,26.11,0.14,63.14,Dinsoor,2.41,42.98
2017-08-01,26.74,0.49,61.59,Dinsoor,2.41,42.98
2017-09-01,27.67,0.3,58.12,Dinsoor,2.41,42.98
2017-10-01,28.27,2.57,61.94,Dinsoor,2.41,42.98
2017-11-01,25.89,7.52,76.6,Dinsoor,2.41,42.98
2017-12-01,26.56,0.0,54.04,Dinsoor,2.41,42.98
2018-01-01,27.95,0.0,44.7,Dinsoor,2.41,42.98
2018-02-01,29.61,0.04,50.26,Dinsoor,2.41,42.98
2018-03-01,29.47,2.33,56.61,Dinsoor,2.41,42.98
2018-04-01,26.87,5.74,75.74,Dinsoor,2.41,42.98
2018-05-01,25.89,1.98,79.75,Dinsoor,2.41,42.98
2018-06-01,25.75,0.4,69.78,Dinsoor,2.41,42.98
2018-07-01,25.81,0.28,62.75,Dinsoor,2.41,42.98
2018-08-01,26.05,0.61,62.68,Dinsoor,2.41,42.98
2018-09-01,27.79,0.68,59.27,Dinsoor,2.41,42.98
2018-10-01,27.94,3.76,61.92,Dinsoor,2.41,42.98
2018-11-01,27.78,2.03,67.49,Dinsoor,2.41,42.98
2018-12-01,27.62,1.64,63.05,Dinsoor,2.41,42.98
2019-01-01,28.81,0.02,48.04,Dinsoor,2.41,42.98
2019-02-01,29.93,0.07,49.97,Dinsoor,2.41,42.98
2019-03-01,30.89,0.19,50.51,Dinsoor,2.41,42.98
2019-04-01,30.2,1.49,58.64,Dinsoor,2.41,42.98
2019-05-01,27.4,5.12,73.65,Dinsoor,2.41,42.98
2019-06-01,25.87,1.42,73.45,Dinsoor,2.41,42.98
2019-07-01,25.99,0.43,67.0,Dinsoor,2.41,42.98
2019-08-01,26.99,0.3,61.12,Dinsoor,2.41,42.98
2019-09-01,27.83,0.62,59.94,Dinsoor,2.41,42.98
2019-10-01,26.48,5.47,75.81,Dinsoor,2.41,42.98
2019-11-01,26.52,4.12,75.11,Dinsoor,2.41,42.98
2019-12-01,27.27,1.38,67.75,Dinsoor,2.41,42.98
2020-01-01,29.49,0.16,50.76,Dinsoor,2.41,42.98
2020-02-01,30.48,0.05,48.27,Dinsoor,2.41,42.98
2020-03-01,30.79,0.72,53.8,Dinsoor,2.41,42.98
2020-04-01,28.24,8.23,70.98,Dinsoor,2.41,42.98
2020-05-01,25.84,6.16,83.06,Dinsoor,2.41,42.98
2020-06-01,25.4,1.14,76.35,Dinsoor,2.41,42.98
2020-07-01,25.13,1.96,71.96,Dinsoor,2.41,42.98
2020-08-01,25.04,1.38,71.83,Dinsoor,2.41,42.98
2020-09-01,25.89,3.1,70.16,Dinsoor,2.41,42.98
2020-10-01,27.16,2.62,70.57,Dinsoor,2.41,42.98
2020-11-01,26.32,3.43,75.74,Dinsoor,2.41,42.98
2020-12-01,27.79,0.51,56.31,Dinsoor,2.41,42.98
2021-01-01,27.59,0.83,52.06,Dinsoor,2.41,42.98
2021-02-01,29.33,0.03,48.82,Dinsoor,2.41,42.98
2021-03-01,29.76,0.85,53.07,Dinsoor,2.41,42.98
2021-04-01,28.39,5.57,67.79,Dinsoor,2.41,42.98
2021-05-01,26.69,2.43,71.18,Dinsoor,2.41,42.98
2021-06-01,25.91,1.2,68.21,Dinsoor,2.41,42.98
2021-07-01,24.64,1.51,69.84,Dinsoor,2.41,42.98
2021-08-01,24.85,2.42,72.24,Dinsoor,2.41,42.98
2021-09-01,25.9,1.91,70.38,Dinsoor,2.41,42.98
2021-10-01,27.96,0.5,61.97,Dinsoor,2.41,42.98
2021-11-01,28.91,14.64,60.55,Dinsoor,2.41,42.98
2021-12-01,25.43,0.96,77.05,Dinsoor,2.41,42.98
2022-01-01,26.59,0.23,62.04,Dinsoor,2.41,42.98
2022-02-01,28.66,0.46,52.82,Dinsoor,2.41,42.98
2022-03-01,29.88,1.19,52.12,Dinsoor,2.41,42.98
2022-04-01,28.28,13.58,68.89,Dinsoor,2.41,42.98
2022-05-01,25.43,2.86,83.8,Dinsoor,2.41,42.98
2022-06-01,24.51,2.55,78.2,Dinsoor,2.41,42.98
2022-07-01,23.7,1.37,74.62,Dinsoor,2.41,42.98
2022-08-01,23.84,4.67,75.3,Dinsoor,2.41,42.98
2022-09-01,25.21,0.48,71.13,Dinsoor,2.41,42.98
2022-10-01,27.11,1.0,64.85,Dinsoor,2.41,42.98
2022-11-01,28.02,1.06,63.42,Dinsoor,2.41,42.98
2022-12-01,26.76,3.68,67.61,Dinsoor,2.41,42.98
2023-01-01,28.46,0.08,51.6,Dinsoor,2.41,42.98
2023-02-01,29.29,0.01,47.46,Dinsoor,2.41,42.98
2023-03-01,29.82,0.92,56.34,Dinsoor,2.41,42.98
2023-04-01,27.49,7.01,73.96,Dinsoor,2.41,42.98
2023-05-01,27.27,0.34,71.31,Dinsoor,2.41,42.98
2023-06-01,25.13,9.8,79.46,Dinsoor,2.41,42.98
2023-07-01,24.69,0.69,74.7,Dinsoor,2.41,42.98
2023-08-01,26.23,0.61,67.61,Dinsoor,2.41,42.98
2023-09-01,28.33,0.16,60.06,Dinsoor,2.41,42.98
2023-10-01,26.97,12.35,74.67,Dinsoor,2.41,42.98
2023-11-01,25.33,17.4,86.79,Dinsoor,2.41,42.98
2023-12-01,25.38,0.11,80.06,Dinsoor,2.41,42.98
2024-01-01,26.53,0.05,67.8,Dinsoor,2.41,42.98
2024-02-01,29.7,0.1,54.66,Dinsoor,2.41,42.98
2024-03-01,31.31,0.19,51.59,Dinsoor,2.41,42.98
2024-04-01,27.96,4.68,74.64,Dinsoor,2.41,42.98
2024-05-01,26.84,7.06,79.04,Dinsoor,2.41,42.98
2024-06-01,25.2,1.83,79.57,Dinsoor,2.41,42.98
2024-07-01,25.52,0.38,73.02,Dinsoor,2.41,42.98
2024-08-01,25.97,1.83,68.63,Dinsoor,2.41,42.98
2024-09-01,27.41,0.27,64.01,Dinsoor,2.41,42.98
2024-10-01,29.06,0.48,57.93,Dinsoor,2.41,42.98
2024-11-01,26.63,14.29,78.73,Dinsoor,2.41,42.98
2024-12-01,27.09,0.01,62.39,Dinsoor,2.41,42.98
2025-01-01,28.64,0.0,47.2,Dinsoor,2.41,42.98
2025-02-01,29.88,0.0,47.83,Dinsoor,2.41,42.98
2025-03-01,30.47,3.23,56.79,Dinsoor,2.41,42.98
2025-04-01,28.25,5.19,70.03,Dinsoor,2.41,42.98
2025-05-01,26.49,5.75,79.76,Dinsoor,2.41,42.98
2025-06-01,25.25,2.8,77.8,Dinsoor,2.41,42.98
2025-07-01,24.79,0.69,72.24,Dinsoor,2.41,42.98
2025-08-01,25.76,0.5,65.24,Dinsoor,2.41,42.98
2025-09-01,27.49,0.75,59.93,Dinsoor,2.41,42.98
2025-10-01,28.87,0.47,57.29,Dinsoor,2.41,42.98
2025-11-01,-999.0,-999.0,-999.0,Dinsoor,2.41,42.98
2025-12-01,-999.0,-999.0,-999.0,Dinsoor,2.41,42.98
2015-01-01,26.1,0.0,39.72,Doolow,4.16,42.08
2015-02-01,30.41,0.0,33.64,Doolow,4.16,42.08
2015-03-01,30.9,0.44,40.18,Doolow,4.16,42.08
2015-04-01,29.35,2.86,60.89,Doolow,4.16,42.08
2015-05-01,29.27,1.36,60.32,Doolow,4.16,42.08
2015-06-01,29.11,0.2,51.16,Doolow,4.16,42.08
2015-07-01,28.75,0.19,49.6,Doolow,4.16,42.08
2015-08-01,28.76,0.26,49.29,Doolow,4.16,42.08
2015-09-01,30.42,0.04,44.18,Doolow,4.16,42.08
2015-10-01,30.08,2.75,55.27,Doolow,4.16,42.08
2015-11-01,27.56,3.49,68.93,Doolow,4.16,42.08
2015-12-01,27.6,0.55,57.55,Doolow,4.16,42.08
2016-01-01,28.69,0.03,45.63,Doolow,4.16,42.08
2016-02-01,29.75,0.14,34.59,Doolow,4.16,42.08
2016-03-01,33.2,0.52,40.25,Doolow,4.16,42.08
2016-04-01,30.02,6.4,61.64,Doolow,4.16,42.08
2016-05-01,27.9,1.31,65.02,Doolow,4.16,42.08
2016-06-01,28.11,0.13,54.75,Doolow,4.16,42.08
2016-07-01,27.48,0.1,50.62,Doolow,4.16,42.08
2016-08-01,28.23,0.08,47.57,Doolow,4.16,42.08
2016-09-01,29.05,0.07,44.49,Doolow,4.16,42.08
2016-10-01,30.44,0.52,45.86,Doolow,4.16,42.08
2016-11-01,29.94,1.57,49.02,Doolow,4.16,42.08
2016-12-01,28.84,0.53,41.6,Doolow,4.16,42.08
2017-01-01,28.03,0.0,29.25,Doolow,4.16,42.08
2017-02-01,31.51,0.17,36.24,Doolow,4.16,42.08
2017-03-01,31.98,0.15,35.76,Doolow,4.16,42.08
2017-04-01,31.4,3.24,49.19,Doolow,4.16,42.08
2017-05-01,29.4,0.91,58.61,Doolow,4.16,42.08
2017-06-01,28.94,0.41,54.59,Doolow,4.16,42.08
2017-07-01,28.2,0.09,50.39,Doolow,4.16,42.08
2017-08-01,29.09,0.22,48.23,Doolow,4.16,42.08
2017-09-01,29.87,0.31,45.06,Doolow,4.16,42.08
2017-10-01,30.03,2.65,52.48,Doolow,4.16,42.08
2017-11-01,26.76,4.7,67.6,Doolow,4.16,42.08
2017-12-01,25.97,0.0,45.83,Doolow,4.16,42.08
2018-01-01,26.96,0.0,35.36,Doolow,4.16,42.08
2018-02-01,31.07,0.15,36.72,Doolow,4.16,42.08
2018-03-01,30.77,1.57,45.75,Doolow,4.16,42.08
2018-04-01,27.79,6.42,70.68,Doolow,4.16,42.08
2018-05-01,27.91,1.18,67.43,Doolow,4.16,42.08
2018-06-01,27.88,0.12,56.6,Doolow,4.16,42.08
2018-07-01,27.49,0.09,52.71,Doolow,4.16,42.08
2018-08-01,28.52,0.06,48.07,Doolow,4.16,42.08
2018-09-01,30.23,0.23,45.19,Doolow,4.16,42.08
2018-10-01,29.85,2.44,50.72,Doolow,4.16,42.08
2018-11-01,29.18,1.75,56.07,Doolow,4.16,42.08
2018-12-01,28.87,0.53,48.67,Doolow,4.16,42.08
2019-01-01,29.23,0.01,32.81,Doolow,4.16,42.08
2019-02-01,31.66,0.06,34.42,Doolow,4.16,42.08
2019-03-01,32.78,0.12,36.4,Doolow,4.16,42.08
2019-04-01,32.18,1.64,47.99,Doolow,4.16,42.08
2019-05-01,29.83,3.11,58.73,Doolow,4.16,42.08
2019-06-01,28.81,0.08,55.18,Doolow,4.16,42.08
2019-07-01,28.65,0.13,50.93,Doolow,4.16,42.08
2019-08-01,29.17,0.03,47.31,Doolow,4.16,42.08
2019-09-01,30.36,0.25,45.05,Doolow,4.16,42.08
2019-10-01,27.32,6.59,71.3,Doolow,4.16,42.08
2019-11-01,26.95,3.22,72.52,Doolow,4.16,42.08
2019-12-01,26.83,2.98,63.81,Doolow,4.16,42.08
2020-01-01,28.41,0.05,51.29,Doolow,4.16,42.08
2020-02-01,30.67,0.01,40.11,Doolow,4.16,42.08
2020-03-01,32.62,0.47,41.91,Doolow,4.16,42.08
2020-04-01,29.84,5.7,61.14,Doolow,4.16,42.08
2020-05-01,28.27,1.13,67.13,Doolow,4.16,42.08
2020-06-01,28.43,0.18,56.46,Doolow,4.16,42.08
2020-07-01,28.27,0.06,51.81,Doolow,4.16,42.08
2020-08-01,28.79,0.07,50.05,Doolow,4.16,42.08
2020-09-01,29.59,0.54,49.08,Doolow,4.16,42.08
2020-10-01,29.77,1.79,54.55,Doolow,4.16,42.08
2020-11-01,28.36,2.38,59.56,Doolow,4.16,42.08
2020-12-01,28.3,1.18,43.83,Doolow,4.16,42.08
2021-01-01,27.75,0.16,40.72,Doolow,4.16,42.08
2021-02-01,30.26,0.02,34.41,Doolow,4.16,42.08
2021-03-01,31.6,0.31,37.68,Doolow,4.16,42.08
2021-04-01,30.53,2.12,54.85,Doolow,4.16,42.08
2021-05-01,29.2,1.89,56.08,Doolow,4.16,42.08
2021-06-01,28.67,0.25,51.23,Doolow,4.16,42.08
2021-07-01,27.78,0.27,50.22,Doolow,4.16,42.08
2021-08-01,28.3,0.55,50.3,Doolow,4.16,42.08
2021-09-01,29.59,0.27,48.49,Doolow,4.16,42.08
2021-10-01,30.35,0.87,48.14,Doolow,4.16,42.08
2021-11-01,30.71,9.41,48.52,Doolow,4.16,42.08
2021-12-01,26.47,0.48,65.62,Doolow,4.16,42.08
2022-01-01,27.35,0.14,50.02,Doolow,4.16,42.08
2022-02-01,29.03,0.14,41.56,Doolow,4.16,42.08
2022-03-01,31.33,0.34,38.01,Doolow,4.16,42.08
2022-04-01,30.22,12.6,58.25,Doolow,4.16,42.08
2022-05-01,27.57,0.81,70.54,Doolow,4.16,42.08
2022-06-01,27.26,0.67,61.58,Doolow,4.16,42.08
2022-07-01,26.59,0.22,55.88,Doolow,4.16,42.08
2022-08-01,27.03,0.62,55.06,Doolow,4.16,42.08
2022-09-01,28.59,0.11,50.44,Doolow,4.16,42.08
2022-10-01,29.59,0.84,50.92,Doolow,4.16,42.08
2022-11-01,29.71,0.77,52.14,Doolow,4.16,42.08
2022-12-01,28.75,0.75,48.06,Doolow,4.16,42.08
2023-01-01,29.1,0.13,35.69,Doolow,4.16,42.08
2023-02-01,29.85,0.05,30.92,Doolow,4.16,42.08
2023-03-01,31.42,1.72,45.81,Doolow,4.16,42.08
2023-04-01,29.51,6.64,62.25,Doolow,4.16,42.08
2023-05-01,28.95,0.67,60.79,Doolow,4.16,42.08
2023-06-01,27.47,2.06,64.57,Doolow,4.16,42.08
2023-07-01,27.09,0.05,59.59,Doolow,4.16,42.08
2023-08-01,28.68,0.04,51.98,Doolow,4.16,42.08
2023-09-01,30.7,0.04,46.51,Doolow,4.16,42.08
2023-10-01,29.21,6.95,61.79,Doolow,4.16,42.08
2023-11-01,25.87,10.82,83.06,Doolow,4.16,42.08
2023-12-01,25.64,0.04,76.87,Doolow,4.16,42.08
2024-01-01,26.96,0.0,61.25,Doolow,4.16,42.08
2024-02-01,30.5,0.06,46.95,Doolow,4.16,42.08
2024-03-01,33.08,0.17,39.87,Doolow,4.16,42.08
2024-04-01,29.24,7.48,68.13,Doolow,4.16,42.08
2024-05-01,28.16,2.79,70.87,Doolow,4.16,42.08
2024-06-01,28.33,0.18,58.49,Doolow,4.16,42.08
2024-07-01,28.85,0.02,52.47,Doolow,4.16,42.08
2024-08-01,29.01,0.3,50.13,Doolow,4.16,42.08
2024-09-01,30.45,0.04,45.91,Doolow,4.16,42.08
2024-10-01,31.31,0.7,46.03,Doolow,4.16,42.08
2024-11-01,29.57,1.51,57.83,Doolow,4.16,42.08
2024-12-01,28.63,0.0,40.07,Doolow,4.16,42.08
2025-01-01,28.94,0.0,31.49,Doolow,4.16,42.08
2025-02-01,31.14,0.0,31.64,Doolow,4.16,42.08
2025-03-01,32.73,1.1,42.48,Doolow,4.16,42.08
2025-04-01,30.67,2.38,55.82,Doolow,4.16,42.08
2025-05-01,29.61,2.38,60.17,Doolow,4.16,42.08
2025-06-01,29.07,0.21,54.0,Doolow,4.16,42.08
2025-07-01,28.37,0.04,50.82,Doolow,4.16,42.08
2025-08-01,28.7,0.02,48.36,Doolow,4.16,42.08
2025-09-01,29.86,0.27,45.0,Doolow,4.16,42.08
2025-10-01,30.51,1.0,47.15,Doolow,4.16,42.08
2025-11-01,-999.0,-999.0,-999.0,Doolow,4.16,42.08
2025-12-01,-999.0,-999.0,-999.0,Doolow,4.16,42.08
2015-01-01,24.74,0.0,71.25,Eyl,7.98,49.82
2015-02-01,24.88,0.0,72.3,Eyl,7.98,49.82
2015-03-01,26.38,0.03,73.52,Eyl,7.98,49.82
2015-04-01,28.25,0.05,73.11,Eyl,7.98,49.82
2015-05-01,28.64,1.64,76.36,Eyl,7.98,49.82
2015-06-01,26.41,1.87,77.68,Eyl,7.98,49.82
2015-07-01,26.5,0.43,74.81,Eyl,7.98,49.82
2015-08-01,26.43,1.11,77.16,Eyl,7.98,49.82
2015-09-01,27.2,0.3,77.67,Eyl,7.98,49.82
2015-10-01,27.55,2.78,78.45,Eyl,7.98,49.82
2015-11-01,27.06,6.21,78.19,Eyl,7.98,49.82
2015-12-01,25.99,1.29,74.6,Eyl,7.98,49.82
2016-01-01,25.42,0.13,73.25,Eyl,7.98,49.82
2016-02-01,25.25,0.01,72.15,Eyl,7.98,49.82
2016-03-01,27.1,0.05,73.19,Eyl,7.98,49.82
2016-04-01,28.61,2.64,74.38,Eyl,7.98,49.82
2016-05-01,28.57,1.16,75.01,Eyl,7.98,49.82
2016-06-01,27.23,0.17,72.25,Eyl,7.98,49.82
2016-07-01,25.19,0.33,74.65,Eyl,7.98,49.82
2016-08-01,25.7,0.15,75.76,Eyl,7.98,49.82
2016-09-01,25.63,0.09,78.15,Eyl,7.98,49.82
2016-10-01,26.6,1.12,77.07,Eyl,7.98,49.82
2016-11-01,26.19,0.04,74.38,Eyl,7.98,49.82
2016-12-01,25.99,0.09,73.08,Eyl,7.98,49.82
2017-01-01,24.79,0.01,71.41,Eyl,7.98,49.82
2017-02-01,25.52,0.01,73.48,Eyl,7.98,49.82
2017-03-01,26.47,0.02,72.88,Eyl,7.98,49.82
2017-04-01,28.38,0.21,72.89,Eyl,7.98,49.82
2017-05-01,28.45,0.63,75.74,Eyl,7.98,49.82
2017-06-01,26.89,0.01,75.46,Eyl,7.98,49.82
2017-07-01,25.25,0.01,76.67,Eyl,7.98,49.82
2017-08-01,26.03,0.02,75.97,Eyl,7.98,49.82
2017-09-01,26.45,0.01,78.36,Eyl,7.98,49.82
2017-10-01,26.81,0.03,79.1,Eyl,7.98,49.82
2017-11-01,26.92,0.05,71.13,Eyl,7.98,49.82
2017-12-01,25.14,0.01,69.33,Eyl,7.98,49.82
2018-01-01,24.12,0.0,70.81,Eyl,7.98,49.82
2018-02-01,24.91,0.0,72.96,Eyl,7.98,49.82
2018-03-01,26.45,0.01,73.52,Eyl,7.98,49.82
2018-04-01,28.5,0.23,76.16,Eyl,7.98,49.82
2018-05-01,28.24,0.12,74.97,Eyl,7.98,49.82
2018-06-01,26.26,0.04,74.18,Eyl,7.98,49.82
2018-07-01,26.09,0.0,71.81,Eyl,7.98,49.82
2018-08-01,25.18,0.03,77.51,Eyl,7.98,49.82
2018-09-01,26.33,0.01,79.56,Eyl,7.98,49.82
2018-10-01,26.76,0.04,77.29,Eyl,7.98,49.82
2018-11-01,27.05,0.05,74.78,Eyl,7.98,49.82
2018-12-01,26.19,0.03,72.2,Eyl,7.98,49.82
2019-01-01,25.29,0.01,69.56,Eyl,7.98,49.82
2019-02-01,25.66,0.0,73.83,Eyl,7.98,49.82
2019-03-01,26.9,0.0,73.58,Eyl,7.98,49.82
2019-04-01,28.41,0.01,72.01,Eyl,7.98,49.82
2019-05-01,29.32,0.09,73.78,Eyl,7.98,49.82
2019-06-01,26.77,0.35,74.01,Eyl,7.98,49.82
2019-07-01,27.06,0.0,72.73,Eyl,7.98,49.82
2019-08-01,27.25,0.0,72.68,Eyl,7.98,49.82
2019-09-01,26.79,0.0,77.72,Eyl,7.98,49.82
2019-10-01,27.39,0.13,74.82,Eyl,7.98,49.82
2019-11-01,27.05,0.13,75.68,Eyl,7.98,49.82
2019-12-01,26.58,0.06,73.22,Eyl,7.98,49.82
2020-01-01,25.77,0.03,73.46,Eyl,7.98,49.82
2020-02-01,25.53,0.01,73.28,Eyl,7.98,49.82
2020-03-01,27.18,0.01,74.74,Eyl,7.98,49.82
2020-04-01,28.67,0.5,74.4,Eyl,7.98,49.82
2020-05-01,29.53,0.34,73.9,Eyl,7.98,49.82
2020-06-01,29.03,0.06,66.92,Eyl,7.98,49.82
2020-07-01,27.75,0.01,68.57,Eyl,7.98,49.82
2020-08-01,26.95,0.0,72.21,Eyl,7.98,49.82
2020-09-01,26.4,13.67,79.24,Eyl,7.98,49.82
2020-10-01,27.28,0.03,77.41,Eyl,7.98,49.82
2020-11-01,26.64,0.02,73.1,Eyl,7.98,49.82
2020-12-01,25.65,0.02,72.63,Eyl,7.98,49.82
2021-01-01,24.49,0.01,71.21,Eyl,7.98,49.82
2021-02-01,25.02,0.0,72.45,Eyl,7.98,49.82
2021-03-01,26.36,0.0,74.29,Eyl,7.98,49.82
2021-04-01,27.85,0.03,72.75,Eyl,7.98,49.82
2021-05-01,27.86,21.31,75.65,Eyl,7.98,49.82
2021-06-01,25.84,0.0,80.44,Eyl,7.98,49.82
2021-07-01,25.52,0.01,74.55,Eyl,7.98,49.82
2021-08-01,25.84,0.0,76.74,Eyl,7.98,49.82
2021-09-01,25.05,0.02,78.97,Eyl,7.98,49.82
2021-10-01,26.17,0.01,79.2,Eyl,7.98,49.82
2021-11-01,26.79,0.03,72.53,Eyl,7.98,49.82
2021-12-01,25.92,0.02,71.73,Eyl,7.98,49.82
2022-01-01,25.41,0.02,72.84,Eyl,7.98,49.82
2022-02-01,25.29,0.01,71.75,Eyl,7.98,49.82
2022-03-01,26.21,0.0,71.49,Eyl,7.98,49.82
2022-04-01,28.54,0.04,74.13,Eyl,7.98,49.82
2022-05-01,28.39,0.17,74.62,Eyl,7.98,49.82
2022-06-01,25.45,0.0,70.74,Eyl,7.98,49.82
2022-07-01,24.96,0.02,72.65,Eyl,7.98,49.82
2022-08-01,25.95,0.0,75.67,Eyl,7.98,49.82
2022-09-01,26.15,0.0,77.54,Eyl,7.98,49.82
2022-10-01,26.06,0.05,79.59,Eyl,7.98,49.82
2022-11-01,26.85,0.01,74.02,Eyl,7.98,49.82
2022-12-01,26.1,0.03,72.56,Eyl,7.98,49.82
2023-01-01,25.36,0.01,71.22,Eyl,7.98,49.82
2023-02-01,25.35,0.0,71.96,Eyl,7.98,49.82
2023-03-01,27.39,0.02,74.98,Eyl,7.98,49.82
2023-04-01,28.91,0.12,73.92,Eyl,7.98,49.82
2023-05-01,28.62,4.68,79.53,Eyl,7.98,49.82
2023-06-01,26.82,0.01,76.43,Eyl,7.98,49.82
2023-07-01,26.33,0.0,73.19,Eyl,7.98,49.82
2023-08-01,26.72,0.0,75.8,Eyl,7.98,49.82
2023-09-01,27.11,0.01,78.2,Eyl,7.98,49.82
2023-10-01,27.81,0.53,78.57,Eyl,7.98,49.82
2023-11-01,27.64,0.63,76.89,Eyl,7.98,49.82
2023-12-01,26.72,0.02,72.61,Eyl,7.98,49.82
2024-01-01,26.1,0.0,73.09,Eyl,7.98,49.82
2024-02-01,26.7,0.0,72.38,Eyl,7.98,49.82
2024-03-01,28.01,0.0,72.01,Eyl,7.98,49.82
2024-04-01,29.17,5.26,75.79,Eyl,7.98,49.82
2024-05-01,29.19,0.14,76.91,Eyl,7.98,49.82
2024-06-01,27.51,0.07,72.05,Eyl,7.98,49.82
2024-07-01,27.11,0.01,73.79,Eyl,7.98,49.82
2024-08-01,26.6,0.01,74.66,Eyl,7.98,49.82
2024-09-01,26.36,0.0,77.6,Eyl,7.98,49.82
2024-10-01,27.42,0.04,78.28,Eyl,7.98,49.82
2024-11-01,27.43,0.02,73.68,Eyl,7.98,49.82
2024-12-01,25.76,0.0,69.59,Eyl,7.98,49.82
2025-01-01,24.62,0.0,71.52,Eyl,7.98,49.82
2025-02-01,25.34,0.0,73.53,Eyl,7.98,49.82
2025-03-01,27.31,0.01,74.36,Eyl,7.98,49.82
2025-04-01,28.79,0.01,71.42,Eyl,7.98,49.82
2025-05-01,29.03,0.05,72.21,Eyl,7.98,49.82
2025-06-01,26.37,0.0,73.14,Eyl,7.98,49.82
2025-07-01,26.7,0.0,70.04,Eyl,7.98,49.82
2025-08-01,26.33,0.05,74.62,Eyl,7.98,49.82
2025-09-01,26.33,0.05,77.99,Eyl,7.98,49.82
2025-10-01,26.86,0.02,75.14,Eyl,7.98,49.82
2025-11-01,-999.0,-999.0,-999.0,Eyl,7.98,49.82
2025-12-01,-999.0,-999.0,-999.0,Eyl,7.98,49.82
2015-01-01,24.49,0.0,54.48,Gaalkacyo,6.77,47.42
2015-02-01,25.84,0.01,55.54,Gaalkacyo,6.77,47.42
2015-03-01,27.2,0.39,57.33,Gaalkacyo,6.77,47.42
2015-04-01,29.38,0.54,56.42,Gaalkacyo,6.77,47.42
2015-05-01,28.84,3.48,61.72,Gaalkacyo,6.77,47.42
2015-06-01,27.69,2.85,60.05,Gaalkacyo,6.77,47.42
2015-07-01,27.97,0.68,52.85,Gaalkacyo,6.77,47.42
2015-08-01,27.9,0.79,54.63,Gaalkacyo,6.77,47.42
2015-09-01,29.75,0.35,50.74,Gaalkacyo,6.77,47.42
2015-10-01,28.67,2.55,62.72,Gaalkacyo,6.77,47.42
2015-11-01,25.4,7.28,75.47,Gaalkacyo,6.77,47.42
2015-12-01,25.15,0.12,63.19,Gaalkacyo,6.77,47.42
2016-01-01,25.39,0.08,59.77,Gaalkacyo,6.77,47.42
2016-02-01,25.69,0.01,54.36,Gaalkacyo,6.77,47.42
2016-03-01,28.59,0.21,57.24,Gaalkacyo,6.77,47.42
2016-04-01,28.47,4.81,64.84,Gaalkacyo,6.77,47.42
2016-05-01,28.36,1.21,62.63,Gaalkacyo,6.77,47.42
2016-06-01,28.73,0.07,50.44,Gaalkacyo,6.77,47.42
2016-07-01,27.47,0.1,50.47,Gaalkacyo,6.77,47.42
2016-08-01,28.27,0.1,48.46,Gaalkacyo,6.77,47.42
2016-09-01,28.58,0.05,49.4,Gaalkacyo,6.77,47.42
2016-10-01,28.32,0.77,56.32,Gaalkacyo,6.77,47.42
2016-11-01,27.58,0.05,54.85,Gaalkacyo,6.77,47.42
2016-12-01,26.41,0.02,54.44,Gaalkacyo,6.77,47.42
2017-01-01,25.02,0.0,52.78,Gaalkacyo,6.77,47.42
2017-02-01,26.91,0.01,54.79,Gaalkacyo,6.77,47.42
2017-03-01,28.05,0.04,53.81,Gaalkacyo,6.77,47.42
2017-04-01,29.93,0.47,53.4,Gaalkacyo,6.77,47.42
2017-05-01,29.49,1.09,57.05,Gaalkacyo,6.77,47.42
2017-06-01,30.27,0.03,46.24,Gaalkacyo,6.77,47.42
2017-07-01,28.7,0.06,48.13,Gaalkacyo,6.77,47.42
2017-08-01,29.34,0.02,46.84,Gaalkacyo,6.77,47.42
2017-09-01,29.43,0.03,49.5,Gaalkacyo,6.77,47.42
2017-10-01,29.39,0.57,54.8,Gaalkacyo,6.77,47.42
2017-11-01,26.94,0.96,57.9,Gaalkacyo,6.77,47.42
2017-12-01,25.17,0.0,48.27,Gaalkacyo,6.77,47.42
2018-01-01,24.58,0.0,51.17,Gaalkacyo,6.77,47.42
2018-02-01,26.61,0.0,52.91,Gaalkacyo,6.77,47.42
2018-03-01,28.33,0.1,52.41,Gaalkacyo,6.77,47.42
2018-04-01,28.65,1.46,62.41,Gaalkacyo,6.77,47.42
2018-05-01,29.03,0.88,57.94,Gaalkacyo,6.77,47.42
2018-06-01,28.92,0.39,50.22,Gaalkacyo,6.77,47.42
2018-07-01,28.24,0.04,47.79,Gaalkacyo,6.77,47.42
2018-08-01,28.31,0.15,50.02,Gaalkacyo,6.77,47.42
2018-09-01,29.66,0.48,50.24,Gaalkacyo,6.77,47.42
2018-10-01,28.9,0.26,55.09,Gaalkacyo,6.77,47.42
2018-11-01,28.23,0.14,54.98,Gaalkacyo,6.77,47.42
2018-12-01,27.12,0.02,51.56,Gaalkacyo,6.77,47.42
2019-01-01,25.61,0.01,53.07,Gaalkacyo,6.77,47.42
2019-02-01,27.11,0.01,54.8,Gaalkacyo,6.77,47.42
2019-03-01,28.61,0.02,54.52,Gaalkacyo,6.77,47.42
2019-04-01,29.87,0.19,55.31,Gaalkacyo,6.77,47.42
2019-05-01,30.44,0.8,54.59,Gaalkacyo,6.77,47.42
2019-06-01,28.7,2.21,54.99,Gaalkacyo,6.77,47.42
2019-07-01,28.66,0.11,50.38,Gaalkacyo,6.77,47.42
2019-08-01,29.45,0.05,46.7,Gaalkacyo,6.77,47.42
2019-09-01,30.08,0.15,48.49,Gaalkacyo,6.77,47.42
2019-10-01,28.72,1.36,58.73,Gaalkacyo,6.77,47.42
2019-11-01,27.73,0.5,57.91,Gaalkacyo,6.77,47.42
2019-12-01,27.66,0.05,50.94,Gaalkacyo,6.77,47.42
2020-01-01,27.12,0.01,53.2,Gaalkacyo,6.77,47.42
2020-02-01,27.15,0.0,52.05,Gaalkacyo,6.77,47.42
2020-03-01,28.99,0.11,55.27,Gaalkacyo,6.77,47.42
2020-04-01,28.99,2.21,61.28,Gaalkacyo,6.77,47.42
2020-05-01,28.86,2.46,64.93,Gaalkacyo,6.77,47.42
2020-06-01,29.06,0.2,52.93,Gaalkacyo,6.77,47.42
2020-07-01,28.1,0.27,53.82,Gaalkacyo,6.77,47.42
2020-08-01,28.34,0.12,51.85,Gaalkacyo,6.77,47.42
2020-09-01,27.27,9.82,63.58,Gaalkacyo,6.77,47.42
2020-10-01,28.05,1.37,62.74,Gaalkacyo,6.77,47.42
2020-11-01,27.28,0.1,55.75,Gaalkacyo,6.77,47.42
2020-12-01,26.19,0.01,53.03,Gaalkacyo,6.77,47.42
2021-01-01,25.04,0.02,51.01,Gaalkacyo,6.77,47.42
2021-02-01,26.11,0.01,53.62,Gaalkacyo,6.77,47.42
2021-03-01,27.75,0.0,53.91,Gaalkacyo,6.77,47.42
2021-04-01,29.37,0.43,53.65,Gaalkacyo,6.77,47.42
2021-05-01,27.87,23.1,65.88,Gaalkacyo,6.77,47.42
2021-06-01,25.11,0.26,75.24,Gaalkacyo,6.77,47.42
2021-07-01,25.17,0.19,65.96,Gaalkacyo,6.77,47.42
2021-08-01,26.94,0.15,59.59,Gaalkacyo,6.77,47.42
2021-09-01,27.9,0.27,56.89,Gaalkacyo,6.77,47.42
2021-10-01,28.94,0.09,55.35,Gaalkacyo,6.77,47.42
2021-11-01,27.85,0.29,54.29,Gaalkacyo,6.77,47.42
2021-12-01,26.2,0.07,55.12,Gaalkacyo,6.77,47.42
2022-01-01,25.9,0.08,55.91,Gaalkacyo,6.77,47.42
2022-02-01,26.15,0.31,54.2,Gaalkacyo,6.77,47.42
2022-03-01,27.52,0.18,53.51,Gaalkacyo,6.77,47.42
2022-04-01,29.77,1.19,56.22,Gaalkacyo,6.77,47.42
2022-05-01,30.29,0.64,52.27,Gaalkacyo,6.77,47.42
2022-06-01,28.75,0.33,50.33,Gaalkacyo,6.77,47.42
2022-07-01,27.48,0.2,52.06,Gaalkacyo,6.77,47.42
2022-08-01,28.01,0.1,50.61,Gaalkacyo,6.77,47.42
2022-09-01,28.92,0.12,49.95,Gaalkacyo,6.77,47.42
2022-10-01,28.69,0.35,55.52,Gaalkacyo,6.77,47.42
2022-11-01,28.06,0.27,55.83,Gaalkacyo,6.77,47.42
2022-12-01,27.0,0.01,52.75,Gaalkacyo,6.77,47.42
2023-01-01,25.92,0.0,53.22,Gaalkacyo,6.77,47.42
2023-02-01,26.19,0.02,53.16,Gaalkacyo,6.77,47.42
2023-03-01,28.68,0.35,57.16,Gaalkacyo,6.77,47.42
2023-04-01,29.88,0.93,56.59,Gaalkacyo,6.77,47.42
2023-05-01,27.84,5.54,69.21,Gaalkacyo,6.77,47.42
2023-06-01,28.83,0.27,55.31,Gaalkacyo,6.77,47.42
2023-07-01,28.22,0.12,52.45,Gaalkacyo,6.77,47.42
2023-08-01,29.38,0.05,48.72,Gaalkacyo,6.77,47.42
2023-09-01,30.24,0.19,49.27,Gaalkacyo,6.77,47.42
2023-10-01,27.88,4.48,68.77,Gaalkacyo,6.77,47.42
2023-11-01,25.82,4.65,75.92,Gaalkacyo,6.77,47.42
2023-12-01,26.71,0.01,58.49,Gaalkacyo,6.77,47.42
2024-01-01,26.54,0.01,55.2,Gaalkacyo,6.77,47.42
2024-02-01,27.65,0.05,55.8,Gaalkacyo,6.77,47.42
2024-03-01,29.28,0.01,54.53,Gaalkacyo,6.77,47.42
2024-04-01,29.52,9.46,63.92,Gaalkacyo,6.77,47.42
2024-05-01,27.83,1.47,74.07,Gaalkacyo,6.77,47.42
2024-06-01,27.65,0.28,63.35,Gaalkacyo,6.77,47.42
2024-07-01,27.94,0.04,58.45,Gaalkacyo,6.77,47.42
2024-08-01,28.25,0.13,54.6,Gaalkacyo,6.77,47.42
2024-09-01,29.95,0.03,49.57,Gaalkacyo,6.77,47.42
2024-10-01,29.65,0.71,55.24,Gaalkacyo,6.77,47.42
2024-11-01,28.26,0.82,57.33,Gaalkacyo,6.77,47.42
2024-12-01,26.06,0.0,50.27,Gaalkacyo,6.77,47.42
2025-01-01,25.19,0.0,51.14,Gaalkacyo,6.77,47.42
2025-02-01,26.58,0.01,54.6,Gaalkacyo,6.77,47.42
2025-03-01,29.06,0.06,54.64,Gaalkacyo,6.77,47.42
2025-04-01,30.24,0.54,53.99,Gaalkacyo,6.77,47.42
2025-05-01,29.96,1.03,57.17,Gaalkacyo,6.77,47.42
2025-06-01,29.14,0.57,53.95,Gaalkacyo,6.77,47.42
2025-07-01,28.39,0.06,51.15,Gaalkacyo,6.77,47.42
2025-08-01,28.24,0.04,50.8,Gaalkacyo,6.77,47.42
2025-09-01,29.7,0.19,48.44,Gaalkacyo,6.77,47.42
2025-10-01,28.6,0.8,53.95,Gaalkacyo,6.77,47.42
2025-11-01,-999.0,-999.0,-999.0,Gaalkacyo,6.77,47.42
2025-12-01,-999.0,-999.0,-999.0,Gaalkacyo,6.77,47.42
2015-01-01,22.7,0.0,56.39,Garowe,8.4,48.48
2015-02-01,24.07,0.0,55.83,Garowe,8.4,48.48
2015-03-01,26.05,0.0,56.07,Garowe,8.4,48.48
2015-04-01,28.45,0.0,55.02,Garowe,8.4,48.48
2015-05-01,28.88,4.97,59.57,Garowe,8.4,48.48
2015-06-01,26.07,5.32,67.33,Garowe,8.4,48.48
2015-07-01,27.18,0.15,53.89,Garowe,8.4,48.48
2015-08-01,27.01,0.95,56.26,Garowe,8.4,48.48
2015-09-01,29.15,0.17,50.49,Garowe,8.4,48.48
2015-10-01,27.62,2.13,62.71,Garowe,8.4,48.48
2015-11-01,24.56,3.73,71.78,Garowe,8.4,48.48
2015-12-01,23.65,0.11,61.5,Garowe,8.4,48.48
2016-01-01,23.67,0.12,59.61,Garowe,8.4,48.48
2016-02-01,23.7,0.03,55.65,Garowe,8.4,48.48
2016-03-01,27.3,0.09,57.37,Garowe,8.4,48.48
2016-04-01,27.86,3.1,62.14,Garowe,8.4,48.48
2016-05-01,27.73,1.37,63.94,Garowe,8.4,48.48
2016-06-01,28.69,0.07,47.94,Garowe,8.4,48.48
2016-07-01,26.98,0.16,50.11,Garowe,8.4,48.48
2016-08-01,27.5,0.33,49.09,Garowe,8.4,48.48
2016-09-01,28.26,0.29,49.18,Garowe,8.4,48.48
2016-10-01,26.66,0.84,59.67,Garowe,8.4,48.48
2016-11-01,25.61,0.03,56.06,Garowe,8.4,48.48
2016-12-01,24.22,0.06,56.65,Garowe,8.4,48.48
2017-01-01,22.79,0.0,56.35,Garowe,8.4,48.48
2017-02-01,24.7,0.01,57.58,Garowe,8.4,48.48
2017-03-01,26.31,0.08,54.51,Garowe,8.4,48.48
2017-04-01,28.56,0.28,54.0,Garowe,8.4,48.48
2017-05-01,28.15,2.31,61.49,Garowe,8.4,48.48
2017-06-01,29.46,0.01,47.35,Garowe,8.4,48.48
2017-07-01,28.32,0.02,46.6,Garowe,8.4,48.48
2017-08-01,28.94,0.02,45.28,Garowe,8.4,48.48
2017-09-01,28.96,0.07,50.0,Garowe,8.4,48.48
2017-10-01,28.39,0.01,54.55,Garowe,8.4,48.48
2017-11-01,25.85,0.01,53.37,Garowe,8.4,48.48
2017-12-01,22.69,0.0,52.52,Garowe,8.4,48.48
2018-01-01,22.14,0.0,54.06,Garowe,8.4,48.48
2018-02-01,24.41,0.0,54.59,Garowe,8.4,48.48
2018-03-01,26.32,0.0,52.6,Garowe,8.4,48.48
2018-04-01,28.31,0.49,59.52,Garowe,8.4,48.48
2018-05-01,29.32,0.11,52.27,Garowe,8.4,48.48
2018-06-01,28.87,0.28,48.3,Garowe,8.4,48.48
2018-07-01,28.02,0.0,45.34,Garowe,8.4,48.48
2018-08-01,28.01,0.05,48.35,Garowe,8.4,48.48
2018-09-01,28.89,0.01,51.05,Garowe,8.4,48.48
2018-10-01,28.22,0.03,52.29,Garowe,8.4,48.48
2018-11-01,26.39,0.0,55.73,Garowe,8.4,48.48
2018-12-01,24.75,0.0,54.86,Garowe,8.4,48.48
2019-01-01,23.39,0.0,57.81,Garowe,8.4,48.48
2019-02-01,25.23,0.0,56.95,Garowe,8.4,48.48
2019-03-01,26.94,0.0,55.75,Garowe,8.4,48.48
2019-04-01,28.88,0.0,54.0,Garowe,8.4,48.48
2019-05-01,29.85,0.0,53.09,Garowe,8.4,48.48
2019-06-01,28.58,1.25,53.38,Garowe,8.4,48.48
2019-07-01,28.76,0.0,47.02,Garowe,8.4,48.48
2019-08-01,29.31,0.02,44.26,Garowe,8.4,48.48
2019-09-01,29.63,0.0,48.08,Garowe,8.4,48.48
2019-10-01,28.03,0.0,54.34,Garowe,8.4,48.48
2019-11-01,26.45,0.01,57.82,Garowe,8.4,48.48
2019-12-01,25.52,0.0,54.99,Garowe,8.4,48.48
2020-01-01,24.88,0.0,56.1,Garowe,8.4,48.48
2020-02-01,24.94,0.0,53.99,Garowe,8.4,48.48
2020-03-01,27.5,0.0,56.04,Garowe,8.4,48.48
2020-04-01,27.81,2.11,62.22,Garowe,8.4,48.48
2020-05-01,29.72,0.67,56.94,Garowe,8.4,48.48
2020-06-01,29.8,0.05,46.54,Garowe,8.4,48.48
2020-07-01,28.47,0.01,48.45,Garowe,8.4,48.48
2020-08-01,28.43,0.0,48.35,Garowe,8.4,48.48
2020-09-01,27.31,5.14,60.75,Garowe,8.4,48.48
2020-10-01,28.32,0.0,51.9,Garowe,8.4,48.48
2020-11-01,25.93,0.0,53.57,Garowe,8.4,48.48
2020-12-01,24.15,0.0,55.39,Garowe,8.4,48.48
2021-01-01,22.8,0.0,54.05,Garowe,8.4,48.48
2021-02-01,23.95,0.0,54.68,Garowe,8.4,48.48
2021-03-01,26.03,0.0,53.29,Garowe,8.4,48.48
2021-04-01,28.01,0.0,54.17,Garowe,8.4,48.48
2021-05-01,28.37,27.72,60.54,Garowe,8.4,48.48
2021-06-01,25.07,0.0,72.01,Garowe,8.4,48.48
2021-07-01,25.56,0.0,59.24,Garowe,8.4,48.48
2021-08-01,27.18,0.0,55.04,Garowe,8.4,48.48
2021-09-01,28.17,0.0,52.66,Garowe,8.4,48.48
2021-10-01,27.93,0.0,55.69,Garowe,8.4,48.48
2021-11-01,25.83,0.0,53.81,Garowe,8.4,48.48
2021-12-01,23.9,0.0,57.46,Garowe,8.4,48.48
2022-01-01,23.8,0.0,59.0,Garowe,8.4,48.48
2022-02-01,24.27,0.0,55.72,Garowe,8.4,48.48
2022-03-01,25.7,0.0,54.54,Garowe,8.4,48.48
2022-04-01,29.01,0.05,53.69,Garowe,8.4,48.48
2022-05-01,30.98,0.48,45.65,Garowe,8.4,48.48
2022-06-01,29.1,0.0,45.43,Garowe,8.4,48.48
2022-07-01,27.32,0.0,48.85,Garowe,8.4,48.48
2022-08-01,27.78,0.0,48.7,Garowe,8.4,48.48
2022-09-01,28.74,0.0,48.66,Garowe,8.4,48.48
2022-10-01,27.95,0.05,55.18,Garowe,8.4,48.48
2022-11-01,26.42,0.0,55.58,Garowe,8.4,48.48
2022-12-01,24.93,0.0,54.74,Garowe,8.4,48.48
2023-01-01,23.65,0.0,57.48,Garowe,8.4,48.48
2023-02-01,24.17,0.0,55.56,Garowe,8.4,48.48
2023-03-01,27.44,0.01,57.09,Garowe,8.4,48.48
2023-04-01,29.07,0.11,54.92,Garowe,8.4,48.48
2023-05-01,27.45,5.82,69.12,Garowe,8.4,48.48
2023-06-01,29.14,0.01,51.16,Garowe,8.4,48.48
2023-07-01,28.26,0.0,48.84,Garowe,8.4,48.48
2023-08-01,29.01,0.0,47.54,Garowe,8.4,48.48
2023-09-01,29.95,0.03,48.47,Garowe,8.4,48.48
2023-10-01,28.31,0.59,60.44,Garowe,8.4,48.48
2023-11-01,26.86,0.24,59.47,Garowe,8.4,48.48
2023-12-01,25.69,0.0,53.5,Garowe,8.4,48.48
2024-01-01,24.84,0.0,55.33,Garowe,8.4,48.48
2024-02-01,26.03,0.0,56.75,Garowe,8.4,48.48
2024-03-01,27.82,0.0,55.16,Garowe,8.4,48.48
2024-04-01,28.79,5.89,62.4,Garowe,8.4,48.48
2024-05-01,28.3,0.03,66.75,Garowe,8.4,48.48
2024-06-01,29.07,0.03,52.24,Garowe,8.4,48.48
2024-07-01,28.76,0.0,51.49,Garowe,8.4,48.48
2024-08-01,28.63,0.0,49.95,Garowe,8.4,48.48
2024-09-01,29.99,0.0,46.66,Garowe,8.4,48.48
2024-10-01,29.48,0.03,51.64,Garowe,8.4,48.48
2024-11-01,26.96,0.0,54.19,Garowe,8.4,48.48
2024-12-01,23.77,0.0,52.39,Garowe,8.4,48.48
2025-01-01,22.87,0.0,53.95,Garowe,8.4,48.48
2025-02-01,24.51,0.0,56.52,Garowe,8.4,48.48
2025-03-01,27.4,0.0,55.48,Garowe,8.4,48.48
2025-04-01,29.08,0.0,53.24,Garowe,8.4,48.48
2025-05-01,30.55,0.0,49.8,Garowe,8.4,48.48
2025-06-01,29.74,0.0,47.62,Garowe,8.4,48.48
2025-07-01,28.45,0.0,47.64,Garowe,8.4,48.48
2025-08-01,28.05,0.03,48.02,Garowe,8.4,48.48
2025-09-01,29.44,0.06,46.68,Garowe,8.4,48.48
2025-10-01,28.2,0.01,48.32,Garowe,8.4,48.48
2025-11-01,-999.0,-999.0,-999.0,Garowe,8.4,48.48
2025-12-01,-999.0,-999.0,-999.0,Garowe,8.4,48.48
2015-01-01,17.84,0.07,65.34,Hargeysa,9.56,44.07
2015-02-01,21.34,0.0,55.62,Hargeysa,9.56,44.07
2015-03-01,23.72,0.47,51.02,Hargeysa,9.56,44.07
2015-04-01,25.13,0.64,51.08,Hargeysa,9.56,44.07
2015-05-01,25.42,2.07,62.3,Hargeysa,9.56,44.07
2015-06-01,25.55,0.7,55.62,Hargeysa,9.56,44.07
2015-07-01,26.16,0.26,48.07,Hargeysa,9.56,44.07
2015-08-01,25.16,0.8,51.88,Hargeysa,9.56,44.07
2015-09-01,27.28,0.14,42.89,Hargeysa,9.56,44.07
2015-10-01,24.62,1.1,57.08,Hargeysa,9.56,44.07
2015-11-01,21.09,3.33,72.18,Hargeysa,9.56,44.07
2015-12-01,18.73,2.11,75.79,Hargeysa,9.56,44.07
2016-01-01,19.54,0.34,73.26,Hargeysa,9.56,44.07
2016-02-01,19.81,0.2,62.92,Hargeysa,9.56,44.07
2016-03-01,26.09,0.2,47.31,Hargeysa,9.56,44.07
2016-04-01,24.98,4.93,63.57,Hargeysa,9.56,44.07
2016-05-01,24.36,1.35,68.11,Hargeysa,9.56,44.07
2016-06-01,25.02,0.09,55.63,Hargeysa,9.56,44.07
2016-07-01,24.75,0.51,51.52,Hargeysa,9.56,44.07
2016-08-01,24.65,0.98,49.98,Hargeysa,9.56,44.07
2016-09-01,26.44,0.34,42.49,Hargeysa,9.56,44.07
2016-10-01,23.99,0.51,47.62,Hargeysa,9.56,44.07
2016-11-01,21.31,0.07,60.57,Hargeysa,9.56,44.07
2016-12-01,19.69,0.23,65.77,Hargeysa,9.56,44.07
2017-01-01,18.9,0.02,60.54,Hargeysa,9.56,44.07
2017-02-01,21.65,0.1,61.77,Hargeysa,9.56,44.07
2017-03-01,24.44,0.47,52.97,Hargeysa,9.56,44.07
2017-04-01,26.18,0.27,49.49,Hargeysa,9.56,44.07
2017-05-01,25.71,2.99,59.73,Hargeysa,9.56,44.07
2017-06-01,26.31,0.04,50.58,Hargeysa,9.56,44.07
2017-07-01,25.81,0.19,47.08,Hargeysa,9.56,44.07
2017-08-01,26.18,0.37,46.34,Hargeysa,9.56,44.07
2017-09-01,26.77,0.42,46.72,Hargeysa,9.56,44.07
2017-10-01,24.83,0.18,50.3,Hargeysa,9.56,44.07
2017-11-01,21.32,0.23,62.89,Hargeysa,9.56,44.07
2017-12-01,17.56,0.05,65.03,Hargeysa,9.56,44.07
2018-01-01,17.68,0.01,62.49,Hargeysa,9.56,44.07
2018-02-01,21.57,0.06,55.91,Hargeysa,9.56,44.07
2018-03-01,23.38,0.02,51.46,Hargeysa,9.56,44.07
2018-04-01,24.47,2.82,63.59,Hargeysa,9.56,44.07
2018-05-01,25.59,0.08,57.46,Hargeysa,9.56,44.07
2018-06-01,26.02,0.22,50.85,Hargeysa,9.56,44.07
2018-07-01,24.97,0.55,49.86,Hargeysa,9.56,44.07
2018-08-01,25.58,0.37,48.3,Hargeysa,9.56,44.07
2018-09-01,26.35,0.27,44.05,Hargeysa,9.56,44.07
2018-10-01,24.53,0.55,53.95,Hargeysa,9.56,44.07
2018-11-01,22.16,0.6,64.12,Hargeysa,9.56,44.07
2018-12-01,19.7,0.01,66.63,Hargeysa,9.56,44.07
2019-01-01,19.66,0.0,63.97,Hargeysa,9.56,44.07
2019-02-01,22.78,0.0,57.46,Hargeysa,9.56,44.07
2019-03-01,24.95,0.03,49.36,Hargeysa,9.56,44.07
2019-04-01,26.82,0.08,47.35,Hargeysa,9.56,44.07
2019-05-01,27.44,0.13,46.88,Hargeysa,9.56,44.07
2019-06-01,25.11,3.67,60.07,Hargeysa,9.56,44.07
2019-07-01,25.47,0.01,52.37,Hargeysa,9.56,44.07
2019-08-01,25.77,1.2,48.52,Hargeysa,9.56,44.07
2019-09-01,25.81,3.73,53.63,Hargeysa,9.56,44.07
2019-10-01,21.13,5.65,77.55,Hargeysa,9.56,44.07
2019-11-01,20.82,0.57,75.54,Hargeysa,9.56,44.07
2019-12-01,19.41,2.38,74.12,Hargeysa,9.56,44.07
2020-01-01,18.77,0.25,77.21,Hargeysa,9.56,44.07
2020-02-01,20.63,0.09,67.95,Hargeysa,9.56,44.07
2020-03-01,24.15,1.54,60.12,Hargeysa,9.56,44.07
2020-04-01,24.32,6.31,68.66,Hargeysa,9.56,44.07
2020-05-01,24.36,1.56,72.22,Hargeysa,9.56,44.07
2020-06-01,24.59,0.32,62.08,Hargeysa,9.56,44.07
2020-07-01,24.41,0.48,54.82,Hargeysa,9.56,44.07
2020-08-01,25.08,0.57,53.49,Hargeysa,9.56,44.07
2020-09-01,24.98,2.01,57.57,Hargeysa,9.56,44.07
2020-10-01,23.92,0.18,45.83,Hargeysa,9.56,44.07
2020-11-01,21.07,0.34,63.95,Hargeysa,9.56,44.07
2020-12-01,19.5,0.42,68.52,Hargeysa,9.56,44.07
2021-01-01,17.97,0.81,68.03,Hargeysa,9.56,44.07
2021-02-01,19.84,0.26,60.32,Hargeysa,9.56,44.07
2021-03-01,23.15,0.02,52.58,Hargeysa,9.56,44.07
2021-04-01,24.89,3.25,52.2,Hargeysa,9.56,44.07
2021-05-01,23.93,3.54,69.35,Hargeysa,9.56,44.07
2021-06-01,23.64,0.19,64.18,Hargeysa,9.56,44.07
2021-07-01,22.86,0.84,59.7,Hargeysa,9.56,44.07
2021-08-01,24.97,0.94,52.2,Hargeysa,9.56,44.07
2021-09-01,25.61,1.22,52.54,Hargeysa,9.56,44.07
2021-10-01,24.51,0.37,53.01,Hargeysa,9.56,44.07
2021-11-01,21.47,2.28,57.2,Hargeysa,9.56,44.07
2021-12-01,19.01,1.56,72.46,Hargeysa,9.56,44.07
2022-01-01,19.11,0.75,71.09,Hargeysa,9.56,44.07
2022-02-01,19.94,0.7,66.49,Hargeysa,9.56,44.07
2022-03-01,22.78,0.35,56.27,Hargeysa,9.56,44.07
2022-04-01,25.58,1.8,53.33,Hargeysa,9.56,44.07
2022-05-01,27.02,0.1,47.75,Hargeysa,9.56,44.07
2022-06-01,26.2,0.25,48.85,Hargeysa,9.56,44.07
2022-07-01,23.51,1.35,55.17,Hargeysa,9.56,44.07
2022-08-01,24.25,0.74,53.59,Hargeysa,9.56,44.07
2022-09-01,26.31,0.46,46.85,Hargeysa,9.56,44.07
2022-10-01,24.65,0.35,53.86,Hargeysa,9.56,44.07
2022-11-01,21.41,1.09,64.76,Hargeysa,9.56,44.07
2022-12-01,19.82,0.45,68.93,Hargeysa,9.56,44.07
2023-01-01,20.1,0.0,65.99,Hargeysa,9.56,44.07
2023-02-01,21.08,0.38,58.83,Hargeysa,9.56,44.07
2023-03-01,23.65,2.48,64.61,Hargeysa,9.56,44.07
2023-04-01,24.08,4.2,67.94,Hargeysa,9.56,44.07
2023-05-01,23.65,3.44,74.97,Hargeysa,9.56,44.07
2023-06-01,24.56,1.52,65.59,Hargeysa,9.56,44.07
2023-07-01,24.27,0.19,58.75,Hargeysa,9.56,44.07
2023-08-01,25.56,1.18,51.04,Hargeysa,9.56,44.07
2023-09-01,27.53,0.49,46.56,Hargeysa,9.56,44.07
2023-10-01,24.92,3.33,60.27,Hargeysa,9.56,44.07
2023-11-01,21.2,2.9,79.11,Hargeysa,9.56,44.07
2023-12-01,19.27,0.01,74.33,Hargeysa,9.56,44.07
2024-01-01,19.99,0.19,69.49,Hargeysa,9.56,44.07
2024-02-01,23.09,0.24,60.86,Hargeysa,9.56,44.07
2024-03-01,25.7,0.57,53.75,Hargeysa,9.56,44.07
2024-04-01,25.91,2.76,62.33,Hargeysa,9.56,44.07
2024-05-01,26.22,1.37,64.63,Hargeysa,9.56,44.07
2024-06-01,26.31,0.39,52.96,Hargeysa,9.56,44.07
2024-07-01,25.91,2.65,53.71,Hargeysa,9.56,44.07
2024-08-01,24.35,1.43,59.96,Hargeysa,9.56,44.07
2024-09-01,26.35,0.73,50.48,Hargeysa,9.56,44.07
2024-10-01,25.5,1.94,57.39,Hargeysa,9.56,44.07
2024-11-01,21.33,0.3,68.11,Hargeysa,9.56,44.07
2024-12-01,18.82,0.07,66.13,Hargeysa,9.56,44.07
2025-01-01,18.48,0.06,66.61,Hargeysa,9.56,44.07
2025-02-01,21.49,0.43,63.14,Hargeysa,9.56,44.07
2025-03-01,24.27,0.51,58.45,Hargeysa,9.56,44.07
2025-04-01,25.68,0.84,51.43,Hargeysa,9.56,44.07
2025-05-01,26.65,1.24,53.39,Hargeysa,9.56,44.07
2025-06-01,27.07,0.1,46.03,Hargeysa,9.56,44.07
2025-07-01,26.1,0.27,47.94,Hargeysa,9.56,44.07
2025-08-01,24.58,1.77,54.02,Hargeysa,9.56,44.07
2025-09-01,25.53,1.41,53.59,Hargeysa,9.56,44.07
2025-10-01,24.2,0.26,49.84,Hargeysa,9.56,44.07
2025-11-01,-999.0,-999.0,-999.0,Hargeysa,9.56,44.07
2025-12-01,-999.0,-999.0,-999.0,Hargeysa,9.56,44.07
2015-01-01,25.57,0.0,71.22,Hobyo,5.35,48.53
2015-02-01,25.63,0.0,73.29,Hobyo,5.35,48.53
2015-03-01,27.0,0.16,74.06,Hobyo,5.35,48.53
2015-04-01,28.92,0.13,72.75,Hobyo,5.35,48.53
2015-05-01,28.91,3.75,76.94,Hobyo,5.35,48.53
2015-06-01,26.39,1.48,82.11,Hobyo,5.35,48.53
2015-07-01,26.34,0.79,78.5,Hobyo,5.35,48.53
2015-08-01,26.39,0.87,79.28,Hobyo,5.35,48.53
2015-09-01,27.12,0.29,79.96,Hobyo,5.35,48.53
2015-10-01,27.6,3.78,80.97,Hobyo,5.35,48.53
2015-11-01,27.47,11.93,80.58,Hobyo,5.35,48.53
2015-12-01,26.46,3.19,79.9,Hobyo,5.35,48.53
2016-01-01,26.03,0.67,76.51,Hobyo,5.35,48.53
2016-02-01,26.13,0.01,74.67,Hobyo,5.35,48.53
2016-03-01,27.91,0.15,74.48,Hobyo,5.35,48.53
2016-04-01,29.22,3.97,73.56,Hobyo,5.35,48.53
2016-05-01,28.61,0.92,76.37,Hobyo,5.35,48.53
2016-06-01,26.8,0.04,77.59,Hobyo,5.35,48.53
2016-07-01,24.18,0.13,81.77,Hobyo,5.35,48.53
2016-08-01,24.99,0.09,81.33,Hobyo,5.35,48.53
2016-09-01,25.84,0.07,79.0,Hobyo,5.35,48.53
2016-10-01,26.68,0.23,78.31,Hobyo,5.35,48.53
2016-11-01,27.13,0.01,74.36,Hobyo,5.35,48.53
2016-12-01,26.87,0.07,71.9,Hobyo,5.35,48.53
2017-01-01,26.01,0.0,69.11,Hobyo,5.35,48.53
2017-02-01,26.63,0.02,73.41,Hobyo,5.35,48.53
2017-03-01,27.4,0.03,72.48,Hobyo,5.35,48.53
2017-04-01,28.89,0.39,73.76,Hobyo,5.35,48.53
2017-05-01,28.94,0.86,76.03,Hobyo,5.35,48.53
2017-06-01,26.16,0.0,81.04,Hobyo,5.35,48.53
2017-07-01,25.64,0.02,80.5,Hobyo,5.35,48.53
2017-08-01,26.29,0.03,78.97,Hobyo,5.35,48.53
2017-09-01,26.26,0.06,80.8,Hobyo,5.35,48.53
2017-10-01,26.85,0.56,80.74,Hobyo,5.35,48.53
2017-11-01,27.34,2.25,73.54,Hobyo,5.35,48.53
2017-12-01,26.04,0.0,70.78,Hobyo,5.35,48.53
2018-01-01,25.13,0.0,71.67,Hobyo,5.35,48.53
2018-02-01,26.04,0.0,74.74,Hobyo,5.35,48.53
2018-03-01,27.72,0.15,73.07,Hobyo,5.35,48.53
2018-04-01,28.8,1.79,75.94,Hobyo,5.35,48.53
2018-05-01,28.63,0.27,76.5,Hobyo,5.35,48.53
2018-06-01,26.09,0.35,79.82,Hobyo,5.35,48.53
2018-07-01,25.16,0.02,78.96,Hobyo,5.35,48.53
2018-08-01,24.71,0.19,82.04,Hobyo,5.35,48.53
2018-09-01,26.31,0.59,80.94,Hobyo,5.35,48.53
2018-10-01,27.08,0.27,77.61,Hobyo,5.35,48.53
2018-11-01,27.71,0.27,74.52,Hobyo,5.35,48.53
2018-12-01,27.05,0.09,73.44,Hobyo,5.35,48.53
2019-01-01,26.15,0.0,69.91,Hobyo,5.35,48.53
2019-02-01,26.52,0.0,74.73,Hobyo,5.35,48.53
2019-03-01,27.92,0.0,72.4,Hobyo,5.35,48.53
2019-04-01,29.16,0.04,72.61,Hobyo,5.35,48.53
2019-05-01,29.64,0.23,74.76,Hobyo,5.35,48.53
2019-06-01,26.79,1.32,78.28,Hobyo,5.35,48.53
2019-07-01,26.17,0.13,79.59,Hobyo,5.35,48.53
2019-08-01,26.45,0.05,78.64,Hobyo,5.35,48.53
2019-09-01,26.55,0.04,80.36,Hobyo,5.35,48.53
2019-10-01,27.77,0.24,76.58,Hobyo,5.35,48.53
2019-11-01,27.84,0.34,77.0,Hobyo,5.35,48.53
2019-12-01,27.29,0.0,75.12,Hobyo,5.35,48.53
2020-01-01,26.74,0.0,74.29,Hobyo,5.35,48.53
2020-02-01,26.68,0.0,72.88,Hobyo,5.35,48.53
2020-03-01,28.11,0.0,75.47,Hobyo,5.35,48.53
2020-04-01,29.25,2.02,73.7,Hobyo,5.35,48.53
2020-05-01,29.38,4.28,78.11,Hobyo,5.35,48.53
2020-06-01,27.37,0.64,78.64,Hobyo,5.35,48.53
2020-07-01,26.34,0.63,78.8,Hobyo,5.35,48.53
2020-08-01,25.96,0.11,78.88,Hobyo,5.35,48.53
2020-09-01,25.63,5.93,84.26,Hobyo,5.35,48.53
2020-10-01,27.37,0.19,81.18,Hobyo,5.35,48.53
2020-11-01,27.55,0.22,74.55,Hobyo,5.35,48.53
2020-12-01,26.53,0.0,73.83,Hobyo,5.35,48.53
2021-01-01,25.59,0.02,72.13,Hobyo,5.35,48.53
2021-02-01,25.95,0.0,73.31,Hobyo,5.35,48.53
2021-03-01,27.09,0.0,75.92,Hobyo,5.35,48.53
2021-04-01,28.67,0.1,71.85,Hobyo,5.35,48.53
2021-05-01,28.06,40.21,77.82,Hobyo,5.35,48.53
2021-06-01,25.71,0.11,86.69,Hobyo,5.35,48.53
2021-07-01,25.69,0.14,81.74,Hobyo,5.35,48.53
2021-08-01,25.95,0.14,80.67,Hobyo,5.35,48.53
2021-09-01,26.56,0.13,80.27,Hobyo,5.35,48.53
2021-10-01,27.05,0.04,78.55,Hobyo,5.35,48.53
2021-11-01,27.45,0.12,73.71,Hobyo,5.35,48.53
2021-12-01,26.83,0.0,71.74,Hobyo,5.35,48.53
2022-01-01,26.41,0.26,71.75,Hobyo,5.35,48.53
2022-02-01,26.22,0.12,71.82,Hobyo,5.35,48.53
2022-03-01,27.23,0.0,70.79,Hobyo,5.35,48.53
2022-04-01,29.03,0.11,73.94,Hobyo,5.35,48.53
2022-05-01,28.29,0.61,77.08,Hobyo,5.35,48.53
2022-06-01,26.51,0.44,77.38,Hobyo,5.35,48.53
2022-07-01,25.79,0.19,77.53,Hobyo,5.35,48.53
2022-08-01,25.85,0.12,78.45,Hobyo,5.35,48.53
2022-09-01,25.66,0.02,81.86,Hobyo,5.35,48.53
2022-10-01,26.64,0.16,78.79,Hobyo,5.35,48.53
2022-11-01,27.54,0.14,73.9,Hobyo,5.35,48.53
2022-12-01,26.91,0.43,74.1,Hobyo,5.35,48.53
2023-01-01,26.23,0.0,71.88,Hobyo,5.35,48.53
2023-02-01,26.16,0.0,71.43,Hobyo,5.35,48.53
2023-03-01,28.03,0.17,76.32,Hobyo,5.35,48.53
2023-04-01,29.35,0.41,74.68,Hobyo,5.35,48.53
2023-05-01,28.71,7.02,80.03,Hobyo,5.35,48.53
2023-06-01,27.33,0.04,79.63,Hobyo,5.35,48.53
2023-07-01,26.62,0.11,78.07,Hobyo,5.35,48.53
2023-08-01,26.68,0.04,79.48,Hobyo,5.35,48.53
2023-09-01,27.1,0.04,80.51,Hobyo,5.35,48.53
2023-10-01,27.92,7.09,80.16,Hobyo,5.35,48.53
2023-11-01,27.71,3.57,81.02,Hobyo,5.35,48.53
2023-12-01,27.28,0.0,76.62,Hobyo,5.35,48.53
2024-01-01,26.76,0.0,76.16,Hobyo,5.35,48.53
2024-02-01,27.39,0.0,73.91,Hobyo,5.35,48.53
2024-03-01,28.78,0.0,72.61,Hobyo,5.35,48.53
2024-04-01,29.58,10.35,76.66,Hobyo,5.35,48.53
2024-05-01,28.85,1.59,82.86,Hobyo,5.35,48.53
2024-06-01,27.51,0.33,79.57,Hobyo,5.35,48.53
2024-07-01,26.42,0.03,80.29,Hobyo,5.35,48.53
2024-08-01,26.06,0.03,81.16,Hobyo,5.35,48.53
2024-09-01,26.54,0.01,81.48,Hobyo,5.35,48.53
2024-10-01,27.36,0.02,79.69,Hobyo,5.35,48.53
2024-11-01,27.89,0.63,75.42,Hobyo,5.35,48.53
2024-12-01,26.73,0.0,70.24,Hobyo,5.35,48.53
2025-01-01,25.66,0.0,72.46,Hobyo,5.35,48.53
2025-02-01,26.25,0.0,74.26,Hobyo,5.35,48.53
2025-03-01,28.25,0.09,75.16,Hobyo,5.35,48.53
2025-04-01,29.4,0.17,72.94,Hobyo,5.35,48.53
2025-05-01,29.22,0.37,75.37,Hobyo,5.35,48.53
2025-06-01,26.72,0.19,78.29,Hobyo,5.35,48.53
2025-07-01,26.5,0.1,77.01,Hobyo,5.35,48.53
2025-08-01,26.04,0.03,78.45,Hobyo,5.35,48.53
2025-09-01,26.45,0.03,79.71,Hobyo,5.35,48.53
2025-10-01,26.93,0.06,79.14,Hobyo,5.35,48.53
2025-11-01,-999.0,-999.0,-999.0,Hobyo,5.35,48.53
2025-12-01,-999.0,-999.0,-999.0,Hobyo,5.35,48.53
2015-01-01,26.47,0.0,56.45,Jalalaqsi,3.38,45.6
2015-02-01,28.3,0.01,55.82,Jalalaqsi,3.38,45.6
2015-03-01,29.06,1.19,58.41,Jalalaqsi,3.38,45.6
2015-04-01,29.88,1.29,62.44,Jalalaqsi,3.38,45.6
2015-05-01,28.54,2.84,69.6,Jalalaqsi,3.38,45.6
2015-06-01,27.56,0.46,67.44,Jalalaqsi,3.38,45.6
2015-07-01,26.81,0.79,65.48,Jalalaqsi,3.38,45.6
2015-08-01,26.67,1.94,68.02,Jalalaqsi,3.38,45.6
2015-09-01,27.68,2.57,67.49,Jalalaqsi,3.38,45.6
2015-10-01,28.18,3.75,71.29,Jalalaqsi,3.38,45.6
2015-11-01,26.45,12.3,79.52,Jalalaqsi,3.38,45.6
2015-12-01,26.37,1.07,71.73,Jalalaqsi,3.38,45.6
2016-01-01,27.31,0.12,62.5,Jalalaqsi,3.38,45.6
2016-02-01,28.32,0.02,56.72,Jalalaqsi,3.38,45.6
2016-03-01,30.78,0.32,57.14,Jalalaqsi,3.38,45.6
2016-04-01,29.69,5.93,65.4,Jalalaqsi,3.38,45.6
2016-05-01,27.52,1.11,72.54,Jalalaqsi,3.38,45.6
2016-06-01,27.15,0.08,66.41,Jalalaqsi,3.38,45.6
2016-07-01,25.99,0.04,63.99,Jalalaqsi,3.38,45.6
2016-08-01,26.83,0.02,62.28,Jalalaqsi,3.38,45.6
2016-09-01,27.56,0.01,60.06,Jalalaqsi,3.38,45.6
2016-10-01,28.76,0.06,59.33,Jalalaqsi,3.38,45.6
2016-11-01,29.52,0.13,57.49,Jalalaqsi,3.38,45.6
2016-12-01,28.69,0.04,55.37,Jalalaqsi,3.38,45.6
2017-01-01,27.81,0.0,52.18,Jalalaqsi,3.38,45.6
2017-02-01,29.37,0.02,54.86,Jalalaqsi,3.38,45.6
2017-03-01,30.19,0.04,54.26,Jalalaqsi,3.38,45.6
2017-04-01,31.09,0.47,55.48,Jalalaqsi,3.38,45.6
2017-05-01,29.7,0.31,61.23,Jalalaqsi,3.38,45.6
2017-06-01,28.51,0.04,61.11,Jalalaqsi,3.38,45.6
2017-07-01,27.29,0.01,61.81,Jalalaqsi,3.38,45.6
2017-08-01,27.76,0.09,61.27,Jalalaqsi,3.38,45.6
2017-09-01,28.55,0.02,58.95,Jalalaqsi,3.38,45.6
2017-10-01,29.55,0.7,58.66,Jalalaqsi,3.38,45.6
2017-11-01,27.51,5.23,68.06,Jalalaqsi,3.38,45.6
2017-12-01,26.72,0.0,57.67,Jalalaqsi,3.38,45.6
2018-01-01,26.63,0.0,56.39,Jalalaqsi,3.38,45.6
2018-02-01,28.92,0.0,56.25,Jalalaqsi,3.38,45.6
2018-03-01,30.14,0.18,55.61,Jalalaqsi,3.38,45.6
2018-04-01,28.97,2.8,66.45,Jalalaqsi,3.38,45.6
2018-05-01,28.37,0.39,68.27,Jalalaqsi,3.38,45.6
2018-06-01,27.61,0.41,63.85,Jalalaqsi,3.38,45.6
2018-07-01,26.76,0.07,61.94,Jalalaqsi,3.38,45.6
2018-08-01,26.63,0.98,64.98,Jalalaqsi,3.38,45.6
2018-09-01,28.44,0.29,60.86,Jalalaqsi,3.38,45.6
2018-10-01,29.02,0.74,60.39,Jalalaqsi,3.38,45.6
2018-11-01,29.79,0.58,57.65,Jalalaqsi,3.38,45.6
2018-12-01,28.99,0.15,56.4,Jalalaqsi,3.38,45.6
2019-01-01,28.2,0.0,53.11,Jalalaqsi,3.38,45.6
2019-02-01,29.29,0.02,55.46,Jalalaqsi,3.38,45.6
2019-03-01,30.65,0.0,54.21,Jalalaqsi,3.38,45.6
2019-04-01,31.23,0.57,56.67,Jalalaqsi,3.38,45.6
2019-05-01,29.92,1.44,63.33,Jalalaqsi,3.38,45.6
2019-06-01,27.52,1.77,68.46,Jalalaqsi,3.38,45.6
2019-07-01,26.91,0.55,66.8,Jalalaqsi,3.38,45.6
2019-08-01,27.62,0.23,63.13,Jalalaqsi,3.38,45.6
2019-09-01,28.42,0.41,61.56,Jalalaqsi,3.38,45.6
2019-10-01,27.95,3.87,70.48,Jalalaqsi,3.38,45.6
2019-11-01,28.11,1.69,67.57,Jalalaqsi,3.38,45.6
2019-12-01,28.51,0.36,61.7,Jalalaqsi,3.38,45.6
2020-01-01,28.84,0.01,57.12,Jalalaqsi,3.38,45.6
2020-02-01,29.28,0.0,55.07,Jalalaqsi,3.38,45.6
2020-03-01,30.36,0.14,58.16,Jalalaqsi,3.38,45.6
2020-04-01,30.21,2.25,61.79,Jalalaqsi,3.38,45.6
2020-05-01,27.91,4.42,75.01,Jalalaqsi,3.38,45.6
2020-06-01,26.93,1.2,73.36,Jalalaqsi,3.38,45.6
2020-07-01,25.94,2.93,73.57,Jalalaqsi,3.38,45.6
2020-08-01,25.7,1.97,72.78,Jalalaqsi,3.38,45.6
2020-09-01,25.86,8.22,76.23,Jalalaqsi,3.38,45.6
2020-10-01,27.11,1.71,75.78,Jalalaqsi,3.38,45.6
2020-11-01,27.02,1.88,73.85,Jalalaqsi,3.38,45.6
2020-12-01,27.39,0.09,61.87,Jalalaqsi,3.38,45.6
2021-01-01,27.14,0.16,56.98,Jalalaqsi,3.38,45.6
2021-02-01,28.27,0.01,56.16,Jalalaqsi,3.38,45.6
2021-03-01,29.66,0.03,56.34,Jalalaqsi,3.38,45.6
2021-04-01,30.64,1.14,57.59,Jalalaqsi,3.38,45.6
2021-05-01,27.56,5.35,70.9,Jalalaqsi,3.38,45.6
2021-06-01,26.38,1.43,71.59,Jalalaqsi,3.38,45.6
2021-07-01,25.25,2.04,72.78,Jalalaqsi,3.38,45.6
2021-08-01,25.46,3.68,74.34,Jalalaqsi,3.38,45.6
2021-09-01,26.24,3.41,73.58,Jalalaqsi,3.38,45.6
2021-10-01,27.72,0.38,68.42,Jalalaqsi,3.38,45.6
2021-11-01,28.7,1.88,63.77,Jalalaqsi,3.38,45.6
2021-12-01,27.96,0.07,60.68,Jalalaqsi,3.38,45.6
2022-01-01,27.65,0.61,57.38,Jalalaqsi,3.38,45.6
2022-02-01,27.61,3.31,60.61,Jalalaqsi,3.38,45.6
2022-03-01,29.39,0.02,55.91,Jalalaqsi,3.38,45.6
2022-04-01,30.35,2.65,60.83,Jalalaqsi,3.38,45.6
2022-05-01,28.38,1.25,69.01,Jalalaqsi,3.38,45.6
2022-06-01,26.51,2.9,71.1,Jalalaqsi,3.38,45.6
2022-07-01,24.96,2.19,73.05,Jalalaqsi,3.38,45.6
2022-08-01,25.41,2.64,71.66,Jalalaqsi,3.38,45.6
2022-09-01,26.55,0.62,69.03,Jalalaqsi,3.38,45.6
2022-10-01,27.87,0.56,65.54,Jalalaqsi,3.38,45.6
2022-11-01,28.84,0.95,62.56,Jalalaqsi,3.38,45.6
2022-12-01,26.89,3.11,68.88,Jalalaqsi,3.38,45.6
2023-01-01,27.47,0.01,58.82,Jalalaqsi,3.38,45.6
2023-02-01,28.21,0.0,55.62,Jalalaqsi,3.38,45.6
2023-03-01,29.84,0.63,60.21,Jalalaqsi,3.38,45.6
2023-04-01,29.51,2.53,65.71,Jalalaqsi,3.38,45.6
2023-05-01,28.61,2.13,68.52,Jalalaqsi,3.38,45.6
2023-06-01,27.72,0.66,67.86,Jalalaqsi,3.38,45.6
2023-07-01,26.52,1.15,69.09,Jalalaqsi,3.38,45.6
2023-08-01,27.63,0.46,65.28,Jalalaqsi,3.38,45.6
2023-09-01,28.81,0.28,62.28,Jalalaqsi,3.38,45.6
2023-10-01,27.76,11.84,74.55,Jalalaqsi,3.38,45.6
2023-11-01,25.65,12.94,87.09,Jalalaqsi,3.38,45.6
2023-12-01,25.22,0.01,82.85,Jalalaqsi,3.38,45.6
2024-01-01,25.85,0.01,75.77,Jalalaqsi,3.38,45.6
2024-02-01,28.15,0.03,66.39,Jalalaqsi,3.38,45.6
2024-03-01,29.97,0.06,61.62,Jalalaqsi,3.38,45.6
2024-04-01,29.4,4.37,70.38,Jalalaqsi,3.38,45.6
2024-05-01,27.96,10.08,77.28,Jalalaqsi,3.38,45.6
2024-06-01,25.87,3.84,80.71,Jalalaqsi,3.38,45.6
2024-07-01,25.7,0.77,77.02,Jalalaqsi,3.38,45.6
2024-08-01,25.86,1.71,74.34,Jalalaqsi,3.38,45.6
2024-09-01,27.23,0.44,69.92,Jalalaqsi,3.38,45.6
2024-10-01,28.71,0.43,64.95,Jalalaqsi,3.38,45.6
2024-11-01,27.41,5.7,73.96,Jalalaqsi,3.38,45.6
2024-12-01,27.38,0.0,61.08,Jalalaqsi,3.38,45.6
2025-01-01,27.35,0.0,56.71,Jalalaqsi,3.38,45.6
2025-02-01,28.74,0.0,56.38,Jalalaqsi,3.38,45.6
2025-03-01,30.57,0.93,58.3,Jalalaqsi,3.38,45.6
2025-04-01,30.52,1.62,60.65,Jalalaqsi,3.38,45.6
2025-05-01,27.73,8.41,76.38,Jalalaqsi,3.38,45.6
2025-06-01,26.28,3.86,77.0,Jalalaqsi,3.38,45.6
2025-07-01,25.55,0.9,73.45,Jalalaqsi,3.38,45.6
2025-08-01,26.0,0.64,69.72,Jalalaqsi,3.38,45.6
2025-09-01,27.62,0.43,64.76,Jalalaqsi,3.38,45.6
2025-10-01,28.86,0.44,62.05,Jalalaqsi,3.38,45.6
2025-11-01,-999.0,-999.0,-999.0,Jalalaqsi,3.38,45.6
2025-12-01,-999.0,-999.0,-999.0,Jalalaqsi,3.38,45.6
2015-01-01,24.84,0.0,62.56,Jariiban,7.21,48.85
2015-02-01,25.49,0.0,64.03,Jariiban,7.21,48.85
2015-03-01,27.01,0.19,65.04,Jariiban,7.21,48.85
2015-04-01,29.26,0.08,62.98,Jariiban,7.21,48.85
2015-05-01,29.73,4.27,63.73,Jariiban,7.21,48.85
2015-06-01,27.82,2.59,66.66,Jariiban,7.21,48.85
2015-07-01,28.29,0.71,58.14,Jariiban,7.21,48.85
2015-08-01,28.15,0.63,60.69,Jariiban,7.21,48.85
2015-09-01,29.62,0.26,58.31,Jariiban,7.21,48.85
2015-10-01,28.47,2.76,69.8,Jariiban,7.21,48.85
2015-11-01,26.22,8.61,77.81,Jariiban,7.21,48.85
2015-12-01,25.47,0.44,70.12,Jariiban,7.21,48.85
2016-01-01,25.21,0.1,68.5,Jariiban,7.21,48.85
2016-02-01,25.54,0.01,63.9,Jariiban,7.21,48.85
2016-03-01,28.1,0.18,64.74,Jariiban,7.21,48.85
2016-04-01,28.63,4.95,70.13,Jariiban,7.21,48.85
2016-05-01,28.78,0.85,66.92,Jariiban,7.21,48.85
2016-06-01,29.12,0.05,54.78,Jariiban,7.21,48.85
2016-07-01,27.51,0.09,56.04,Jariiban,7.21,48.85
2016-08-01,28.15,0.09,56.03,Jariiban,7.21,48.85
2016-09-01,28.37,0.06,58.05,Jariiban,7.21,48.85
2016-10-01,27.96,0.79,64.86,Jariiban,7.21,48.85
2016-11-01,27.34,0.02,62.94,Jariiban,7.21,48.85
2016-12-01,26.42,0.04,63.51,Jariiban,7.21,48.85
2017-01-01,24.97,0.0,62.31,Jariiban,7.21,48.85
2017-02-01,26.43,0.01,63.54,Jariiban,7.21,48.85
2017-03-01,27.53,0.04,62.57,Jariiban,7.21,48.85
2017-04-01,29.6,0.57,61.87,Jariiban,7.21,48.85
2017-05-01,29.5,0.99,63.78,Jariiban,7.21,48.85
2017-06-01,29.97,0.0,53.5,Jariiban,7.21,48.85
2017-07-01,28.91,0.02,53.8,Jariiban,7.21,48.85
2017-08-01,29.3,0.02,53.93,Jariiban,7.21,48.85
2017-09-01,29.27,0.02,57.08,Jariiban,7.21,48.85
2017-10-01,29.0,0.35,63.03,Jariiban,7.21,48.85
2017-11-01,27.29,0.66,63.0,Jariiban,7.21,48.85
2017-12-01,25.41,0.0,58.59,Jariiban,7.21,48.85
2018-01-01,24.52,0.0,61.2,Jariiban,7.21,48.85
2018-02-01,26.11,0.0,62.24,Jariiban,7.21,48.85
2018-03-01,27.79,0.09,61.56,Jariiban,7.21,48.85
2018-04-01,28.6,1.53,69.92,Jariiban,7.21,48.85
2018-05-01,30.16,0.21,58.27,Jariiban,7.21,48.85
2018-06-01,29.33,0.36,54.15,Jariiban,7.21,48.85
2018-07-01,28.44,0.02,53.11,Jariiban,7.21,48.85
2018-08-01,28.31,0.12,56.45,Jariiban,7.21,48.85
2018-09-01,29.17,0.13,59.47,Jariiban,7.21,48.85
2018-10-01,28.78,0.16,61.62,Jariiban,7.21,48.85
2018-11-01,28.05,0.12,62.98,Jariiban,7.21,48.85
2018-12-01,26.95,0.04,60.99,Jariiban,7.21,48.85
2019-01-01,25.5,0.0,61.48,Jariiban,7.21,48.85
2019-02-01,26.68,0.0,63.24,Jariiban,7.21,48.85
2019-03-01,28.18,0.0,62.06,Jariiban,7.21,48.85
2019-04-01,29.76,0.02,60.99,Jariiban,7.21,48.85
2019-05-01,30.84,0.2,59.81,Jariiban,7.21,48.85
2019-06-01,29.01,2.18,59.3,Jariiban,7.21,48.85
2019-07-01,29.26,0.08,53.73,Jariiban,7.21,48.85
2019-08-01,29.65,0.03,52.83,Jariiban,7.21,48.85
2019-09-01,29.8,0.02,56.35,Jariiban,7.21,48.85
2019-10-01,28.97,0.3,63.01,Jariiban,7.21,48.85
2019-11-01,27.96,0.07,64.07,Jariiban,7.21,48.85
2019-12-01,27.66,0.0,59.89,Jariiban,7.21,48.85
2020-01-01,26.71,0.0,62.17,Jariiban,7.21,48.85
2020-02-01,26.5,0.0,61.87,Jariiban,7.21,48.85
2020-03-01,28.52,0.0,62.89,Jariiban,7.21,48.85
2020-04-01,29.1,1.81,66.64,Jariiban,7.21,48.85
2020-05-01,29.33,3.13,68.66,Jariiban,7.21,48.85
2020-06-01,30.4,0.22,51.87,Jariiban,7.21,48.85
2020-07-01,29.24,0.26,53.82,Jariiban,7.21,48.85
2020-08-01,28.73,0.05,55.26,Jariiban,7.21,48.85
2020-09-01,27.61,9.61,68.11,Jariiban,7.21,48.85
2020-10-01,28.93,0.23,64.99,Jariiban,7.21,48.85
2020-11-01,27.69,0.03,60.69,Jariiban,7.21,48.85
2020-12-01,26.37,0.0,61.14,Jariiban,7.21,48.85
2021-01-01,25.03,0.0,60.68,Jariiban,7.21,48.85
2021-02-01,25.8,0.0,62.55,Jariiban,7.21,48.85
2021-03-01,27.39,0.0,63.15,Jariiban,7.21,48.85
2021-04-01,29.14,0.17,61.2,Jariiban,7.21,48.85
2021-05-01,29.08,27.94,64.2,Jariiban,7.21,48.85
2021-06-01,26.36,0.13,74.2,Jariiban,7.21,48.85
2021-07-01,26.49,0.11,65.34,Jariiban,7.21,48.85
2021-08-01,28.16,0.05,59.5,Jariiban,7.21,48.85
2021-09-01,28.78,0.05,59.21,Jariiban,7.21,48.85
2021-10-01,28.8,0.03,62.19,Jariiban,7.21,48.85
2021-11-01,27.92,0.05,61.24,Jariiban,7.21,48.85
2021-12-01,26.34,0.0,62.59,Jariiban,7.21,48.85
2022-01-01,25.79,0.05,64.18,Jariiban,7.21,48.85
2022-02-01,25.88,0.24,62.67,Jariiban,7.21,48.85
2022-03-01,27.1,0.0,61.8,Jariiban,7.21,48.85
2022-04-01,29.99,0.13,61.55,Jariiban,7.21,48.85
2022-05-01,31.39,0.22,52.73,Jariiban,7.21,48.85
2022-06-01,29.69,0.1,51.7,Jariiban,7.21,48.85
2022-07-01,28.18,0.12,54.41,Jariiban,7.21,48.85
2022-08-01,28.43,0.04,55.26,Jariiban,7.21,48.85
2022-09-01,29.0,0.01,56.39,Jariiban,7.21,48.85
2022-10-01,28.4,0.2,63.08,Jariiban,7.21,48.85
2022-11-01,27.99,0.03,62.17,Jariiban,7.21,48.85
2022-12-01,26.91,0.03,61.47,Jariiban,7.21,48.85
2023-01-01,25.71,0.0,62.3,Jariiban,7.21,48.85
2023-02-01,25.97,0.0,62.67,Jariiban,7.21,48.85
2023-03-01,28.34,0.23,65.24,Jariiban,7.21,48.85
2023-04-01,29.97,0.25,62.36,Jariiban,7.21,48.85
2023-05-01,28.44,5.13,73.41,Jariiban,7.21,48.85
2023-06-01,29.63,0.03,58.18,Jariiban,7.21,48.85
2023-07-01,28.97,0.02,55.01,Jariiban,7.21,48.85
2023-08-01,29.55,0.01,55.38,Jariiban,7.21,48.85
2023-09-01,30.09,0.03,57.17,Jariiban,7.21,48.85
2023-10-01,28.12,4.86,73.41,Jariiban,7.21,48.85
2023-11-01,26.48,3.66,78.48,Jariiban,7.21,48.85
2023-12-01,26.78,0.0,65.28,Jariiban,7.21,48.85
2024-01-01,26.69,0.0,63.34,Jariiban,7.21,48.85
2024-02-01,27.5,0.0,62.64,Jariiban,7.21,48.85
2024-03-01,29.02,0.0,60.82,Jariiban,7.21,48.85
2024-04-01,29.72,9.52,68.52,Jariiban,7.21,48.85
2024-05-01,28.62,0.74,75.17,Jariiban,7.21,48.85
2024-06-01,28.97,0.16,60.96,Jariiban,7.21,48.85
2024-07-01,28.85,0.02,58.63,Jariiban,7.21,48.85
2024-08-01,28.98,0.02,56.45,Jariiban,7.21,48.85
2024-09-01,29.91,0.0,56.01,Jariiban,7.21,48.85
2024-10-01,29.58,0.06,61.3,Jariiban,7.21,48.85
2024-11-01,28.3,0.37,63.57,Jariiban,7.21,48.85
2024-12-01,26.19,0.0,59.33,Jariiban,7.21,48.85
2025-01-01,25.05,0.0,61.58,Jariiban,7.21,48.85
2025-02-01,26.16,0.0,64.03,Jariiban,7.21,48.85
2025-03-01,28.66,0.01,62.62,Jariiban,7.21,48.85
2025-04-01,30.23,0.13,60.15,Jariiban,7.21,48.85
2025-05-01,31.47,0.18,53.68,Jariiban,7.21,48.85
2025-06-01,30.18,0.25,53.15,Jariiban,7.21,48.85
2025-07-01,29.32,0.01,51.8,Jariiban,7.21,48.85
2025-08-01,28.82,0.01,54.27,Jariiban,7.21,48.85
2025-09-01,29.54,0.03,55.8,Jariiban,7.21,48.85
2025-10-01,28.87,0.07,60.27,Jariiban,7.21,48.85
2025-11-01,-999.0,-999.0,-999.0,Jariiban,7.21,48.85
2025-12-01,-999.0,-999.0,-999.0,Jariiban,7.21,48.85
2015-01-01,26.69,0.0,59.96,Jowhar,2.78,45.5
2015-02-01,28.08,0.01,59.69,Jowhar,2.78,45.5
2015-03-01,28.77,1.13,61.89,Jowhar,2.78,45.5
2015-04-01,29.56,1.37,65.71,Jowhar,2.78,45.5
2015-05-01,28.35,3.45,72.52,Jowhar,2.78,45.5
2015-06-01,27.25,0.72,70.86,Jowhar,2.78,45.5
2015-07-01,26.43,1.4,68.96,Jowhar,2.78,45.5
2015-08-01,26.3,2.97,71.39,Jowhar,2.78,45.5
2015-09-01,27.27,3.12,70.98,Jowhar,2.78,45.5
2015-10-01,27.95,3.64,73.88,Jowhar,2.78,45.5
2015-11-01,26.8,6.98,79.55,Jowhar,2.78,45.5
2015-12-01,26.74,1.68,73.6,Jowhar,2.78,45.5
2016-01-01,27.46,0.1,65.53,Jowhar,2.78,45.5
2016-02-01,28.32,0.03,60.32,Jowhar,2.78,45.5
2016-03-01,30.32,0.47,61.32,Jowhar,2.78,45.5
2016-04-01,29.41,6.11,68.36,Jowhar,2.78,45.5
2016-05-01,27.42,1.22,74.46,Jowhar,2.78,45.5
2016-06-01,26.99,0.12,68.75,Jowhar,2.78,45.5
2016-07-01,25.72,0.05,66.53,Jowhar,2.78,45.5
2016-08-01,26.51,0.03,65.31,Jowhar,2.78,45.5
2016-09-01,27.12,0.02,63.36,Jowhar,2.78,45.5
2016-10-01,28.33,0.06,62.66,Jowhar,2.78,45.5
2016-11-01,29.2,0.13,61.01,Jowhar,2.78,45.5
2016-12-01,28.73,0.05,58.41,Jowhar,2.78,45.5
2017-01-01,27.96,0.0,55.86,Jowhar,2.78,45.5
2017-02-01,29.07,0.02,58.59,Jowhar,2.78,45.5
2017-03-01,29.84,0.03,57.75,Jowhar,2.78,45.5
2017-04-01,30.64,0.52,59.16,Jowhar,2.78,45.5
2017-05-01,29.33,0.35,64.62,Jowhar,2.78,45.5
2017-06-01,28.16,0.06,64.09,Jowhar,2.78,45.5
2017-07-01,27.06,0.01,64.46,Jowhar,2.78,45.5
2017-08-01,27.42,0.16,64.38,Jowhar,2.78,45.5
2017-09-01,28.07,0.02,62.38,Jowhar,2.78,45.5
2017-10-01,29.02,1.09,62.71,Jowhar,2.78,45.5
2017-11-01,27.88,4.08,68.33,Jowhar,2.78,45.5
2017-12-01,27.35,0.0,59.17,Jowhar,2.78,45.5
2018-01-01,26.97,0.0,59.08,Jowhar,2.78,45.5
2018-02-01,28.74,0.0,59.73,Jowhar,2.78,45.5
2018-03-01,29.88,0.17,59.05,Jowhar,2.78,45.5
2018-04-01,28.78,2.98,69.21,Jowhar,2.78,45.5
2018-05-01,28.24,0.37,71.12,Jowhar,2.78,45.5
2018-06-01,27.35,0.45,66.41,Jowhar,2.78,45.5
2018-07-01,26.48,0.09,64.69,Jowhar,2.78,45.5
2018-08-01,26.26,1.35,68.3,Jowhar,2.78,45.5
2018-09-01,27.94,0.31,64.6,Jowhar,2.78,45.5
2018-10-01,28.54,0.65,64.02,Jowhar,2.78,45.5
2018-11-01,29.61,0.38,60.62,Jowhar,2.78,45.5
2018-12-01,28.95,0.13,60.06,Jowhar,2.78,45.5
2019-01-01,28.21,0.02,56.86,Jowhar,2.78,45.5
2019-02-01,28.98,0.03,59.59,Jowhar,2.78,45.5
2019-03-01,30.24,0.0,57.82,Jowhar,2.78,45.5
2019-04-01,30.91,0.36,59.48,Jowhar,2.78,45.5
2019-05-01,29.63,2.3,66.78,Jowhar,2.78,45.5
2019-06-01,27.16,2.22,71.82,Jowhar,2.78,45.5
2019-07-01,26.59,0.63,70.16,Jowhar,2.78,45.5
2019-08-01,27.14,0.37,66.96,Jowhar,2.78,45.5
2019-09-01,27.86,0.65,65.65,Jowhar,2.78,45.5
2019-10-01,27.68,4.58,73.58,Jowhar,2.78,45.5
2019-11-01,27.96,1.47,70.5,Jowhar,2.78,45.5
2019-12-01,28.44,0.39,65.25,Jowhar,2.78,45.5
2020-01-01,28.74,0.0,60.76,Jowhar,2.78,45.5
2020-02-01,29.09,0.0,58.94,Jowhar,2.78,45.5
2020-03-01,30.16,0.09,61.07,Jowhar,2.78,45.5
2020-04-01,30.09,1.52,64.03,Jowhar,2.78,45.5
2020-05-01,27.82,8.44,77.21,Jowhar,2.78,45.5
2020-06-01,26.68,2.69,76.95,Jowhar,2.78,45.5
2020-07-01,25.66,3.77,77.03,Jowhar,2.78,45.5
2020-08-01,25.23,2.95,76.85,Jowhar,2.78,45.5
2020-09-01,25.39,11.61,80.29,Jowhar,2.78,45.5
2020-10-01,26.67,1.75,79.99,Jowhar,2.78,45.5
2020-11-01,26.6,1.97,78.46,Jowhar,2.78,45.5
2020-12-01,27.04,0.09,67.72,Jowhar,2.78,45.5
2021-01-01,26.98,0.15,61.96,Jowhar,2.78,45.5
2021-02-01,27.92,0.01,60.43,Jowhar,2.78,45.5
2021-03-01,29.28,0.02,60.32,Jowhar,2.78,45.5
2021-04-01,30.22,1.2,61.15,Jowhar,2.78,45.5
2021-05-01,27.42,5.41,72.95,Jowhar,2.78,45.5
2021-06-01,26.16,2.05,74.47,Jowhar,2.78,45.5
2021-07-01,25.08,2.84,75.78,Jowhar,2.78,45.5
2021-08-01,25.03,5.65,78.5,Jowhar,2.78,45.5
2021-09-01,25.72,5.14,78.0,Jowhar,2.78,45.5
2021-10-01,27.09,0.45,73.09,Jowhar,2.78,45.5
2021-11-01,28.11,2.25,68.63,Jowhar,2.78,45.5
2021-12-01,27.66,0.13,65.61,Jowhar,2.78,45.5
2022-01-01,27.5,0.82,61.81,Jowhar,2.78,45.5
2022-02-01,27.74,3.31,63.37,Jowhar,2.78,45.5
2022-03-01,29.28,0.01,58.95,Jowhar,2.78,45.5
2022-04-01,29.96,2.35,63.97,Jowhar,2.78,45.5
2022-05-01,28.35,1.1,70.62,Jowhar,2.78,45.5
2022-06-01,26.27,4.93,74.48,Jowhar,2.78,45.5
2022-07-01,24.56,3.39,77.26,Jowhar,2.78,45.5
2022-08-01,24.95,4.04,75.94,Jowhar,2.78,45.5
2022-09-01,25.94,0.97,73.81,Jowhar,2.78,45.5
2022-10-01,27.22,0.39,69.98,Jowhar,2.78,45.5
2022-11-01,28.37,0.91,66.32,Jowhar,2.78,45.5
2022-12-01,26.54,4.82,73.87,Jowhar,2.78,45.5
2023-01-01,27.23,0.01,63.64,Jowhar,2.78,45.5
2023-02-01,27.98,0.0,59.85,Jowhar,2.78,45.5
2023-03-01,29.56,0.55,63.44,Jowhar,2.78,45.5
2023-04-01,29.08,2.88,69.45,Jowhar,2.78,45.5
2023-05-01,28.38,2.01,71.44,Jowhar,2.78,45.5
2023-06-01,27.48,0.98,70.66,Jowhar,2.78,45.5
2023-07-01,26.2,1.88,72.58,Jowhar,2.78,45.5
2023-08-01,27.18,0.87,69.24,Jowhar,2.78,45.5
2023-09-01,28.27,0.48,66.42,Jowhar,2.78,45.5
2023-10-01,27.65,11.19,76.42,Jowhar,2.78,45.5
2023-11-01,25.83,16.23,87.55,Jowhar,2.78,45.5
2023-12-01,25.48,0.02,84.54,Jowhar,2.78,45.5
2024-01-01,25.87,0.01,78.95,Jowhar,2.78,45.5
2024-02-01,27.89,0.03,70.67,Jowhar,2.78,45.5
2024-03-01,29.63,0.08,64.75,Jowhar,2.78,45.5
2024-04-01,29.1,5.28,73.29,Jowhar,2.78,45.5
2024-05-01,27.81,13.13,80.01,Jowhar,2.78,45.5
2024-06-01,25.7,6.01,83.53,Jowhar,2.78,45.5
2024-07-01,25.24,1.19,81.41,Jowhar,2.78,45.5
2024-08-01,25.45,2.52,78.31,Jowhar,2.78,45.5
2024-09-01,26.67,0.69,74.25,Jowhar,2.78,45.5
2024-10-01,28.09,0.39,69.23,Jowhar,2.78,45.5
2024-11-01,27.53,4.77,74.98,Jowhar,2.78,45.5
2024-12-01,27.62,0.0,63.71,Jowhar,2.78,45.5
2025-01-01,27.51,0.0,60.09,Jowhar,2.78,45.5
2025-02-01,28.57,0.0,60.0,Jowhar,2.78,45.5
2025-03-01,30.21,0.95,62.03,Jowhar,2.78,45.5
2025-04-01,30.27,1.42,63.33,Jowhar,2.78,45.5
2025-05-01,27.63,8.65,78.46,Jowhar,2.78,45.5
2025-06-01,26.03,5.39,80.11,Jowhar,2.78,45.5
2025-07-01,25.18,1.65,77.38,Jowhar,2.78,45.5
2025-08-01,25.63,1.07,73.39,Jowhar,2.78,45.5
2025-09-01,27.02,0.61,69.14,Jowhar,2.78,45.5
2025-10-01,28.41,0.34,65.83,Jowhar,2.78,45.5
2025-11-01,-999.0,-999.0,-999.0,Jowhar,2.78,45.5
2025-12-01,-999.0,-999.0,-999.0,Jowhar,2.78,45.5
2015-01-01,26.06,0.0,75.4,Karaan,2.07,45.39
2015-02-01,26.2,0.0,77.76,Karaan,2.07,45.39
2015-03-01,27.18,0.54,77.53,Karaan,2.07,45.39
2015-04-01,28.7,1.25,77.52,Karaan,2.07,45.39
2015-05-01,28.15,2.18,80.85,Karaan,2.07,45.39
2015-06-01,27.17,0.3,79.22,Karaan,2.07,45.39
2015-07-01,26.0,1.32,79.22,Karaan,2.07,45.39
2015-08-01,26.11,0.71,79.47,Karaan,2.07,45.39
2015-09-01,26.72,0.23,80.16,Karaan,2.07,45.39
2015-10-01,27.5,1.55,81.62,Karaan,2.07,45.39
2015-11-01,27.89,4.74,79.05,Karaan,2.07,45.39
2015-12-01,27.8,1.03,77.92,Karaan,2.07,45.39
2016-01-01,27.1,0.04,77.31,Karaan,2.07,45.39
2016-02-01,26.81,0.06,78.07,Karaan,2.07,45.39
2016-03-01,28.48,0.04,78.41,Karaan,2.07,45.39
2016-04-01,28.96,3.82,77.13,Karaan,2.07,45.39
2016-05-01,28.0,1.54,79.21,Karaan,2.07,45.39
2016-06-01,26.69,0.2,78.81,Karaan,2.07,45.39
2016-07-01,24.86,0.15,79.78,Karaan,2.07,45.39
2016-08-01,25.22,0.09,80.31,Karaan,2.07,45.39
2016-09-01,25.48,0.01,79.05,Karaan,2.07,45.39
2016-10-01,26.34,0.0,79.18,Karaan,2.07,45.39
2016-11-01,27.33,0.19,78.12,Karaan,2.07,45.39
2016-12-01,27.26,0.19,76.42,Karaan,2.07,45.39
2017-01-01,26.58,0.0,74.7,Karaan,2.07,45.39
2017-02-01,26.92,0.01,78.42,Karaan,2.07,45.39
2017-03-01,27.74,0.0,76.76,Karaan,2.07,45.39
2017-04-01,28.59,0.21,76.97,Karaan,2.07,45.39
2017-05-01,28.24,0.1,78.7,Karaan,2.07,45.39
2017-06-01,27.0,0.22,79.13,Karaan,2.07,45.39
2017-07-01,26.02,0.01,79.26,Karaan,2.07,45.39
2017-08-01,26.18,0.44,79.4,Karaan,2.07,45.39
2017-09-01,26.18,0.02,79.23,Karaan,2.07,45.39
2017-10-01,26.84,0.62,79.98,Karaan,2.07,45.39
2017-11-01,27.45,2.9,77.32,Karaan,2.07,45.39
2017-12-01,26.7,0.0,75.0,Karaan,2.07,45.39
2018-01-01,25.73,0.0,76.64,Karaan,2.07,45.39
2018-02-01,26.43,0.0,80.14,Karaan,2.07,45.39
2018-03-01,27.87,0.07,77.64,Karaan,2.07,45.39
2018-04-01,28.36,1.63,78.71,Karaan,2.07,45.39
2018-05-01,27.8,0.19,81.61,Karaan,2.07,45.39
2018-06-01,26.56,0.42,78.64,Karaan,2.07,45.39
2018-07-01,25.36,0.09,79.61,Karaan,2.07,45.39
2018-08-01,25.25,1.89,81.04,Karaan,2.07,45.39
2018-09-01,26.09,0.03,80.86,Karaan,2.07,45.39
2018-10-01,26.59,0.23,80.26,Karaan,2.07,45.39
2018-11-01,27.41,0.07,78.42,Karaan,2.07,45.39
2018-12-01,27.4,0.02,78.46,Karaan,2.07,45.39
2019-01-01,26.58,0.01,76.53,Karaan,2.07,45.39
2019-02-01,26.87,0.0,79.22,Karaan,2.07,45.39
2019-03-01,28.02,0.01,77.13,Karaan,2.07,45.39
2019-04-01,29.04,0.1,75.65,Karaan,2.07,45.39
2019-05-01,28.75,0.85,79.64,Karaan,2.07,45.39
2019-06-01,26.99,2.39,79.99,Karaan,2.07,45.39
2019-07-01,26.03,1.06,81.3,Karaan,2.07,45.39
2019-08-01,25.72,0.46,81.98,Karaan,2.07,45.39
2019-09-01,26.29,0.4,80.47,Karaan,2.07,45.39
2019-10-01,27.17,2.46,82.03,Karaan,2.07,45.39
2019-11-01,27.77,0.63,79.16,Karaan,2.07,45.39
2019-12-01,27.93,0.19,77.52,Karaan,2.07,45.39
2020-01-01,27.6,0.0,77.94,Karaan,2.07,45.39
2020-02-01,27.62,0.0,77.27,Karaan,2.07,45.39
2020-03-01,28.55,0.01,77.63,Karaan,2.07,45.39
2020-04-01,29.23,0.7,76.67,Karaan,2.07,45.39
2020-05-01,28.37,8.42,81.69,Karaan,2.07,45.39
2020-06-01,27.33,3.41,82.19,Karaan,2.07,45.39
2020-07-01,26.05,7.27,82.72,Karaan,2.07,45.39
2020-08-01,25.24,4.4,83.1,Karaan,2.07,45.39
2020-09-01,25.67,5.16,83.53,Karaan,2.07,45.39
2020-10-01,26.93,0.6,83.01,Karaan,2.07,45.39
2020-11-01,27.21,0.96,81.05,Karaan,2.07,45.39
2020-12-01,27.15,0.03,77.43,Karaan,2.07,45.39
2021-01-01,26.12,0.21,77.56,Karaan,2.07,45.39
2021-02-01,26.21,0.0,77.98,Karaan,2.07,45.39
2021-03-01,27.3,0.05,78.85,Karaan,2.07,45.39
2021-04-01,28.66,0.64,75.73,Karaan,2.07,45.39
2021-05-01,27.47,1.87,79.93,Karaan,2.07,45.39
2021-06-01,26.65,1.98,79.43,Karaan,2.07,45.39
2021-07-01,25.75,6.38,80.72,Karaan,2.07,45.39
2021-08-01,25.32,8.34,83.65,Karaan,2.07,45.39
2021-09-01,25.91,3.41,83.14,Karaan,2.07,45.39
2021-10-01,26.5,0.2,81.41,Karaan,2.07,45.39
2021-11-01,27.33,1.43,78.52,Karaan,2.07,45.39
2021-12-01,27.17,0.06,78.11,Karaan,2.07,45.39
2022-01-01,26.76,0.94,76.72,Karaan,2.07,45.39
2022-02-01,26.46,1.91,79.29,Karaan,2.07,45.39
2022-03-01,27.37,0.01,76.69,Karaan,2.07,45.39
2022-04-01,28.56,1.59,77.76,Karaan,2.07,45.39
2022-05-01,28.04,0.89,80.19,Karaan,2.07,45.39
2022-06-01,26.85,5.19,79.48,Karaan,2.07,45.39
2022-07-01,25.35,4.85,80.82,Karaan,2.07,45.39
2022-08-01,25.05,5.09,82.18,Karaan,2.07,45.39
2022-09-01,25.61,0.74,82.21,Karaan,2.07,45.39
2022-10-01,26.03,0.13,81.34,Karaan,2.07,45.39
2022-11-01,27.1,0.12,78.51,Karaan,2.07,45.39
2022-12-01,26.98,4.65,79.81,Karaan,2.07,45.39
2023-01-01,26.5,0.01,77.99,Karaan,2.07,45.39
2023-02-01,26.35,0.0,77.41,Karaan,2.07,45.39
2023-03-01,27.86,0.06,79.59,Karaan,2.07,45.39
2023-04-01,28.93,2.17,77.14,Karaan,2.07,45.39
2023-05-01,28.24,0.17,79.9,Karaan,2.07,45.39
2023-06-01,27.23,1.29,79.64,Karaan,2.07,45.39
2023-07-01,26.21,2.81,80.42,Karaan,2.07,45.39
2023-08-01,26.17,1.24,81.83,Karaan,2.07,45.39
2023-09-01,26.65,0.21,81.68,Karaan,2.07,45.39
2023-10-01,27.32,4.43,82.48,Karaan,2.07,45.39
2023-11-01,27.78,8.19,81.56,Karaan,2.07,45.39
2023-12-01,28.05,0.01,79.14,Karaan,2.07,45.39
2024-01-01,27.43,0.0,79.33,Karaan,2.07,45.39
2024-02-01,28.07,0.01,78.52,Karaan,2.07,45.39
2024-03-01,28.85,0.03,76.74,Karaan,2.07,45.39
2024-04-01,29.49,1.76,77.63,Karaan,2.07,45.39
2024-05-01,28.64,7.47,83.01,Karaan,2.07,45.39
2024-06-01,27.23,4.9,81.38,Karaan,2.07,45.39
2024-07-01,26.1,1.67,82.54,Karaan,2.07,45.39
2024-08-01,25.84,3.37,82.86,Karaan,2.07,45.39
2024-09-01,26.37,0.46,81.78,Karaan,2.07,45.39
2024-10-01,26.94,0.06,80.42,Karaan,2.07,45.39
2024-11-01,27.54,3.01,81.1,Karaan,2.07,45.39
2024-12-01,27.22,0.0,76.41,Karaan,2.07,45.39
2025-01-01,26.25,0.0,77.59,Karaan,2.07,45.39
2025-02-01,26.46,0.0,79.69,Karaan,2.07,45.39
2025-03-01,28.1,0.92,79.85,Karaan,2.07,45.39
2025-04-01,29.21,0.96,76.03,Karaan,2.07,45.39
2025-05-01,28.11,7.9,83.09,Karaan,2.07,45.39
2025-06-01,27.04,7.96,81.74,Karaan,2.07,45.39
2025-07-01,25.92,2.4,81.13,Karaan,2.07,45.39
2025-08-01,25.65,2.05,80.94,Karaan,2.07,45.39
2025-09-01,26.05,0.46,80.94,Karaan,2.07,45.39
2025-10-01,26.56,0.07,81.31,Karaan,2.07,45.39
2025-11-01,-999.0,-999.0,-999.0,Karaan,2.07,45.39
2025-12-01,-999.0,-999.0,-999.0,Karaan,2.07,45.39
2015-01-01,26.76,0.0,75.32,Kismayo,-0.36,42.55
2015-02-01,26.94,0.0,76.52,Kismayo,-0.36,42.55
2015-03-01,27.87,0.7,74.87,Kismayo,-0.36,42.55
2015-04-01,28.91,1.29,76.72,Kismayo,-0.36,42.55
2015-05-01,28.09,4.4,79.85,Kismayo,-0.36,42.55
2015-06-01,27.1,1.41,76.35,Kismayo,-0.36,42.55
2015-07-01,26.14,1.13,76.33,Kismayo,-0.36,42.55
2015-08-01,26.02,1.53,76.86,Kismayo,-0.36,42.55
2015-09-01,26.55,0.15,76.5,Kismayo,-0.36,42.55
2015-10-01,27.83,1.16,77.09,Kismayo,-0.36,42.55
2015-11-01,28.22,1.93,77.7,Kismayo,-0.36,42.55
2015-12-01,28.5,0.59,75.92,Kismayo,-0.36,42.55
2016-01-01,27.85,0.05,76.04,Kismayo,-0.36,42.55
2016-02-01,27.69,0.11,75.57,Kismayo,-0.36,42.55
2016-03-01,28.85,0.06,76.36,Kismayo,-0.36,42.55
2016-04-01,29.41,2.0,75.85,Kismayo,-0.36,42.55
2016-05-01,28.03,3.8,76.03,Kismayo,-0.36,42.55
2016-06-01,26.72,1.22,76.37,Kismayo,-0.36,42.55
2016-07-01,25.32,0.2,75.53,Kismayo,-0.36,42.55
2016-08-01,25.49,0.45,75.37,Kismayo,-0.36,42.55
2016-09-01,25.51,0.06,74.82,Kismayo,-0.36,42.55
2016-10-01,26.62,0.01,75.3,Kismayo,-0.36,42.55
2016-11-01,27.62,0.96,76.15,Kismayo,-0.36,42.55
2016-12-01,27.83,0.09,74.86,Kismayo,-0.36,42.55
2017-01-01,27.19,0.0,74.24,Kismayo,-0.36,42.55
2017-02-01,27.43,0.1,76.56,Kismayo,-0.36,42.55
2017-03-01,28.28,0.0,74.53,Kismayo,-0.36,42.55
2017-04-01,28.82,2.11,75.93,Kismayo,-0.36,42.55
2017-05-01,27.98,4.21,78.95,Kismayo,-0.36,42.55
2017-06-01,26.9,3.62,79.4,Kismayo,-0.36,42.55
2017-07-01,25.99,0.36,77.07,Kismayo,-0.36,42.55
2017-08-01,26.19,0.77,76.29,Kismayo,-0.36,42.55
2017-09-01,26.3,0.29,75.55,Kismayo,-0.36,42.55
2017-10-01,27.28,0.32,76.12,Kismayo,-0.36,42.55
2017-11-01,27.81,0.89,76.84,Kismayo,-0.36,42.55
2017-12-01,27.42,0.01,74.48,Kismayo,-0.36,42.55
2018-01-01,26.3,0.0,76.14,Kismayo,-0.36,42.55
2018-02-01,26.95,0.03,77.92,Kismayo,-0.36,42.55
2018-03-01,28.07,0.69,76.06,Kismayo,-0.36,42.55
2018-04-01,28.2,4.97,79.68,Kismayo,-0.36,42.55
2018-05-01,27.52,6.97,82.62,Kismayo,-0.36,42.55
2018-06-01,26.39,1.23,79.1,Kismayo,-0.36,42.55
2018-07-01,25.62,1.76,77.52,Kismayo,-0.36,42.55
2018-08-01,25.46,0.66,77.32,Kismayo,-0.36,42.55
2018-09-01,26.27,0.47,77.41,Kismayo,-0.36,42.55
2018-10-01,26.99,1.14,76.31,Kismayo,-0.36,42.55
2018-11-01,27.98,0.29,75.65,Kismayo,-0.36,42.55
2018-12-01,27.93,0.24,76.94,Kismayo,-0.36,42.55
2019-01-01,27.41,0.02,75.48,Kismayo,-0.36,42.55
2019-02-01,27.61,0.01,76.78,Kismayo,-0.36,42.55
2019-03-01,28.42,0.04,75.13,Kismayo,-0.36,42.55
2019-04-01,29.33,0.67,74.38,Kismayo,-0.36,42.55
2019-05-01,28.47,7.21,79.14,Kismayo,-0.36,42.55
2019-06-01,27.12,1.19,78.11,Kismayo,-0.36,42.55
2019-07-01,26.28,1.58,77.63,Kismayo,-0.36,42.55
2019-08-01,25.91,0.92,78.26,Kismayo,-0.36,42.55
2019-09-01,26.42,1.04,77.54,Kismayo,-0.36,42.55
2019-10-01,27.37,2.04,80.33,Kismayo,-0.36,42.55
2019-11-01,27.99,2.46,77.57,Kismayo,-0.36,42.55
2019-12-01,28.27,2.32,78.12,Kismayo,-0.36,42.55
2020-01-01,28.25,1.67,78.58,Kismayo,-0.36,42.55
2020-02-01,28.43,0.32,76.22,Kismayo,-0.36,42.55
2020-03-01,29.23,0.66,75.39,Kismayo,-0.36,42.55
2020-04-01,29.19,5.13,77.2,Kismayo,-0.36,42.55
2020-05-01,27.93,4.24,81.98,Kismayo,-0.36,42.55
2020-06-01,27.1,2.83,79.52,Kismayo,-0.36,42.55
2020-07-01,26.08,2.41,78.93,Kismayo,-0.36,42.55
2020-08-01,25.57,1.3,78.86,Kismayo,-0.36,42.55
2020-09-01,26.04,1.15,78.66,Kismayo,-0.36,42.55
2020-10-01,27.39,0.35,77.39,Kismayo,-0.36,42.55
2020-11-01,27.88,1.18,77.18,Kismayo,-0.36,42.55
2020-12-01,28.05,0.42,75.65,Kismayo,-0.36,42.55
2021-01-01,27.19,0.15,75.7,Kismayo,-0.36,42.55
2021-02-01,26.94,0.0,75.95,Kismayo,-0.36,42.55
2021-03-01,27.64,2.42,76.18,Kismayo,-0.36,42.55
2021-04-01,28.56,0.62,78.49,Kismayo,-0.36,42.55
2021-05-01,27.55,0.46,77.35,Kismayo,-0.36,42.55
2021-06-01,26.68,2.27,75.94,Kismayo,-0.36,42.55
2021-07-01,25.85,1.76,75.74,Kismayo,-0.36,42.55
2021-08-01,25.65,1.08,77.45,Kismayo,-0.36,42.55
2021-09-01,26.34,0.66,76.96,Kismayo,-0.36,42.55
2021-10-01,27.03,0.18,75.48,Kismayo,-0.36,42.55
2021-11-01,27.95,1.95,74.5,Kismayo,-0.36,42.55
2021-12-01,27.77,1.29,77.83,Kismayo,-0.36,42.55
2022-01-01,27.35,0.36,76.34,Kismayo,-0.36,42.55
2022-02-01,27.29,0.52,77.34,Kismayo,-0.36,42.55
2022-03-01,27.92,0.13,75.19,Kismayo,-0.36,42.55
2022-04-01,28.75,3.64,77.01,Kismayo,-0.36,42.55
2022-05-01,27.94,4.13,79.58,Kismayo,-0.36,42.55
2022-06-01,26.9,3.53,76.36,Kismayo,-0.36,42.55
2022-07-01,25.19,1.97,77.84,Kismayo,-0.36,42.55
2022-08-01,25.07,1.34,77.93,Kismayo,-0.36,42.55
2022-09-01,25.75,0.24,77.53,Kismayo,-0.36,42.55
2022-10-01,26.51,0.39,76.52,Kismayo,-0.36,42.55
2022-11-01,27.4,1.71,76.6,Kismayo,-0.36,42.55
2022-12-01,27.71,0.5,76.2,Kismayo,-0.36,42.55
2023-01-01,27.16,0.22,76.95,Kismayo,-0.36,42.55
2023-02-01,26.94,0.0,76.38,Kismayo,-0.36,42.55
2023-03-01,27.97,0.75,78.19,Kismayo,-0.36,42.55
2023-04-01,28.72,8.9,77.9,Kismayo,-0.36,42.55
2023-05-01,28.06,1.19,79.18,Kismayo,-0.36,42.55
2023-06-01,26.95,4.81,79.07,Kismayo,-0.36,42.55
2023-07-01,26.2,1.8,77.63,Kismayo,-0.36,42.55
2023-08-01,26.19,2.23,79.14,Kismayo,-0.36,42.55
2023-09-01,26.78,0.67,78.51,Kismayo,-0.36,42.55
2023-10-01,27.65,2.38,78.63,Kismayo,-0.36,42.55
2023-11-01,27.6,7.62,82.45,Kismayo,-0.36,42.55
2023-12-01,28.58,1.45,79.21,Kismayo,-0.36,42.55
2024-01-01,28.39,0.47,77.56,Kismayo,-0.36,42.55
2024-02-01,28.89,0.01,76.5,Kismayo,-0.36,42.55
2024-03-01,29.65,0.37,74.36,Kismayo,-0.36,42.55
2024-04-01,29.45,3.76,77.87,Kismayo,-0.36,42.55
2024-05-01,28.39,6.25,81.28,Kismayo,-0.36,42.55
2024-06-01,27.37,1.56,77.8,Kismayo,-0.36,42.55
2024-07-01,26.39,1.31,78.66,Kismayo,-0.36,42.55
2024-08-01,26.19,0.83,77.61,Kismayo,-0.36,42.55
2024-09-01,26.69,0.24,76.95,Kismayo,-0.36,42.55
2024-10-01,27.46,0.11,75.99,Kismayo,-0.36,42.55
2024-11-01,28.34,3.08,78.32,Kismayo,-0.36,42.55
2024-12-01,28.03,0.1,76.18,Kismayo,-0.36,42.55
2025-01-01,27.26,0.0,75.75,Kismayo,-0.36,42.55
2025-02-01,27.06,0.0,77.69,Kismayo,-0.36,42.55
2025-03-01,28.44,0.62,77.18,Kismayo,-0.36,42.55
2025-04-01,29.27,1.51,76.16,Kismayo,-0.36,42.55
2025-05-01,28.17,5.11,80.81,Kismayo,-0.36,42.55
2025-06-01,27.09,4.92,78.63,Kismayo,-0.36,42.55
2025-07-01,26.08,1.22,76.79,Kismayo,-0.36,42.55
2025-08-01,25.74,0.58,77.03,Kismayo,-0.36,42.55
2025-09-01,26.29,0.51,76.88,Kismayo,-0.36,42.55
2025-10-01,27.12,0.1,76.43,Kismayo,-0.36,42.55
2025-11-01,-999.0,-999.0,-999.0,Kismayo,-0.36,42.55
2025-12-01,-999.0,-999.0,-999.0,Kismayo,-0.36,42.55
2015-01-01,21.99,0.0,48.97,Laas Caanood,8.48,47.36
2015-02-01,23.62,0.0,49.59,Laas Caanood,8.48,47.36
2015-03-01,25.82,0.13,48.8,Laas Caanood,8.48,47.36
2015-04-01,28.49,0.22,49.16,Laas Caanood,8.48,47.36
2015-05-01,27.98,3.15,60.3,Laas Caanood,8.48,47.36
2015-06-01,26.02,4.63,63.12,Laas Caanood,8.48,47.36
2015-07-01,27.14,0.19,50.57,Laas Caanood,8.48,47.36
2015-08-01,26.61,1.02,54.21,Laas Caanood,8.48,47.36
2015-09-01,28.99,0.19,46.07,Laas Caanood,8.48,47.36
2015-10-01,27.46,1.95,59.31,Laas Caanood,8.48,47.36
2015-11-01,24.04,3.18,68.92,Laas Caanood,8.48,47.36
2015-12-01,23.25,0.05,55.02,Laas Caanood,8.48,47.36
2016-01-01,23.68,0.03,51.11,Laas Caanood,8.48,47.36
2016-02-01,23.6,0.02,46.82,Laas Caanood,8.48,47.36
2016-03-01,27.29,0.14,51.06,Laas Caanood,8.48,47.36
2016-04-01,27.63,2.72,58.65,Laas Caanood,8.48,47.36
2016-05-01,26.53,2.24,66.93,Laas Caanood,8.48,47.36
2016-06-01,27.66,0.1,50.1,Laas Caanood,8.48,47.36
2016-07-01,26.27,0.22,49.93,Laas Caanood,8.48,47.36
2016-08-01,27.28,0.19,45.47,Laas Caanood,8.48,47.36
2016-09-01,28.04,0.38,44.9,Laas Caanood,8.48,47.36
2016-10-01,26.39,0.92,55.37,Laas Caanood,8.48,47.36
2016-11-01,25.28,0.05,50.2,Laas Caanood,8.48,47.36
2016-12-01,23.7,0.04,47.4,Laas Caanood,8.48,47.36
2017-01-01,22.16,0.0,46.34,Laas Caanood,8.48,47.36
2017-02-01,24.5,0.01,51.37,Laas Caanood,8.48,47.36
2017-03-01,26.16,0.05,47.29,Laas Caanood,8.48,47.36
2017-04-01,28.21,0.61,49.28,Laas Caanood,8.48,47.36
2017-05-01,27.27,3.37,63.17,Laas Caanood,8.48,47.36
2017-06-01,28.52,0.01,48.25,Laas Caanood,8.48,47.36
2017-07-01,27.53,0.05,46.6,Laas Caanood,8.48,47.36
2017-08-01,28.4,0.03,43.97,Laas Caanood,8.48,47.36
2017-09-01,29.01,0.12,45.21,Laas Caanood,8.48,47.36
2017-10-01,28.16,0.45,49.17,Laas Caanood,8.48,47.36
2017-11-01,25.21,0.31,48.32,Laas Caanood,8.48,47.36
2017-12-01,21.98,0.01,45.26,Laas Caanood,8.48,47.36
2018-01-01,21.49,0.0,44.46,Laas Caanood,8.48,47.36
2018-02-01,24.22,0.0,48.03,Laas Caanood,8.48,47.36
2018-03-01,26.27,0.0,44.74,Laas Caanood,8.48,47.36
2018-04-01,27.99,0.89,55.77,Laas Caanood,8.48,47.36
2018-05-01,27.92,0.78,57.02,Laas Caanood,8.48,47.36
2018-06-01,27.83,0.38,50.71,Laas Caanood,8.48,47.36
2018-07-01,27.1,0.04,46.27,Laas Caanood,8.48,47.36
2018-08-01,27.53,0.09,46.54,Laas Caanood,8.48,47.36
2018-09-01,29.0,0.23,45.2,Laas Caanood,8.48,47.36
2018-10-01,27.46,0.37,50.76,Laas Caanood,8.48,47.36
2018-11-01,26.09,0.06,48.81,Laas Caanood,8.48,47.36
2018-12-01,24.23,0.0,47.63,Laas Caanood,8.48,47.36
2019-01-01,22.92,0.0,49.86,Laas Caanood,8.48,47.36
2019-02-01,25.15,0.0,49.96,Laas Caanood,8.48,47.36
2019-03-01,26.92,0.0,48.22,Laas Caanood,8.48,47.36
2019-04-01,28.79,0.03,48.78,Laas Caanood,8.48,47.36
2019-05-01,29.61,0.18,48.71,Laas Caanood,8.48,47.36
2019-06-01,27.23,2.5,57.37,Laas Caanood,8.48,47.36
2019-07-01,27.77,0.01,48.38,Laas Caanood,8.48,47.36
2019-08-01,28.58,0.09,42.96,Laas Caanood,8.48,47.36
2019-09-01,29.36,0.49,45.34,Laas Caanood,8.48,47.36
2019-10-01,27.35,0.68,53.91,Laas Caanood,8.48,47.36
2019-11-01,26.09,0.11,52.71,Laas Caanood,8.48,47.36
2019-12-01,24.92,0.15,49.71,Laas Caanood,8.48,47.36
2020-01-01,24.7,0.01,49.89,Laas Caanood,8.48,47.36
2020-02-01,25.13,0.0,44.95,Laas Caanood,8.48,47.36
2020-03-01,27.54,0.21,50.49,Laas Caanood,8.48,47.36
2020-04-01,27.74,1.93,57.65,Laas Caanood,8.48,47.36
2020-05-01,28.74,0.65,58.8,Laas Caanood,8.48,47.36
2020-06-01,28.49,0.12,49.17,Laas Caanood,8.48,47.36
2020-07-01,27.25,0.06,50.51,Laas Caanood,8.48,47.36
2020-08-01,27.57,0.03,49.43,Laas Caanood,8.48,47.36
2020-09-01,26.37,4.08,61.99,Laas Caanood,8.48,47.36
2020-10-01,27.22,0.57,48.84,Laas Caanood,8.48,47.36
2020-11-01,25.63,0.01,47.56,Laas Caanood,8.48,47.36
2020-12-01,23.77,0.01,48.46,Laas Caanood,8.48,47.36
2021-01-01,22.47,0.01,45.77,Laas Caanood,8.48,47.36
2021-02-01,23.45,0.02,47.32,Laas Caanood,8.48,47.36
2021-03-01,25.75,0.0,45.38,Laas Caanood,8.48,47.36
2021-04-01,27.86,0.3,47.79,Laas Caanood,8.48,47.36
2021-05-01,26.59,28.87,66.83,Laas Caanood,8.48,47.36
2021-06-01,24.26,0.06,72.28,Laas Caanood,8.48,47.36
2021-07-01,24.62,0.09,60.34,Laas Caanood,8.48,47.36
2021-08-01,26.57,0.1,54.53,Laas Caanood,8.48,47.36
2021-09-01,27.45,0.4,52.79,Laas Caanood,8.48,47.36
2021-10-01,27.63,0.08,51.15,Laas Caanood,8.48,47.36
2021-11-01,25.2,0.11,46.94,Laas Caanood,8.48,47.36
2021-12-01,23.12,0.14,51.98,Laas Caanood,8.48,47.36
2022-01-01,23.27,0.1,53.22,Laas Caanood,8.48,47.36
2022-02-01,23.98,0.02,47.72,Laas Caanood,8.48,47.36
2022-03-01,25.5,0.17,47.9,Laas Caanood,8.48,47.36
2022-04-01,28.44,0.46,50.11,Laas Caanood,8.48,47.36
2022-05-01,29.39,0.92,50.82,Laas Caanood,8.48,47.36
2022-06-01,27.88,0.13,47.95,Laas Caanood,8.48,47.36
2022-07-01,26.3,0.09,50.22,Laas Caanood,8.48,47.36
2022-08-01,27.07,0.02,48.27,Laas Caanood,8.48,47.36
2022-09-01,28.2,0.08,46.89,Laas Caanood,8.48,47.36
2022-10-01,27.78,0.26,51.66,Laas Caanood,8.48,47.36
2022-11-01,26.05,0.14,49.95,Laas Caanood,8.48,47.36
2022-12-01,24.53,0.02,47.98,Laas Caanood,8.48,47.36
2023-01-01,23.26,0.0,50.41,Laas Caanood,8.48,47.36
2023-02-01,23.77,0.07,47.1,Laas Caanood,8.48,47.36
2023-03-01,27.16,0.26,52.64,Laas Caanood,8.48,47.36
2023-04-01,28.57,0.89,52.02,Laas Caanood,8.48,47.36
2023-05-01,26.44,8.53,71.15,Laas Caanood,8.48,47.36
2023-06-01,27.43,0.33,56.96,Laas Caanood,8.48,47.36
2023-07-01,27.07,0.11,51.29,Laas Caanood,8.48,47.36
2023-08-01,28.32,0.03,45.74,Laas Caanood,8.48,47.36
2023-09-01,29.69,0.27,45.47,Laas Caanood,8.48,47.36
2023-10-01,27.03,2.06,64.31,Laas Caanood,8.48,47.36
2023-11-01,25.78,1.18,60.72,Laas Caanood,8.48,47.36
2023-12-01,25.29,0.01,47.94,Laas Caanood,8.48,47.36
2024-01-01,24.54,0.0,47.38,Laas Caanood,8.48,47.36
2024-02-01,25.84,0.04,50.42,Laas Caanood,8.48,47.36
2024-03-01,27.62,0.01,49.18,Laas Caanood,8.48,47.36
2024-04-01,28.55,5.81,59.17,Laas Caanood,8.48,47.36
2024-05-01,27.4,0.6,69.33,Laas Caanood,8.48,47.36
2024-06-01,27.55,0.13,57.4,Laas Caanood,8.48,47.36
2024-07-01,27.82,0.05,52.91,Laas Caanood,8.48,47.36
2024-08-01,27.72,0.11,51.15,Laas Caanood,8.48,47.36
2024-09-01,29.46,0.05,44.95,Laas Caanood,8.48,47.36
2024-10-01,28.89,0.44,50.39,Laas Caanood,8.48,47.36
2024-11-01,26.73,0.16,47.99,Laas Caanood,8.48,47.36
2024-12-01,23.21,0.0,45.27,Laas Caanood,8.48,47.36
2025-01-01,22.36,0.0,44.65,Laas Caanood,8.48,47.36
2025-02-01,24.05,0.0,49.36,Laas Caanood,8.48,47.36
2025-03-01,27.35,0.06,49.12,Laas Caanood,8.48,47.36
2025-04-01,28.59,0.32,50.28,Laas Caanood,8.48,47.36
2025-05-01,28.62,0.73,56.76,Laas Caanood,8.48,47.36
2025-06-01,28.33,0.33,51.37,Laas Caanood,8.48,47.36
2025-07-01,27.4,0.04,49.44,Laas Caanood,8.48,47.36
2025-08-01,27.22,0.11,48.34,Laas Caanood,8.48,47.36
2025-09-01,28.96,0.6,44.68,Laas Caanood,8.48,47.36
2025-10-01,27.03,0.58,48.71,Laas Caanood,8.48,47.36
2025-11-01,-999.0,-999.0,-999.0,Laas Caanood,8.48,47.36
2025-12-01,-999.0,-999.0,-999.0,Laas Caanood,8.48,47.36
2015-01-01,26.9,0.0,39.63,Luuq,3.8,42.54
2015-02-01,31.22,0.0,32.91,Luuq,3.8,42.54
2015-03-01,31.55,0.94,40.43,Luuq,3.8,42.54
2015-04-01,28.95,5.05,66.16,Luuq,3.8,42.54
2015-05-01,28.29,2.36,68.68,Luuq,3.8,42.54
2015-06-01,28.48,0.19,57.05,Luuq,3.8,42.54
2015-07-01,28.52,0.21,52.6,Luuq,3.8,42.54
2015-08-01,28.67,0.42,52.08,Luuq,3.8,42.54
2015-09-01,30.52,0.07,46.14,Luuq,3.8,42.54
2015-10-01,29.68,5.05,59.8,Luuq,3.8,42.54
2015-11-01,26.77,6.47,76.96,Luuq,3.8,42.54
2015-12-01,27.15,0.59,62.52,Luuq,3.8,42.54
2016-01-01,28.82,0.01,47.26,Luuq,3.8,42.54
2016-02-01,30.26,0.15,35.6,Luuq,3.8,42.54
2016-03-01,34.09,0.22,38.11,Luuq,3.8,42.54
2016-04-01,30.34,11.12,62.82,Luuq,3.8,42.54
2016-05-01,26.64,1.57,75.77,Luuq,3.8,42.54
2016-06-01,27.39,0.15,61.11,Luuq,3.8,42.54
2016-07-01,27.29,0.08,53.51,Luuq,3.8,42.54
2016-08-01,28.36,0.06,49.27,Luuq,3.8,42.54
2016-09-01,29.26,0.03,45.78,Luuq,3.8,42.54
2016-10-01,30.7,0.36,46.44,Luuq,3.8,42.54
2016-11-01,31.03,1.01,45.76,Luuq,3.8,42.54
2016-12-01,29.82,0.43,39.44,Luuq,3.8,42.54
2017-01-01,29.21,0.0,28.8,Luuq,3.8,42.54
2017-02-01,32.31,0.07,35.23,Luuq,3.8,42.54
2017-03-01,32.82,0.19,34.62,Luuq,3.8,42.54
2017-04-01,31.69,3.0,50.06,Luuq,3.8,42.54
2017-05-01,29.13,1.72,62.33,Luuq,3.8,42.54
2017-06-01,28.74,0.36,57.48,Luuq,3.8,42.54
2017-07-01,28.35,0.05,51.77,Luuq,3.8,42.54
2017-08-01,29.3,0.15,49.31,Luuq,3.8,42.54
2017-09-01,30.13,0.21,46.07,Luuq,3.8,42.54
2017-10-01,30.33,3.31,52.84,Luuq,3.8,42.54
2017-11-01,26.98,4.74,68.25,Luuq,3.8,42.54
2017-12-01,26.74,0.0,44.83,Luuq,3.8,42.54
2018-01-01,28.05,0.0,34.24,Luuq,3.8,42.54
2018-02-01,31.96,0.05,35.6,Luuq,3.8,42.54
2018-03-01,31.31,2.45,44.83,Luuq,3.8,42.54
2018-04-01,27.54,9.48,75.71,Luuq,3.8,42.54
2018-05-01,27.17,0.99,74.45,Luuq,3.8,42.54
2018-06-01,27.7,0.22,59.6,Luuq,3.8,42.54
2018-07-01,27.61,0.17,53.67,Luuq,3.8,42.54
2018-08-01,28.58,0.25,49.84,Luuq,3.8,42.54
2018-09-01,30.36,0.26,46.62,Luuq,3.8,42.54
2018-10-01,29.95,2.49,52.16,Luuq,3.8,42.54
2018-11-01,29.87,1.88,54.86,Luuq,3.8,42.54
2018-12-01,29.73,0.29,45.92,Luuq,3.8,42.54
2019-01-01,30.1,0.01,32.15,Luuq,3.8,42.54
2019-02-01,32.34,0.02,33.86,Luuq,3.8,42.54
2019-03-01,33.6,0.04,34.89,Luuq,3.8,42.54
2019-04-01,32.69,2.14,47.73,Luuq,3.8,42.54
2019-05-01,29.72,3.31,61.67,Luuq,3.8,42.54
2019-06-01,28.6,0.54,58.85,Luuq,3.8,42.54
2019-07-01,28.55,0.14,53.67,Luuq,3.8,42.54
2019-08-01,29.41,0.06,48.46,Luuq,3.8,42.54
2019-09-01,30.46,0.4,46.75,Luuq,3.8,42.54
2019-10-01,27.31,10.79,73.94,Luuq,3.8,42.54
2019-11-01,26.74,2.51,76.04,Luuq,3.8,42.54
2019-12-01,27.06,2.01,64.72,Luuq,3.8,42.54
2020-01-01,29.0,0.03,49.98,Luuq,3.8,42.54
2020-02-01,31.57,0.03,37.87,Luuq,3.8,42.54
2020-03-01,33.18,0.67,41.32,Luuq,3.8,42.54
2020-04-01,29.97,7.49,62.7,Luuq,3.8,42.54
2020-05-01,27.53,2.23,75.21,Luuq,3.8,42.54
2020-06-01,27.81,0.36,63.17,Luuq,3.8,42.54
2020-07-01,27.81,0.31,56.92,Luuq,3.8,42.54
2020-08-01,28.31,0.19,54.75,Luuq,3.8,42.54
2020-09-01,29.14,0.8,53.46,Luuq,3.8,42.54
2020-10-01,29.57,2.3,57.95,Luuq,3.8,42.54
2020-11-01,28.87,1.97,58.84,Luuq,3.8,42.54
2020-12-01,29.03,0.73,42.85,Luuq,3.8,42.54
2021-01-01,28.68,0.38,38.85,Luuq,3.8,42.54
2021-02-01,31.08,0.0,33.54,Luuq,3.8,42.54
2021-03-01,32.31,0.35,36.51,Luuq,3.8,42.54
2021-04-01,30.61,3.88,56.92,Luuq,3.8,42.54
2021-05-01,28.3,2.75,63.72,Luuq,3.8,42.54
2021-06-01,28.01,0.55,57.17,Luuq,3.8,42.54
2021-07-01,27.27,0.43,55.23,Luuq,3.8,42.54
2021-08-01,27.96,0.8,55.26,Luuq,3.8,42.54
2021-09-01,29.21,0.38,52.95,Luuq,3.8,42.54
2021-10-01,30.48,0.73,49.72,Luuq,3.8,42.54
2021-11-01,31.43,7.54,47.27,Luuq,3.8,42.54
2021-12-01,26.84,0.4,65.96,Luuq,3.8,42.54
2022-01-01,27.94,0.09,49.06,Luuq,3.8,42.54
2022-02-01,29.87,0.04,40.17,Luuq,3.8,42.54
2022-03-01,32.1,0.31,36.42,Luuq,3.8,42.54
2022-04-01,31.07,7.27,55.5,Luuq,3.8,42.54
2022-05-01,27.63,1.26,72.6,Luuq,3.8,42.54
2022-06-01,26.9,1.63,65.9,Luuq,3.8,42.54
2022-07-01,26.34,0.32,59.98,Luuq,3.8,42.54
2022-08-01,26.96,0.72,57.9,Luuq,3.8,42.54
2022-09-01,28.56,0.09,53.05,Luuq,3.8,42.54
2022-10-01,29.59,1.78,52.98,Luuq,3.8,42.54
2022-11-01,29.93,1.34,53.79,Luuq,3.8,42.54
2022-12-01,28.74,1.37,50.97,Luuq,3.8,42.54
2023-01-01,29.67,0.04,36.43,Luuq,3.8,42.54
2023-02-01,30.73,0.01,31.01,Luuq,3.8,42.54
2023-03-01,32.03,1.75,45.04,Luuq,3.8,42.54
2023-04-01,29.78,9.81,63.03,Luuq,3.8,42.54
2023-05-01,28.42,0.8,66.55,Luuq,3.8,42.54
2023-06-01,27.79,1.04,64.95,Luuq,3.8,42.54
2023-07-01,27.31,0.13,60.45,Luuq,3.8,42.54
2023-08-01,28.95,0.1,52.71,Luuq,3.8,42.54
2023-09-01,31.04,0.04,46.8,Luuq,3.8,42.54
2023-10-01,29.05,11.65,64.95,Luuq,3.8,42.54
2023-11-01,26.07,15.88,84.09,Luuq,3.8,42.54
2023-12-01,25.63,0.04,79.15,Luuq,3.8,42.54
2024-01-01,26.66,0.01,65.91,Luuq,3.8,42.54
2024-02-01,30.81,0.06,47.69,Luuq,3.8,42.54
2024-03-01,33.73,0.03,38.7,Luuq,3.8,42.54
2024-04-01,29.83,6.26,66.69,Luuq,3.8,42.54
2024-05-01,28.59,3.62,70.88,Luuq,3.8,42.54
2024-06-01,27.9,0.68,64.37,Luuq,3.8,42.54
2024-07-01,28.44,0.08,57.45,Luuq,3.8,42.54
2024-08-01,28.83,0.48,53.58,Luuq,3.8,42.54
2024-09-01,30.43,0.02,48.57,Luuq,3.8,42.54
2024-10-01,31.4,0.82,47.4,Luuq,3.8,42.54
2024-11-01,29.61,3.31,60.02,Luuq,3.8,42.54
2024-12-01,28.84,0.0,42.61,Luuq,3.8,42.54
2025-01-01,29.72,0.0,31.76,Luuq,3.8,42.54
2025-02-01,31.89,0.0,31.82,Luuq,3.8,42.54
2025-03-01,33.43,1.06,41.06,Luuq,3.8,42.54
2025-04-01,30.39,4.4,59.67,Luuq,3.8,42.54
2025-05-01,28.23,4.41,71.39,Luuq,3.8,42.54
2025-06-01,28.11,0.94,62.04,Luuq,3.8,42.54
2025-07-01,27.76,0.18,56.42,Luuq,3.8,42.54
2025-08-01,28.47,0.03,51.44,Luuq,3.8,42.54
2025-09-01,30.04,0.17,46.44,Luuq,3.8,42.54
2025-10-01,30.6,1.23,48.98,Luuq,3.8,42.54
2025-11-01,-999.0,-999.0,-999.0,Luuq,3.8,42.54
2025-12-01,-999.0,-999.0,-999.0,Luuq,3.8,42.54
2015-01-01,25.98,0.0,78.65,Marka (Shabelle Hoose),1.71,44.76
2015-02-01,26.01,0.0,81.41,Marka (Shabelle Hoose),1.71,44.76
2015-03-01,26.95,0.82,80.55,Marka (Shabelle Hoose),1.71,44.76
2015-04-01,28.54,2.2,80.39,Marka (Shabelle Hoose),1.71,44.76
2015-05-01,28.09,2.89,82.23,Marka (Shabelle Hoose),1.71,44.76
2015-06-01,27.07,0.65,80.84,Marka (Shabelle Hoose),1.71,44.76
2015-07-01,25.9,1.13,80.78,Marka (Shabelle Hoose),1.71,44.76
2015-08-01,25.97,0.73,81.35,Marka (Shabelle Hoose),1.71,44.76
2015-09-01,26.5,0.07,82.12,Marka (Shabelle Hoose),1.71,44.76
2015-10-01,27.37,2.01,83.16,Marka (Shabelle Hoose),1.71,44.76
2015-11-01,27.91,4.82,80.74,Marka (Shabelle Hoose),1.71,44.76
2015-12-01,27.82,1.26,79.96,Marka (Shabelle Hoose),1.71,44.76
2016-01-01,27.06,0.05,80.12,Marka (Shabelle Hoose),1.71,44.76
2016-02-01,26.69,0.27,81.21,Marka (Shabelle Hoose),1.71,44.76
2016-03-01,28.19,0.06,82.1,Marka (Shabelle Hoose),1.71,44.76
2016-04-01,28.98,4.16,78.7,Marka (Shabelle Hoose),1.71,44.76
2016-05-01,28.03,3.01,80.14,Marka (Shabelle Hoose),1.71,44.76
2016-06-01,26.64,0.51,80.34,Marka (Shabelle Hoose),1.71,44.76
2016-07-01,24.81,0.18,81.44,Marka (Shabelle Hoose),1.71,44.76
2016-08-01,25.05,0.28,82.18,Marka (Shabelle Hoose),1.71,44.76
2016-09-01,25.25,0.03,81.17,Marka (Shabelle Hoose),1.71,44.76
2016-10-01,26.16,0.01,81.27,Marka (Shabelle Hoose),1.71,44.76
2016-11-01,27.04,0.79,81.38,Marka (Shabelle Hoose),1.71,44.76
2016-12-01,27.16,0.6,79.64,Marka (Shabelle Hoose),1.71,44.76
2017-01-01,26.47,0.0,78.17,Marka (Shabelle Hoose),1.71,44.76
2017-02-01,26.71,0.07,81.89,Marka (Shabelle Hoose),1.71,44.76
2017-03-01,27.53,0.0,80.15,Marka (Shabelle Hoose),1.71,44.76
2017-04-01,28.33,0.67,80.37,Marka (Shabelle Hoose),1.71,44.76
2017-05-01,28.02,0.53,81.37,Marka (Shabelle Hoose),1.71,44.76
2017-06-01,26.89,1.05,81.13,Marka (Shabelle Hoose),1.71,44.76
2017-07-01,25.94,0.06,80.96,Marka (Shabelle Hoose),1.71,44.76
2017-08-01,26.07,0.5,80.9,Marka (Shabelle Hoose),1.71,44.76
2017-09-01,26.01,0.1,81.18,Marka (Shabelle Hoose),1.71,44.76
2017-10-01,26.65,0.6,82.19,Marka (Shabelle Hoose),1.71,44.76
2017-11-01,27.25,3.49,80.34,Marka (Shabelle Hoose),1.71,44.76
2017-12-01,26.58,0.0,78.43,Marka (Shabelle Hoose),1.71,44.76
2018-01-01,25.53,0.0,80.39,Marka (Shabelle Hoose),1.71,44.76
2018-02-01,26.15,0.0,83.69,Marka (Shabelle Hoose),1.71,44.76
2018-03-01,27.53,0.25,81.18,Marka (Shabelle Hoose),1.71,44.76
2018-04-01,28.2,2.82,81.43,Marka (Shabelle Hoose),1.71,44.76
2018-05-01,27.64,0.38,83.91,Marka (Shabelle Hoose),1.71,44.76
2018-06-01,26.52,0.39,80.3,Marka (Shabelle Hoose),1.71,44.76
2018-07-01,25.33,0.12,81.2,Marka (Shabelle Hoose),1.71,44.76
2018-08-01,25.16,1.7,82.57,Marka (Shabelle Hoose),1.71,44.76
2018-09-01,25.89,0.05,83.02,Marka (Shabelle Hoose),1.71,44.76
2018-10-01,26.38,0.39,82.65,Marka (Shabelle Hoose),1.71,44.76
2018-11-01,27.1,0.24,81.91,Marka (Shabelle Hoose),1.71,44.76
2018-12-01,27.17,0.1,81.97,Marka (Shabelle Hoose),1.71,44.76
2019-01-01,26.44,0.03,80.12,Marka (Shabelle Hoose),1.71,44.76
2019-02-01,26.67,0.01,82.64,Marka (Shabelle Hoose),1.71,44.76
2019-03-01,27.74,0.06,80.8,Marka (Shabelle Hoose),1.71,44.76
2019-04-01,28.77,0.35,78.81,Marka (Shabelle Hoose),1.71,44.76
2019-05-01,28.61,1.59,81.57,Marka (Shabelle Hoose),1.71,44.76
2019-06-01,26.93,2.03,81.52,Marka (Shabelle Hoose),1.71,44.76
2019-07-01,25.99,0.79,82.52,Marka (Shabelle Hoose),1.71,44.76
2019-08-01,25.6,0.45,83.51,Marka (Shabelle Hoose),1.71,44.76
2019-09-01,26.15,0.45,82.28,Marka (Shabelle Hoose),1.71,44.76
2019-10-01,27.02,3.21,84.09,Marka (Shabelle Hoose),1.71,44.76
2019-11-01,27.63,1.69,81.47,Marka (Shabelle Hoose),1.71,44.76
2019-12-01,27.89,0.85,80.1,Marka (Shabelle Hoose),1.71,44.76
2020-01-01,27.56,0.03,80.9,Marka (Shabelle Hoose),1.71,44.76
2020-02-01,27.59,0.0,80.28,Marka (Shabelle Hoose),1.71,44.76
2020-03-01,28.4,0.03,80.6,Marka (Shabelle Hoose),1.71,44.76
2020-04-01,29.04,1.65,79.79,Marka (Shabelle Hoose),1.71,44.76
2020-05-01,28.39,5.02,82.48,Marka (Shabelle Hoose),1.71,44.76
2020-06-01,27.38,3.16,82.37,Marka (Shabelle Hoose),1.71,44.76
2020-07-01,26.18,5.32,82.42,Marka (Shabelle Hoose),1.71,44.76
2020-08-01,25.34,3.33,83.4,Marka (Shabelle Hoose),1.71,44.76
2020-09-01,25.64,4.63,84.16,Marka (Shabelle Hoose),1.71,44.76
2020-10-01,26.86,0.65,84.01,Marka (Shabelle Hoose),1.71,44.76
2020-11-01,27.23,1.77,82.44,Marka (Shabelle Hoose),1.71,44.76
2020-12-01,27.2,0.13,79.58,Marka (Shabelle Hoose),1.71,44.76
2021-01-01,26.11,0.23,80.27,Marka (Shabelle Hoose),1.71,44.76
2021-02-01,26.09,0.0,81.11,Marka (Shabelle Hoose),1.71,44.76
2021-03-01,27.0,0.27,82.25,Marka (Shabelle Hoose),1.71,44.76
2021-04-01,28.5,0.68,78.71,Marka (Shabelle Hoose),1.71,44.76
2021-05-01,27.34,1.78,82.05,Marka (Shabelle Hoose),1.71,44.76
2021-06-01,26.63,2.07,80.34,Marka (Shabelle Hoose),1.71,44.76
2021-07-01,25.9,4.84,80.3,Marka (Shabelle Hoose),1.71,44.76
2021-08-01,25.41,7.77,83.44,Marka (Shabelle Hoose),1.71,44.76
2021-09-01,25.9,3.32,83.68,Marka (Shabelle Hoose),1.71,44.76
2021-10-01,26.4,0.23,82.83,Marka (Shabelle Hoose),1.71,44.76
2021-11-01,27.17,6.51,80.46,Marka (Shabelle Hoose),1.71,44.76
2021-12-01,27.14,0.41,80.82,Marka (Shabelle Hoose),1.71,44.76
2022-01-01,26.7,1.39,79.56,Marka (Shabelle Hoose),1.71,44.76
2022-02-01,26.26,2.5,82.88,Marka (Shabelle Hoose),1.71,44.76
2022-03-01,27.16,0.03,80.01,Marka (Shabelle Hoose),1.71,44.76
2022-04-01,28.34,5.46,80.7,Marka (Shabelle Hoose),1.71,44.76
2022-05-01,27.98,1.18,81.76,Marka (Shabelle Hoose),1.71,44.76
2022-06-01,26.93,6.89,79.8,Marka (Shabelle Hoose),1.71,44.76
2022-07-01,25.49,3.71,80.71,Marka (Shabelle Hoose),1.71,44.76
2022-08-01,25.05,4.49,82.55,Marka (Shabelle Hoose),1.71,44.76
2022-09-01,25.53,0.73,83.25,Marka (Shabelle Hoose),1.71,44.76
2022-10-01,25.93,0.13,82.94,Marka (Shabelle Hoose),1.71,44.76
2022-11-01,26.76,0.27,81.67,Marka (Shabelle Hoose),1.71,44.76
2022-12-01,27.06,5.39,81.18,Marka (Shabelle Hoose),1.71,44.76
2023-01-01,26.46,0.04,80.59,Marka (Shabelle Hoose),1.71,44.76
2023-02-01,26.14,0.0,80.99,Marka (Shabelle Hoose),1.71,44.76
2023-03-01,27.55,0.13,83.07,Marka (Shabelle Hoose),1.71,44.76
2023-04-01,28.79,3.87,79.53,Marka (Shabelle Hoose),1.71,44.76
2023-05-01,28.12,0.13,81.5,Marka (Shabelle Hoose),1.71,44.76
2023-06-01,27.15,5.07,80.96,Marka (Shabelle Hoose),1.71,44.76
2023-07-01,26.24,2.07,81.1,Marka (Shabelle Hoose),1.71,44.76
2023-08-01,26.05,1.14,83.44,Marka (Shabelle Hoose),1.71,44.76
2023-09-01,26.47,0.26,83.49,Marka (Shabelle Hoose),1.71,44.76
2023-10-01,27.22,5.99,83.91,Marka (Shabelle Hoose),1.71,44.76
2023-11-01,27.88,13.05,81.92,Marka (Shabelle Hoose),1.71,44.76
2023-12-01,28.31,0.06,79.51,Marka (Shabelle Hoose),1.71,44.76
2024-01-01,27.56,0.01,80.78,Marka (Shabelle Hoose),1.71,44.76
2024-02-01,28.01,0.02,81.38,Marka (Shabelle Hoose),1.71,44.76
2024-03-01,28.64,0.11,80.13,Marka (Shabelle Hoose),1.71,44.76
2024-04-01,29.38,2.44,80.15,Marka (Shabelle Hoose),1.71,44.76
2024-05-01,28.65,11.39,83.64,Marka (Shabelle Hoose),1.71,44.76
2024-06-01,27.38,4.54,81.24,Marka (Shabelle Hoose),1.71,44.76
2024-07-01,26.14,1.17,83.03,Marka (Shabelle Hoose),1.71,44.76
2024-08-01,25.85,2.89,83.26,Marka (Shabelle Hoose),1.71,44.76
2024-09-01,26.22,0.45,83.57,Marka (Shabelle Hoose),1.71,44.76
2024-10-01,26.81,0.1,82.38,Marka (Shabelle Hoose),1.71,44.76
2024-11-01,27.51,3.27,83.12,Marka (Shabelle Hoose),1.71,44.76
2024-12-01,27.12,0.0,79.55,Marka (Shabelle Hoose),1.71,44.76
2025-01-01,26.2,0.0,80.63,Marka (Shabelle Hoose),1.71,44.76
2025-02-01,26.2,0.0,83.35,Marka (Shabelle Hoose),1.71,44.76
2025-03-01,27.73,1.07,83.55,Marka (Shabelle Hoose),1.71,44.76
2025-04-01,28.97,1.16,79.44,Marka (Shabelle Hoose),1.71,44.76
2025-05-01,28.15,8.01,83.66,Marka (Shabelle Hoose),1.71,44.76
2025-06-01,27.21,7.6,81.36,Marka (Shabelle Hoose),1.71,44.76
2025-07-01,26.05,1.68,80.73,Marka (Shabelle Hoose),1.71,44.76
2025-08-01,25.66,1.53,81.48,Marka (Shabelle Hoose),1.71,44.76
2025-09-01,25.92,0.51,82.51,Marka (Shabelle Hoose),1.71,44.76
2025-10-01,26.48,0.11,82.84,Marka (Shabelle Hoose),1.71,44.76
2025-11-01,-999.0,-999.0,-999.0,Marka (Shabelle Hoose),1.71,44.76
2025-12-01,-999.0,-999.0,-999.0,Marka (Shabelle Hoose),1.71,44.76
2015-01-01,26.55,0.0,43.38,Qansax Dheere,2.87,43.0
2015-02-01,29.56,0.06,44.12,Qansax Dheere,2.87,43.0
2015-03-01,29.17,2.07,51.07,Qansax Dheere,2.87,43.0
2015-04-01,26.76,4.72,75.16,Qansax Dheere,2.87,43.0
2015-05-01,26.1,2.85,77.72,Qansax Dheere,2.87,43.0
2015-06-01,25.85,0.46,68.92,Qansax Dheere,2.87,43.0
2015-07-01,26.06,0.54,62.46,Qansax Dheere,2.87,43.0
2015-08-01,25.95,1.46,64.16,Qansax Dheere,2.87,43.0
2015-09-01,27.97,0.34,56.87,Qansax Dheere,2.87,43.0
2015-10-01,27.58,3.42,67.49,Qansax Dheere,2.87,43.0
2015-11-01,25.35,9.95,81.16,Qansax Dheere,2.87,43.0
2015-12-01,25.42,1.08,71.07,Qansax Dheere,2.87,43.0
2016-01-01,27.41,0.05,54.77,Qansax Dheere,2.87,43.0
2016-02-01,29.37,0.33,42.47,Qansax Dheere,2.87,43.0
2016-03-01,31.15,0.34,49.93,Qansax Dheere,2.87,43.0
2016-04-01,28.66,8.08,66.75,Qansax Dheere,2.87,43.0
2016-05-01,25.27,1.67,78.98,Qansax Dheere,2.87,43.0
2016-06-01,25.33,0.41,69.5,Qansax Dheere,2.87,43.0
2016-07-01,25.19,0.19,61.56,Qansax Dheere,2.87,43.0
2016-08-01,26.04,0.21,58.75,Qansax Dheere,2.87,43.0
2016-09-01,26.82,0.11,55.79,Qansax Dheere,2.87,43.0
2016-10-01,28.24,0.35,55.34,Qansax Dheere,2.87,43.0
2016-11-01,28.63,1.32,57.09,Qansax Dheere,2.87,43.0
2016-12-01,28.5,0.41,50.04,Qansax Dheere,2.87,43.0
2017-01-01,28.4,0.0,38.21,Qansax Dheere,2.87,43.0
2017-02-01,30.01,0.11,45.59,Qansax Dheere,2.87,43.0
2017-03-01,30.43,0.32,46.77,Qansax Dheere,2.87,43.0
2017-04-01,28.73,6.75,61.9,Qansax Dheere,2.87,43.0
2017-05-01,26.17,2.27,75.67,Qansax Dheere,2.87,43.0
2017-06-01,25.86,0.99,70.05,Qansax Dheere,2.87,43.0
2017-07-01,25.87,0.12,62.04,Qansax Dheere,2.87,43.0
2017-08-01,26.67,0.34,59.75,Qansax Dheere,2.87,43.0
2017-09-01,27.61,0.29,56.09,Qansax Dheere,2.87,43.0
2017-10-01,27.97,3.91,61.66,Qansax Dheere,2.87,43.0
2017-11-01,25.43,5.84,75.33,Qansax Dheere,2.87,43.0
2017-12-01,25.76,0.0,52.71,Qansax Dheere,2.87,43.0
2018-01-01,27.67,0.0,40.18,Qansax Dheere,2.87,43.0
2018-02-01,29.67,0.07,46.48,Qansax Dheere,2.87,43.0
2018-03-01,29.3,2.66,54.13,Qansax Dheere,2.87,43.0
2018-04-01,26.37,6.95,76.56,Qansax Dheere,2.87,43.0
2018-05-01,25.67,1.41,78.76,Qansax Dheere,2.87,43.0
2018-06-01,25.6,0.29,68.11,Qansax Dheere,2.87,43.0
2018-07-01,25.63,0.22,61.3,Qansax Dheere,2.87,43.0
2018-08-01,26.05,0.43,60.3,Qansax Dheere,2.87,43.0
2018-09-01,27.77,0.57,57.06,Qansax Dheere,2.87,43.0
2018-10-01,27.82,2.9,60.09,Qansax Dheere,2.87,43.0
2018-11-01,27.37,2.94,67.08,Qansax Dheere,2.87,43.0
2018-12-01,27.2,1.69,60.52,Qansax Dheere,2.87,43.0
2019-01-01,28.55,0.01,43.26,Qansax Dheere,2.87,43.0
2019-02-01,30.03,0.07,45.63,Qansax Dheere,2.87,43.0
2019-03-01,31.08,0.05,46.51,Qansax Dheere,2.87,43.0
2019-04-01,29.9,2.21,58.03,Qansax Dheere,2.87,43.0
2019-05-01,27.24,3.52,72.06,Qansax Dheere,2.87,43.0
2019-06-01,25.9,1.13,70.78,Qansax Dheere,2.87,43.0
2019-07-01,26.03,0.28,64.27,Qansax Dheere,2.87,43.0
2019-08-01,26.99,0.18,58.72,Qansax Dheere,2.87,43.0
2019-09-01,27.84,0.57,57.51,Qansax Dheere,2.87,43.0
2019-10-01,26.38,6.0,74.27,Qansax Dheere,2.87,43.0
2019-11-01,26.18,2.52,74.0,Qansax Dheere,2.87,43.0
2019-12-01,26.95,1.46,64.71,Qansax Dheere,2.87,43.0
2020-01-01,29.26,0.09,47.81,Qansax Dheere,2.87,43.0
2020-02-01,30.62,0.06,44.17,Qansax Dheere,2.87,43.0
2020-03-01,30.73,0.86,51.38,Qansax Dheere,2.87,43.0
2020-04-01,27.78,8.6,71.22,Qansax Dheere,2.87,43.0
2020-05-01,25.39,4.51,83.73,Qansax Dheere,2.87,43.0
2020-06-01,24.92,0.72,76.88,Qansax Dheere,2.87,43.0
2020-07-01,24.95,1.09,70.47,Qansax Dheere,2.87,43.0
2020-08-01,25.27,0.63,68.09,Qansax Dheere,2.87,43.0
2020-09-01,26.08,2.17,66.56,Qansax Dheere,2.87,43.0
2020-10-01,27.08,2.83,68.59,Qansax Dheere,2.87,43.0
2020-11-01,26.33,2.93,72.08,Qansax Dheere,2.87,43.0
2020-12-01,27.57,0.77,52.51,Qansax Dheere,2.87,43.0
2021-01-01,27.41,0.51,47.99,Qansax Dheere,2.87,43.0
2021-02-01,29.48,0.02,44.04,Qansax Dheere,2.87,43.0
2021-03-01,29.98,0.56,48.55,Qansax Dheere,2.87,43.0
2021-04-01,27.93,6.18,68.1,Qansax Dheere,2.87,43.0
2021-05-01,26.03,3.3,72.88,Qansax Dheere,2.87,43.0
2021-06-01,25.52,0.68,68.01,Qansax Dheere,2.87,43.0
2021-07-01,24.58,0.9,67.42,Qansax Dheere,2.87,43.0
2021-08-01,25.12,1.5,68.23,Qansax Dheere,2.87,43.0
2021-09-01,26.12,1.46,66.6,Qansax Dheere,2.87,43.0
2021-10-01,27.85,0.74,60.27,Qansax Dheere,2.87,43.0
2021-11-01,28.89,12.85,58.34,Qansax Dheere,2.87,43.0
2021-12-01,24.7,0.95,77.39,Qansax Dheere,2.87,43.0
2022-01-01,25.83,0.17,61.56,Qansax Dheere,2.87,43.0
2022-02-01,28.19,0.26,50.3,Qansax Dheere,2.87,43.0
2022-03-01,29.97,0.57,47.62,Qansax Dheere,2.87,43.0
2022-04-01,28.53,6.93,64.65,Qansax Dheere,2.87,43.0
2022-05-01,25.47,1.9,80.85,Qansax Dheere,2.87,43.0
2022-06-01,24.59,1.67,75.16,Qansax Dheere,2.87,43.0
2022-07-01,23.82,0.88,71.42,Qansax Dheere,2.87,43.0
2022-08-01,24.21,2.15,70.44,Qansax Dheere,2.87,43.0
2022-09-01,25.62,0.34,66.15,Qansax Dheere,2.87,43.0
2022-10-01,27.21,1.46,62.08,Qansax Dheere,2.87,43.0
2022-11-01,27.66,1.37,63.34,Qansax Dheere,2.87,43.0
2022-12-01,26.56,3.05,64.63,Qansax Dheere,2.87,43.0
2023-01-01,28.36,0.07,47.14,Qansax Dheere,2.87,43.0
2023-02-01,29.29,0.01,42.26,Qansax Dheere,2.87,43.0
2023-03-01,29.59,1.29,55.0,Qansax Dheere,2.87,43.0
2023-04-01,27.54,8.67,71.09,Qansax Dheere,2.87,43.0
2023-05-01,26.88,0.53,71.34,Qansax Dheere,2.87,43.0
2023-06-01,25.24,4.47,76.07,Qansax Dheere,2.87,43.0
2023-07-01,24.72,0.43,71.92,Qansax Dheere,2.87,43.0
2023-08-01,26.31,0.33,64.36,Qansax Dheere,2.87,43.0
2023-09-01,28.42,0.1,57.19,Qansax Dheere,2.87,43.0
2023-10-01,26.71,15.18,73.96,Qansax Dheere,2.87,43.0
2023-11-01,24.95,19.8,86.85,Qansax Dheere,2.87,43.0
2023-12-01,24.78,0.11,80.52,Qansax Dheere,2.87,43.0
2024-01-01,25.83,0.04,68.69,Qansax Dheere,2.87,43.0
2024-02-01,29.15,0.13,54.84,Qansax Dheere,2.87,43.0
2024-03-01,31.34,0.18,48.54,Qansax Dheere,2.87,43.0
2024-04-01,27.79,5.47,73.56,Qansax Dheere,2.87,43.0
2024-05-01,26.56,6.21,78.27,Qansax Dheere,2.87,43.0
2024-06-01,25.17,1.21,76.97,Qansax Dheere,2.87,43.0
2024-07-01,25.57,0.25,70.22,Qansax Dheere,2.87,43.0
2024-08-01,26.04,1.16,65.72,Qansax Dheere,2.87,43.0
2024-09-01,27.59,0.16,60.62,Qansax Dheere,2.87,43.0
2024-10-01,28.87,0.62,56.65,Qansax Dheere,2.87,43.0
2024-11-01,26.6,10.78,75.82,Qansax Dheere,2.87,43.0
2024-12-01,26.75,0.01,58.44,Qansax Dheere,2.87,43.0
2025-01-01,28.31,0.0,43.1,Qansax Dheere,2.87,43.0
2025-02-01,30.04,0.0,42.89,Qansax Dheere,2.87,43.0
2025-03-01,30.62,2.41,53.15,Qansax Dheere,2.87,43.0
2025-04-01,27.85,5.08,70.21,Qansax Dheere,2.87,43.0
2025-05-01,26.27,3.55,78.6,Qansax Dheere,2.87,43.0
2025-06-01,25.44,1.36,74.02,Qansax Dheere,2.87,43.0
2025-07-01,24.95,0.49,68.9,Qansax Dheere,2.87,43.0
2025-08-01,25.86,0.22,62.25,Qansax Dheere,2.87,43.0
2025-09-01,27.46,0.62,57.52,Qansax Dheere,2.87,43.0
2025-10-01,28.55,0.8,56.54,Qansax Dheere,2.87,43.0
2025-11-01,-999.0,-999.0,-999.0,Qansax Dheere,2.87,43.0
2025-12-01,-999.0,-999.0,-999.0,Qansax Dheere,2.87,43.0
2015-01-01,20.66,0.0,61.75,Qardho,9.5,49.09
2015-02-01,22.26,0.0,58.67,Qardho,9.5,49.09
2015-03-01,24.39,0.0,57.9,Qardho,9.5,49.09
2015-04-01,27.15,0.0,54.87,Qardho,9.5,49.09
2015-05-01,28.13,3.07,59.01,Qardho,9.5,49.09
2015-06-01,26.11,1.06,62.59,Qardho,9.5,49.09
2015-07-01,26.66,0.14,52.2,Qardho,9.5,49.09
2015-08-01,26.31,0.64,55.64,Qardho,9.5,49.09
2015-09-01,28.63,0.12,48.2,Qardho,9.5,49.09
2015-10-01,26.82,1.05,58.2,Qardho,9.5,49.09
2015-11-01,23.17,3.91,72.05,Qardho,9.5,49.09
2015-12-01,21.6,0.5,67.31,Qardho,9.5,49.09
2016-01-01,21.58,0.16,64.36,Qardho,9.5,49.09
2016-02-01,21.72,0.04,59.58,Qardho,9.5,49.09
2016-03-01,25.86,0.09,58.35,Qardho,9.5,49.09
2016-04-01,26.38,2.65,64.25,Qardho,9.5,49.09
2016-05-01,27.6,0.86,60.23,Qardho,9.5,49.09
2016-06-01,28.29,0.22,46.31,Qardho,9.5,49.09
2016-07-01,26.28,0.17,49.57,Qardho,9.5,49.09
2016-08-01,26.79,0.12,48.01,Qardho,9.5,49.09
2016-09-01,27.73,0.15,47.16,Qardho,9.5,49.09
2016-10-01,25.64,0.49,55.74,Qardho,9.5,49.09
2016-11-01,23.52,0.02,59.56,Qardho,9.5,49.09
2016-12-01,22.15,0.1,61.53,Qardho,9.5,49.09
2017-01-01,20.79,0.0,61.13,Qardho,9.5,49.09
2017-02-01,22.68,0.02,61.64,Qardho,9.5,49.09
2017-03-01,24.72,0.08,55.95,Qardho,9.5,49.09
2017-04-01,27.18,0.24,53.9,Qardho,9.5,49.09
2017-05-01,27.36,1.42,61.36,Qardho,9.5,49.09
2017-06-01,28.69,0.0,46.79,Qardho,9.5,49.09
2017-07-01,27.39,0.01,46.77,Qardho,9.5,49.09
2017-08-01,28.0,0.02,45.27,Qardho,9.5,49.09
2017-09-01,28.42,0.04,48.42,Qardho,9.5,49.09
2017-10-01,27.06,0.01,53.15,Qardho,9.5,49.09
2017-11-01,23.61,0.0,57.58,Qardho,9.5,49.09
2017-12-01,20.48,0.0,58.87,Qardho,9.5,49.09
2018-01-01,19.99,0.0,59.06,Qardho,9.5,49.09
2018-02-01,22.46,0.0,57.12,Qardho,9.5,49.09
2018-03-01,24.41,0.0,54.21,Qardho,9.5,49.09
2018-04-01,27.19,0.21,58.95,Qardho,9.5,49.09
2018-05-01,28.34,0.04,51.47,Qardho,9.5,49.09
2018-06-01,28.18,0.13,47.66,Qardho,9.5,49.09
2018-07-01,27.14,0.0,45.27,Qardho,9.5,49.09
2018-08-01,27.19,0.04,48.03,Qardho,9.5,49.09
2018-09-01,27.73,0.0,50.78,Qardho,9.5,49.09
2018-10-01,26.66,0.02,53.44,Qardho,9.5,49.09
2018-11-01,24.31,0.0,59.49,Qardho,9.5,49.09
2018-12-01,22.44,0.0,60.93,Qardho,9.5,49.09
2019-01-01,21.41,0.0,62.87,Qardho,9.5,49.09
2019-02-01,23.43,0.0,60.27,Qardho,9.5,49.09
2019-03-01,25.33,0.0,57.28,Qardho,9.5,49.09
2019-04-01,27.48,0.0,54.64,Qardho,9.5,49.09
2019-05-01,28.55,0.0,53.53,Qardho,9.5,49.09
2019-06-01,27.34,1.73,55.91,Qardho,9.5,49.09
2019-07-01,27.72,0.0,47.53,Qardho,9.5,49.09
2019-08-01,28.51,0.0,43.31,Qardho,9.5,49.09
2019-09-01,28.83,0.0,47.63,Qardho,9.5,49.09
2019-10-01,26.36,0.0,54.82,Qardho,9.5,49.09
2019-11-01,24.41,0.02,62.34,Qardho,9.5,49.09
2019-12-01,23.28,0.0,61.98,Qardho,9.5,49.09
2020-01-01,22.61,0.0,61.37,Qardho,9.5,49.09
2020-02-01,22.81,0.0,58.25,Qardho,9.5,49.09
2020-03-01,25.65,0.0,58.87,Qardho,9.5,49.09
2020-04-01,26.71,0.83,61.31,Qardho,9.5,49.09
2020-05-01,29.38,0.58,53.71,Qardho,9.5,49.09
2020-06-01,29.08,0.05,45.69,Qardho,9.5,49.09
2020-07-01,27.58,0.01,48.08,Qardho,9.5,49.09
2020-08-01,27.59,0.0,48.19,Qardho,9.5,49.09
2020-09-01,26.54,6.54,60.86,Qardho,9.5,49.09
2020-10-01,26.67,0.0,50.81,Qardho,9.5,49.09
2020-11-01,23.71,0.01,58.99,Qardho,9.5,49.09
2020-12-01,21.95,0.0,61.33,Qardho,9.5,49.09
2021-01-01,20.62,0.0,59.66,Qardho,9.5,49.09
2021-02-01,21.92,0.0,57.99,Qardho,9.5,49.09
2021-03-01,24.2,0.0,54.12,Qardho,9.5,49.09
2021-04-01,26.47,0.0,54.1,Qardho,9.5,49.09
2021-05-01,27.65,9.7,58.98,Qardho,9.5,49.09
2021-06-01,24.34,0.0,71.31,Qardho,9.5,49.09
2021-07-01,24.45,0.0,60.54,Qardho,9.5,49.09
2021-08-01,26.26,0.0,55.44,Qardho,9.5,49.09
2021-09-01,27.65,0.0,51.1,Qardho,9.5,49.09
2021-10-01,27.0,0.0,53.78,Qardho,9.5,49.09
2021-11-01,23.87,0.01,55.14,Qardho,9.5,49.09
2021-12-01,21.88,0.0,61.97,Qardho,9.5,49.09
2022-01-01,21.89,0.0,62.9,Qardho,9.5,49.09
2022-02-01,22.44,0.0,58.92,Qardho,9.5,49.09
2022-03-01,24.03,0.0,56.49,Qardho,9.5,49.09
2022-04-01,27.52,0.04,53.89,Qardho,9.5,49.09
2022-05-01,29.61,0.51,46.47,Qardho,9.5,49.09
2022-06-01,28.45,0.0,44.22,Qardho,9.5,49.09
2022-07-01,26.4,0.0,48.96,Qardho,9.5,49.09
2022-08-01,26.91,0.0,48.74,Qardho,9.5,49.09
2022-09-01,28.2,0.0,47.21,Qardho,9.5,49.09
2022-10-01,27.25,0.02,52.41,Qardho,9.5,49.09
2022-11-01,24.41,0.0,59.6,Qardho,9.5,49.09
2022-12-01,22.8,0.0,60.59,Qardho,9.5,49.09
2023-01-01,21.54,0.0,63.18,Qardho,9.5,49.09
2023-02-01,22.35,0.0,58.84,Qardho,9.5,49.09
2023-03-01,25.76,0.03,59.68,Qardho,9.5,49.09
2023-04-01,27.62,0.07,56.28,Qardho,9.5,49.09
2023-05-01,26.96,2.76,66.3,Qardho,9.5,49.09
2023-06-01,28.39,0.0,50.61,Qardho,9.5,49.09
2023-07-01,27.24,0.0,49.64,Qardho,9.5,49.09
2023-08-01,28.03,0.0,47.66,Qardho,9.5,49.09
2023-09-01,29.39,0.02,46.55,Qardho,9.5,49.09
2023-10-01,27.56,0.28,58.02,Qardho,9.5,49.09
2023-11-01,25.01,0.14,63.81,Qardho,9.5,49.09
2023-12-01,23.42,0.0,59.55,Qardho,9.5,49.09
2024-01-01,22.76,0.0,60.3,Qardho,9.5,49.09
2024-02-01,24.24,0.0,59.82,Qardho,9.5,49.09
2024-03-01,26.17,0.0,57.58,Qardho,9.5,49.09
2024-04-01,27.62,2.69,61.64,Qardho,9.5,49.09
2024-05-01,28.32,0.03,61.22,Qardho,9.5,49.09
2024-06-01,28.78,0.02,49.32,Qardho,9.5,49.09
2024-07-01,28.15,0.0,50.39,Qardho,9.5,49.09
2024-08-01,27.97,0.0,49.17,Qardho,9.5,49.09
2024-09-01,29.47,0.0,43.96,Qardho,9.5,49.09
2024-10-01,28.6,0.03,50.29,Qardho,9.5,49.09
2024-11-01,24.86,0.0,58.53,Qardho,9.5,49.09
2024-12-01,21.52,0.0,58.57,Qardho,9.5,49.09
2025-01-01,20.69,0.0,59.45,Qardho,9.5,49.09
2025-02-01,22.65,0.0,59.4,Qardho,9.5,49.09
2025-03-01,25.57,0.0,57.8,Qardho,9.5,49.09
2025-04-01,27.51,0.0,53.94,Qardho,9.5,49.09
2025-05-01,29.85,0.0,48.34,Qardho,9.5,49.09
2025-06-01,29.13,0.0,45.85,Qardho,9.5,49.09
2025-07-01,27.62,0.0,47.57,Qardho,9.5,49.09
2025-08-01,27.2,0.02,47.88,Qardho,9.5,49.09
2025-09-01,28.71,0.05,45.79,Qardho,9.5,49.09
2025-10-01,26.9,0.0,45.33,Qardho,9.5,49.09
2025-11-01,-999.0,-999.0,-999.0,Qardho,9.5,49.09
2025-12-01,-999.0,-999.0,-999.0,Qardho,9.5,49.09
2015-01-01,27.77,0.0,58.51,Qorioley,1.78,44.53
2015-02-01,29.38,0.0,57.58,Qorioley,1.78,44.53
2015-03-01,29.55,1.03,60.02,Qorioley,1.78,44.53
2015-04-01,28.54,3.98,74.6,Qorioley,1.78,44.53
2015-05-01,27.69,3.66,78.19,Qorioley,1.78,44.53
2015-06-01,27.09,0.91,73.24,Qorioley,1.78,44.53
2015-07-01,26.67,0.98,68.77,Qorioley,1.78,44.53
2015-08-01,27.25,1.02,66.3,Qorioley,1.78,44.53
2015-09-01,28.61,0.13,62.68,Qorioley,1.78,44.53
2015-10-01,28.78,3.06,69.72,Qorioley,1.78,44.53
2015-11-01,27.4,7.21,79.04,Qorioley,1.78,44.53
2015-12-01,27.91,1.02,71.87,Qorioley,1.78,44.53
2016-01-01,29.33,0.04,59.53,Qorioley,1.78,44.53
2016-02-01,29.84,0.46,56.31,Qorioley,1.78,44.53
2016-03-01,31.34,0.15,59.22,Qorioley,1.78,44.53
2016-04-01,30.25,3.65,65.74,Qorioley,1.78,44.53
2016-05-01,27.12,4.64,79.07,Qorioley,1.78,44.53
2016-06-01,26.77,0.9,71.91,Qorioley,1.78,44.53
2016-07-01,25.99,0.27,66.26,Qorioley,1.78,44.53
2016-08-01,26.54,0.48,65.38,Qorioley,1.78,44.53
2016-09-01,27.22,0.05,62.36,Qorioley,1.78,44.53
2016-10-01,28.52,0.02,61.64,Qorioley,1.78,44.53
2016-11-01,29.31,1.63,62.89,Qorioley,1.78,44.53
2016-12-01,28.8,0.96,63.12,Qorioley,1.78,44.53
2017-01-01,29.08,0.0,55.07,Qorioley,1.78,44.53
2017-02-01,29.79,0.12,58.12,Qorioley,1.78,44.53
2017-03-01,30.46,0.01,57.66,Qorioley,1.78,44.53
2017-04-01,30.4,1.2,61.51,Qorioley,1.78,44.53
2017-05-01,28.94,1.18,68.06,Qorioley,1.78,44.53
2017-06-01,27.48,1.81,69.99,Qorioley,1.78,44.53
2017-07-01,27.11,0.1,65.31,Qorioley,1.78,44.53
2017-08-01,27.35,0.62,65.12,Qorioley,1.78,44.53
2017-09-01,28.07,0.18,62.24,Qorioley,1.78,44.53
2017-10-01,28.95,1.08,63.75,Qorioley,1.78,44.53
2017-11-01,27.67,4.62,73.48,Qorioley,1.78,44.53
2017-12-01,28.35,0.0,58.89,Qorioley,1.78,44.53
2018-01-01,28.43,0.0,56.22,Qorioley,1.78,44.53
2018-02-01,29.53,0.01,59.08,Qorioley,1.78,44.53
2018-03-01,30.55,0.53,58.13,Qorioley,1.78,44.53
2018-04-01,28.56,4.73,72.83,Qorioley,1.78,44.53
2018-05-01,27.67,0.71,76.8,Qorioley,1.78,44.53
2018-06-01,27.34,0.47,68.05,Qorioley,1.78,44.53
2018-07-01,26.79,0.19,63.83,Qorioley,1.78,44.53
2018-08-01,26.42,1.5,67.69,Qorioley,1.78,44.53
2018-09-01,28.09,0.1,63.79,Qorioley,1.78,44.53
2018-10-01,28.61,0.91,63.95,Qorioley,1.78,44.53
2018-11-01,29.67,0.9,62.69,Qorioley,1.78,44.53
2018-12-01,29.75,0.26,59.95,Qorioley,1.78,44.53
2019-01-01,29.26,0.06,56.39,Qorioley,1.78,44.53
2019-02-01,29.82,0.03,58.98,Qorioley,1.78,44.53
2019-03-01,30.88,0.11,57.58,Qorioley,1.78,44.53
2019-04-01,30.96,0.81,60.43,Qorioley,1.78,44.53
2019-05-01,28.91,2.55,72.5,Qorioley,1.78,44.53
2019-06-01,27.17,2.26,73.47,Qorioley,1.78,44.53
2019-07-01,26.77,0.73,70.37,Qorioley,1.78,44.53
2019-08-01,27.37,0.41,65.88,Qorioley,1.78,44.53
2019-09-01,28.16,0.54,64.38,Qorioley,1.78,44.53
2019-10-01,27.58,5.91,76.46,Qorioley,1.78,44.53
2019-11-01,27.75,3.03,75.23,Qorioley,1.78,44.53
2019-12-01,28.64,1.21,68.87,Qorioley,1.78,44.53
2020-01-01,29.95,0.07,58.42,Qorioley,1.78,44.53
2020-02-01,30.43,0.0,56.76,Qorioley,1.78,44.53
2020-03-01,31.19,0.15,58.3,Qorioley,1.78,44.53
2020-04-01,30.01,2.46,66.9,Qorioley,1.78,44.53
2020-05-01,27.81,3.52,78.77,Qorioley,1.78,44.53
2020-06-01,26.89,2.85,76.82,Qorioley,1.78,44.53
2020-07-01,26.21,3.55,74.92,Qorioley,1.78,44.53
2020-08-01,25.5,3.07,77.12,Qorioley,1.78,44.53
2020-09-01,26.11,5.63,76.65,Qorioley,1.78,44.53
2020-10-01,27.71,1.28,74.89,Qorioley,1.78,44.53
2020-11-01,27.82,2.77,74.29,Qorioley,1.78,44.53
2020-12-01,29.03,0.25,60.95,Qorioley,1.78,44.53
2021-01-01,28.61,0.45,58.11,Qorioley,1.78,44.53
2021-02-01,29.21,0.0,57.94,Qorioley,1.78,44.53
2021-03-01,29.94,0.74,59.81,Qorioley,1.78,44.53
2021-04-01,30.45,0.96,61.33,Qorioley,1.78,44.53
2021-05-01,28.07,2.25,70.45,Qorioley,1.78,44.53
2021-06-01,26.87,2.57,71.18,Qorioley,1.78,44.53
2021-07-01,25.5,3.86,74.35,Qorioley,1.78,44.53
2021-08-01,24.83,7.82,81.58,Qorioley,1.78,44.53
2021-09-01,25.7,3.56,79.64,Qorioley,1.78,44.53
2021-10-01,27.48,0.47,71.89,Qorioley,1.78,44.53
2021-11-01,28.96,13.79,66.16,Qorioley,1.78,44.53
2021-12-01,26.35,0.62,80.03,Qorioley,1.78,44.53
2022-01-01,27.28,1.12,68.27,Qorioley,1.78,44.53
2022-02-01,28.25,5.32,65.44,Qorioley,1.78,44.53
2022-03-01,30.17,0.08,58.07,Qorioley,1.78,44.53
2022-04-01,29.32,9.42,70.11,Qorioley,1.78,44.53
2022-05-01,26.86,1.52,82.51,Qorioley,1.78,44.53
2022-06-01,25.96,5.36,77.99,Qorioley,1.78,44.53
2022-07-01,24.58,3.53,78.88,Qorioley,1.78,44.53
2022-08-01,24.72,5.22,78.63,Qorioley,1.78,44.53
2022-09-01,26.0,0.81,74.44,Qorioley,1.78,44.53
2022-10-01,27.63,0.22,67.66,Qorioley,1.78,44.53
2022-11-01,29.02,0.8,63.7,Qorioley,1.78,44.53
2022-12-01,27.08,8.59,74.98,Qorioley,1.78,44.53
2023-01-01,28.38,0.09,62.04,Qorioley,1.78,44.53
2023-02-01,29.37,0.0,56.88,Qorioley,1.78,44.53
2023-03-01,30.34,0.26,60.98,Qorioley,1.78,44.53
2023-04-01,28.96,6.17,72.33,Qorioley,1.78,44.53
2023-05-01,28.23,0.2,73.93,Qorioley,1.78,44.53
2023-06-01,26.05,10.63,81.85,Qorioley,1.78,44.53
2023-07-01,25.57,1.69,78.02,Qorioley,1.78,44.53
2023-08-01,26.72,1.05,73.01,Qorioley,1.78,44.53
2023-09-01,28.35,0.32,66.11,Qorioley,1.78,44.53
2023-10-01,28.27,7.35,73.4,Qorioley,1.78,44.53
2023-11-01,26.41,15.03,86.96,Qorioley,1.78,44.53
2023-12-01,26.5,0.14,82.2,Qorioley,1.78,44.53
2024-01-01,27.99,0.02,69.5,Qorioley,1.78,44.53
2024-02-01,30.6,0.03,59.47,Qorioley,1.78,44.53
2024-03-01,31.45,0.14,57.98,Qorioley,1.78,44.53
2024-04-01,29.48,3.7,73.43,Qorioley,1.78,44.53
2024-05-01,28.15,11.91,79.64,Qorioley,1.78,44.53
2024-06-01,26.08,4.82,83.21,Qorioley,1.78,44.53
2024-07-01,25.84,0.83,79.35,Qorioley,1.78,44.53
2024-08-01,26.28,3.22,74.42,Qorioley,1.78,44.53
2024-09-01,27.27,0.52,71.76,Qorioley,1.78,44.53
2024-10-01,29.19,0.24,63.2,Qorioley,1.78,44.53
2024-11-01,28.58,4.07,72.89,Qorioley,1.78,44.53
2024-12-01,29.31,0.0,59.98,Qorioley,1.78,44.53
2025-01-01,29.17,0.0,56.48,Qorioley,1.78,44.53
2025-02-01,29.81,0.0,57.67,Qorioley,1.78,44.53
2025-03-01,30.55,1.75,63.01,Qorioley,1.78,44.53
2025-04-01,29.79,2.72,68.42,Qorioley,1.78,44.53
2025-05-01,27.23,8.11,83.26,Qorioley,1.78,44.53
2025-06-01,25.88,7.32,83.28,Qorioley,1.78,44.53
2025-07-01,25.28,1.07,78.08,Qorioley,1.78,44.53
2025-08-01,25.95,1.36,72.69,Qorioley,1.78,44.53
2025-09-01,27.53,0.49,66.67,Qorioley,1.78,44.53
2025-10-01,29.08,0.23,62.08,Qorioley,1.78,44.53
2025-11-01,-999.0,-999.0,-999.0,Qorioley,1.78,44.53
2025-12-01,-999.0,-999.0,-999.0,Qorioley,1.78,44.53
2015-01-01,25.08,0.0,44.33,Rab Dhuure,4.35,43.16
2015-02-01,28.82,0.0,37.98,Rab Dhuure,4.35,43.16
2015-03-01,29.83,1.16,42.65,Rab Dhuure,4.35,43.16
2015-04-01,28.07,5.6,67.31,Rab Dhuure,4.35,43.16
2015-05-01,26.73,3.14,74.07,Rab Dhuure,4.35,43.16
2015-06-01,26.95,0.21,61.56,Rab Dhuure,4.35,43.16
2015-07-01,27.13,0.23,55.57,Rab Dhuure,4.35,43.16
2015-08-01,27.36,0.45,54.88,Rab Dhuure,4.35,43.16
2015-09-01,29.32,0.09,48.02,Rab Dhuure,4.35,43.16
2015-10-01,28.2,6.56,64.34,Rab Dhuure,4.35,43.16
2015-11-01,25.41,7.37,79.16,Rab Dhuure,4.35,43.16
2015-12-01,25.01,0.71,68.8,Rab Dhuure,4.35,43.16
2016-01-01,26.66,0.02,53.11,Rab Dhuure,4.35,43.16
2016-02-01,28.02,0.08,41.49,Rab Dhuure,4.35,43.16
2016-03-01,32.3,0.2,39.94,Rab Dhuure,4.35,43.16
2016-04-01,29.22,11.25,64.04,Rab Dhuure,4.35,43.16
2016-05-01,25.31,1.93,79.31,Rab Dhuure,4.35,43.16
2016-06-01,25.84,0.16,65.78,Rab Dhuure,4.35,43.16
2016-07-01,25.96,0.08,56.35,Rab Dhuure,4.35,43.16
2016-08-01,27.0,0.08,51.85,Rab Dhuure,4.35,43.16
2016-09-01,28.01,0.04,47.75,Rab Dhuure,4.35,43.16
2016-10-01,29.29,0.38,49.17,Rab Dhuure,4.35,43.16
2016-11-01,29.64,0.8,46.04,Rab Dhuure,4.35,43.16
2016-12-01,28.11,0.28,40.7,Rab Dhuure,4.35,43.16
2017-01-01,27.3,0.0,32.91,Rab Dhuure,4.35,43.16
2017-02-01,30.23,0.04,39.0,Rab Dhuure,4.35,43.16
2017-03-01,31.13,0.13,36.34,Rab Dhuure,4.35,43.16
2017-04-01,31.05,1.98,48.27,Rab Dhuure,4.35,43.16
2017-05-01,28.25,2.11,62.9,Rab Dhuure,4.35,43.16
2017-06-01,27.59,0.3,59.42,Rab Dhuure,4.35,43.16
2017-07-01,27.13,0.05,53.85,Rab Dhuure,4.35,43.16
2017-08-01,28.09,0.15,51.32,Rab Dhuure,4.35,43.16
2017-09-01,28.94,0.24,48.05,Rab Dhuure,4.35,43.16
2017-10-01,29.27,2.53,53.79,Rab Dhuure,4.35,43.16
2017-11-01,26.15,3.76,64.5,Rab Dhuure,4.35,43.16
2017-12-01,25.43,0.0,45.33,Rab Dhuure,4.35,43.16
2018-01-01,26.37,0.0,37.26,Rab Dhuure,4.35,43.16
2018-02-01,30.09,0.02,38.38,Rab Dhuure,4.35,43.16
2018-03-01,30.39,1.33,42.17,Rab Dhuure,4.35,43.16
2018-04-01,26.82,7.88,74.96,Rab Dhuure,4.35,43.16
2018-05-01,26.03,1.37,76.44,Rab Dhuure,4.35,43.16
2018-06-01,26.41,0.21,62.47,Rab Dhuure,4.35,43.16
2018-07-01,26.34,0.24,56.1,Rab Dhuure,4.35,43.16
2018-08-01,27.25,0.35,52.47,Rab Dhuure,4.35,43.16
2018-09-01,29.12,0.35,48.54,Rab Dhuure,4.35,43.16
2018-10-01,28.58,2.63,54.84,Rab Dhuure,4.35,43.16
2018-11-01,28.75,1.14,54.03,Rab Dhuure,4.35,43.16
2018-12-01,28.35,0.17,45.84,Rab Dhuure,4.35,43.16
2019-01-01,28.04,0.03,36.38,Rab Dhuure,4.35,43.16
2019-02-01,30.24,0.01,37.44,Rab Dhuure,4.35,43.16
2019-03-01,31.73,0.02,37.01,Rab Dhuure,4.35,43.16
2019-04-01,31.71,1.85,47.17,Rab Dhuure,4.35,43.16
2019-05-01,28.46,3.83,64.58,Rab Dhuure,4.35,43.16
2019-06-01,27.13,0.76,63.01,Rab Dhuure,4.35,43.16
2019-07-01,27.18,0.09,56.79,Rab Dhuure,4.35,43.16
2019-08-01,28.15,0.09,50.45,Rab Dhuure,4.35,43.16
2019-09-01,29.26,0.55,48.65,Rab Dhuure,4.35,43.16
2019-10-01,26.06,14.12,77.34,Rab Dhuure,4.35,43.16
2019-11-01,25.33,2.67,78.54,Rab Dhuure,4.35,43.16
2019-12-01,25.12,3.02,69.32,Rab Dhuure,4.35,43.16
2020-01-01,26.88,0.03,56.23,Rab Dhuure,4.35,43.16
2020-02-01,29.15,0.0,43.07,Rab Dhuure,4.35,43.16
2020-03-01,31.36,0.85,44.15,Rab Dhuure,4.35,43.16
2020-04-01,28.73,9.56,64.43,Rab Dhuure,4.35,43.16
2020-05-01,25.97,1.92,80.13,Rab Dhuure,4.35,43.16
2020-06-01,26.21,0.44,68.4,Rab Dhuure,4.35,43.16
2020-07-01,26.24,0.42,61.58,Rab Dhuure,4.35,43.16
2020-08-01,26.95,0.29,57.6,Rab Dhuure,4.35,43.16
2020-09-01,27.83,1.01,55.83,Rab Dhuure,4.35,43.16
2020-10-01,28.16,3.0,61.64,Rab Dhuure,4.35,43.16
2020-11-01,27.2,1.76,61.0,Rab Dhuure,4.35,43.16
2020-12-01,26.99,0.56,47.22,Rab Dhuure,4.35,43.16
2021-01-01,26.59,0.3,43.27,Rab Dhuure,4.35,43.16
2021-02-01,28.84,0.0,38.26,Rab Dhuure,4.35,43.16
2021-03-01,30.5,0.25,38.34,Rab Dhuure,4.35,43.16
2021-04-01,30.16,4.04,54.4,Rab Dhuure,4.35,43.16
2021-05-01,26.8,2.78,68.11,Rab Dhuure,4.35,43.16
2021-06-01,26.44,0.7,61.83,Rab Dhuure,4.35,43.16
2021-07-01,25.71,0.68,59.61,Rab Dhuure,4.35,43.16
2021-08-01,26.47,1.23,59.2,Rab Dhuure,4.35,43.16
2021-09-01,27.83,0.46,55.6,Rab Dhuure,4.35,43.16
2021-10-01,29.08,0.91,52.88,Rab Dhuure,4.35,43.16
2021-11-01,29.9,7.98,48.19,Rab Dhuure,4.35,43.16
2021-12-01,25.56,0.39,64.0,Rab Dhuure,4.35,43.16
2022-01-01,26.4,0.18,50.4,Rab Dhuure,4.35,43.16
2022-02-01,27.74,0.05,45.35,Rab Dhuure,4.35,43.16
2022-03-01,30.01,0.51,40.24,Rab Dhuure,4.35,43.16
2022-04-01,29.67,6.38,57.59,Rab Dhuure,4.35,43.16
2022-05-01,26.63,1.33,73.34,Rab Dhuure,4.35,43.16
2022-06-01,25.74,1.74,67.84,Rab Dhuure,4.35,43.16
2022-07-01,25.09,0.42,62.9,Rab Dhuure,4.35,43.16
2022-08-01,25.88,0.81,59.45,Rab Dhuure,4.35,43.16
2022-09-01,27.52,0.13,54.1,Rab Dhuure,4.35,43.16
2022-10-01,28.53,1.92,54.81,Rab Dhuure,4.35,43.16
2022-11-01,28.67,1.49,54.13,Rab Dhuure,4.35,43.16
2022-12-01,27.2,0.62,51.64,Rab Dhuure,4.35,43.16
2023-01-01,27.77,0.03,40.21,Rab Dhuure,4.35,43.16
2023-02-01,28.76,0.0,34.71,Rab Dhuure,4.35,43.16
2023-03-01,30.46,1.91,47.59,Rab Dhuure,4.35,43.16
2023-04-01,28.68,9.15,64.31,Rab Dhuure,4.35,43.16
2023-05-01,26.73,1.13,72.73,Rab Dhuure,4.35,43.16
2023-06-01,26.73,0.83,65.95,Rab Dhuure,4.35,43.16
2023-07-01,26.22,0.17,62.23,Rab Dhuure,4.35,43.16
2023-08-01,27.82,0.12,54.4,Rab Dhuure,4.35,43.16
2023-09-01,29.96,0.04,47.87,Rab Dhuure,4.35,43.16
2023-10-01,27.78,10.54,67.72,Rab Dhuure,4.35,43.16
2023-11-01,25.11,16.29,83.54,Rab Dhuure,4.35,43.16
2023-12-01,24.43,0.06,78.61,Rab Dhuure,4.35,43.16
2024-01-01,25.29,0.01,67.24,Rab Dhuure,4.35,43.16
2024-02-01,28.8,0.06,51.61,Rab Dhuure,4.35,43.16
2024-03-01,31.76,0.01,42.31,Rab Dhuure,4.35,43.16
2024-04-01,28.71,7.1,68.62,Rab Dhuure,4.35,43.16
2024-05-01,27.03,4.24,75.82,Rab Dhuure,4.35,43.16
2024-06-01,26.39,1.11,68.58,Rab Dhuure,4.35,43.16
2024-07-01,27.0,0.09,61.38,Rab Dhuure,4.35,43.16
2024-08-01,27.43,0.49,56.78,Rab Dhuure,4.35,43.16
2024-09-01,29.21,0.02,50.42,Rab Dhuure,4.35,43.16
2024-10-01,29.93,1.32,51.14,Rab Dhuure,4.35,43.16
2024-11-01,27.98,3.91,62.12,Rab Dhuure,4.35,43.16
2024-12-01,26.89,0.0,46.14,Rab Dhuure,4.35,43.16
2025-01-01,27.48,0.0,37.11,Rab Dhuure,4.35,43.16
2025-02-01,29.71,0.0,36.23,Rab Dhuure,4.35,43.16
2025-03-01,31.66,0.81,42.95,Rab Dhuure,4.35,43.16
2025-04-01,29.52,4.51,59.74,Rab Dhuure,4.35,43.16
2025-05-01,26.45,5.64,77.62,Rab Dhuure,4.35,43.16
2025-06-01,26.34,1.48,68.03,Rab Dhuure,4.35,43.16
2025-07-01,26.2,0.23,60.97,Rab Dhuure,4.35,43.16
2025-08-01,27.01,0.05,54.67,Rab Dhuure,4.35,43.16
2025-09-01,28.78,0.16,48.32,Rab Dhuure,4.35,43.16
2025-10-01,29.03,1.3,52.43,Rab Dhuure,4.35,43.16
2025-11-01,-999.0,-999.0,-999.0,Rab Dhuure,4.35,43.16
2025-12-01,-999.0,-999.0,-999.0,Rab Dhuure,4.35,43.16
2015-01-01,21.99,0.0,51.09,Taleex,9.15,48.42
2015-02-01,23.67,0.0,48.41,Taleex,9.15,48.42
2015-03-01,25.76,0.01,48.51,Taleex,9.15,48.42
2015-04-01,28.3,0.01,49.08,Taleex,9.15,48.42
2015-05-01,28.3,3.8,58.48,Taleex,9.15,48.42
2015-06-01,25.72,4.28,65.81,Taleex,9.15,48.42
2015-07-01,26.64,0.18,53.25,Taleex,9.15,48.42
2015-08-01,26.39,1.15,55.73,Taleex,9.15,48.42
2015-09-01,28.92,0.17,46.39,Taleex,9.15,48.42
2015-10-01,27.4,1.7,57.28,Taleex,9.15,48.42
2015-11-01,24.04,3.4,66.98,Taleex,9.15,48.42
2015-12-01,22.81,0.18,58.49,Taleex,9.15,48.42
2016-01-01,23.43,0.04,51.74,Taleex,9.15,48.42
2016-02-01,23.51,0.01,47.83,Taleex,9.15,48.42
2016-03-01,27.15,0.04,51.28,Taleex,9.15,48.42
2016-04-01,27.25,2.93,59.86,Taleex,9.15,48.42
2016-05-01,27.1,1.29,64.05,Taleex,9.15,48.42
2016-06-01,28.11,0.1,47.92,Taleex,9.15,48.42
2016-07-01,26.43,0.27,49.13,Taleex,9.15,48.42
2016-08-01,27.29,0.24,45.44,Taleex,9.15,48.42
2016-09-01,28.2,0.37,44.54,Taleex,9.15,48.42
2016-10-01,26.09,0.66,53.55,Taleex,9.15,48.42
2016-11-01,25.18,0.02,48.67,Taleex,9.15,48.42
2016-12-01,23.67,0.04,48.99,Taleex,9.15,48.42
2017-01-01,22.29,0.0,47.48,Taleex,9.15,48.42
2017-02-01,24.44,0.01,50.44,Taleex,9.15,48.42
2017-03-01,26.03,0.06,46.64,Taleex,9.15,48.42
2017-04-01,28.13,0.19,48.39,Taleex,9.15,48.42
2017-05-01,27.25,3.0,62.9,Taleex,9.15,48.42
2017-06-01,28.65,0.01,47.75,Taleex,9.15,48.42
2017-07-01,27.62,0.03,46.09,Taleex,9.15,48.42
2017-08-01,28.39,0.03,43.61,Taleex,9.15,48.42
2017-09-01,28.99,0.15,45.6,Taleex,9.15,48.42
2017-10-01,28.16,0.02,46.36,Taleex,9.15,48.42
2017-11-01,25.46,0.01,46.04,Taleex,9.15,48.42
2017-12-01,21.88,0.0,48.41,Taleex,9.15,48.42
2018-01-01,21.55,0.0,46.55,Taleex,9.15,48.42
2018-02-01,24.11,0.0,47.49,Taleex,9.15,48.42
2018-03-01,26.13,0.0,43.51,Taleex,9.15,48.42
2018-04-01,28.01,0.43,54.69,Taleex,9.15,48.42
2018-05-01,28.71,0.13,51.74,Taleex,9.15,48.42
2018-06-01,28.22,0.39,48.85,Taleex,9.15,48.42
2018-07-01,27.31,0.01,45.18,Taleex,9.15,48.42
2018-08-01,27.66,0.07,45.86,Taleex,9.15,48.42
2018-09-01,28.81,0.02,45.19,Taleex,9.15,48.42
2018-10-01,27.89,0.05,46.4,Taleex,9.15,48.42
2018-11-01,26.04,0.0,47.87,Taleex,9.15,48.42
2018-12-01,24.07,0.0,49.28,Taleex,9.15,48.42
2019-01-01,22.95,0.0,50.58,Taleex,9.15,48.42
2019-02-01,25.06,0.0,49.65,Taleex,9.15,48.42
2019-03-01,26.72,0.0,48.47,Taleex,9.15,48.42
2019-04-01,28.55,0.0,49.33,Taleex,9.15,48.42
2019-05-01,29.54,0.01,48.14,Taleex,9.15,48.42
2019-06-01,27.36,2.33,57.1,Taleex,9.15,48.42
2019-07-01,27.89,0.0,47.56,Taleex,9.15,48.42
2019-08-01,28.72,0.04,42.27,Taleex,9.15,48.42
2019-09-01,29.49,0.03,44.3,Taleex,9.15,48.42
2019-10-01,27.78,0.03,47.8,Taleex,9.15,48.42
2019-11-01,26.04,0.02,52.21,Taleex,9.15,48.42
2019-12-01,24.76,0.0,51.62,Taleex,9.15,48.42
2020-01-01,24.57,0.0,50.26,Taleex,9.15,48.42
2020-02-01,24.96,0.0,44.83,Taleex,9.15,48.42
2020-03-01,27.41,0.01,49.81,Taleex,9.15,48.42
2020-04-01,27.5,1.66,58.01,Taleex,9.15,48.42
2020-05-01,29.19,0.7,56.09,Taleex,9.15,48.42
2020-06-01,28.9,0.12,47.13,Taleex,9.15,48.42
2020-07-01,27.55,0.01,48.81,Taleex,9.15,48.42
2020-08-01,27.82,0.0,47.94,Taleex,9.15,48.42
2020-09-01,26.56,3.88,61.51,Taleex,9.15,48.42
2020-10-01,27.19,0.02,45.84,Taleex,9.15,48.42
2020-11-01,25.35,0.0,47.96,Taleex,9.15,48.42
2020-12-01,23.52,0.0,51.09,Taleex,9.15,48.42
2021-01-01,22.36,0.0,48.15,Taleex,9.15,48.42
2021-02-01,23.46,0.0,46.9,Taleex,9.15,48.42
2021-03-01,25.72,0.0,43.16,Taleex,9.15,48.42
2021-04-01,27.56,0.02,47.79,Taleex,9.15,48.42
2021-05-01,27.44,29.48,61.84,Taleex,9.15,48.42
2021-06-01,24.11,0.0,74.08,Taleex,9.15,48.42
2021-07-01,24.15,0.0,63.29,Taleex,9.15,48.42
2021-08-01,26.0,0.0,57.8,Taleex,9.15,48.42
2021-09-01,27.34,0.02,53.49,Taleex,9.15,48.42
2021-10-01,27.5,0.0,50.18,Taleex,9.15,48.42
2021-11-01,25.28,0.0,43.34,Taleex,9.15,48.42
2021-12-01,23.36,0.0,50.9,Taleex,9.15,48.42
2022-01-01,23.5,0.0,51.87,Taleex,9.15,48.42
2022-02-01,24.23,0.0,46.78,Taleex,9.15,48.42
2022-03-01,25.64,0.0,46.18,Taleex,9.15,48.42
2022-04-01,28.57,0.05,48.18,Taleex,9.15,48.42
2022-05-01,29.93,1.03,46.13,Taleex,9.15,48.42
2022-06-01,28.32,0.01,45.79,Taleex,9.15,48.42
2022-07-01,26.55,0.0,48.81,Taleex,9.15,48.42
2022-08-01,27.28,0.0,47.13,Taleex,9.15,48.42
2022-09-01,28.56,0.0,45.2,Taleex,9.15,48.42
2022-10-01,27.93,0.04,49.76,Taleex,9.15,48.42
2022-11-01,26.14,0.0,48.7,Taleex,9.15,48.42
2022-12-01,24.48,0.0,49.44,Taleex,9.15,48.42
2023-01-01,23.21,0.0,51.05,Taleex,9.15,48.42
2023-02-01,23.82,0.0,47.48,Taleex,9.15,48.42
2023-03-01,27.02,0.03,52.48,Taleex,9.15,48.42
2023-04-01,28.66,0.16,50.86,Taleex,9.15,48.42
2023-05-01,26.36,8.31,72.11,Taleex,9.15,48.42
2023-06-01,27.65,0.02,55.71,Taleex,9.15,48.42
2023-07-01,27.12,0.0,50.87,Taleex,9.15,48.42
2023-08-01,28.36,0.0,45.47,Taleex,9.15,48.42
2023-09-01,29.84,0.05,44.4,Taleex,9.15,48.42
2023-10-01,27.87,0.51,57.13,Taleex,9.15,48.42
2023-11-01,26.72,0.15,53.16,Taleex,9.15,48.42
2023-12-01,25.22,0.0,48.87,Taleex,9.15,48.42
2024-01-01,24.47,0.0,48.58,Taleex,9.15,48.42
2024-02-01,25.92,0.0,49.02,Taleex,9.15,48.42
2024-03-01,27.53,0.0,49.48,Taleex,9.15,48.42
2024-04-01,28.49,3.89,58.64,Taleex,9.15,48.42
2024-05-01,27.95,0.05,65.42,Taleex,9.15,48.42
2024-06-01,28.3,0.04,53.08,Taleex,9.15,48.42
2024-07-01,28.21,0.01,50.92,Taleex,9.15,48.42
2024-08-01,28.05,0.01,49.48,Taleex,9.15,48.42
2024-09-01,29.78,0.0,43.1,Taleex,9.15,48.42
2024-10-01,29.47,0.05,45.47,Taleex,9.15,48.42
2024-11-01,26.74,0.0,47.08,Taleex,9.15,48.42
2024-12-01,23.11,0.0,48.02,Taleex,9.15,48.42
2025-01-01,22.36,0.0,47.65,Taleex,9.15,48.42
2025-02-01,24.07,0.0,48.1,Taleex,9.15,48.42
2025-03-01,27.3,0.0,47.47,Taleex,9.15,48.42
2025-04-01,28.71,0.03,48.15,Taleex,9.15,48.42
2025-05-01,29.66,0.03,50.2,Taleex,9.15,48.42
2025-06-01,29.0,0.01,47.94,Taleex,9.15,48.42
2025-07-01,27.67,0.0,48.05,Taleex,9.15,48.42
2025-08-01,27.44,0.04,47.12,Taleex,9.15,48.42
2025-09-01,29.16,0.1,43.69,Taleex,9.15,48.42
2025-10-01,27.7,0.03,42.3,Taleex,9.15,48.42
2025-11-01,-999.0,-999.0,-999.0,Taleex,9.15,48.42
2025-12-01,-999.0,-999.0,-999.0,Taleex,9.15,48.42
2015-01-01,25.52,0.02,48.96,Wadajir,5.0,45.0
2015-02-01,28.21,0.01,44.78,Wadajir,5.0,45.0
2015-03-01,29.36,0.79,47.39,Wadajir,5.0,45.0
2015-04-01,29.8,2.85,59.03,Wadajir,5.0,45.0
2015-05-01,28.82,2.18,64.15,Wadajir,5.0,45.0
2015-06-01,28.42,0.6,57.57,Wadajir,5.0,45.0
2015-07-01,28.16,0.19,53.65,Wadajir,5.0,45.0
2015-08-01,28.35,0.41,53.8,Wadajir,5.0,45.0
2015-09-01,30.02,0.32,50.09,Wadajir,5.0,45.0
2015-10-01,28.67,5.15,64.69,Wadajir,5.0,45.0
2015-11-01,25.6,6.72,78.32,Wadajir,5.0,45.0
2015-12-01,25.47,1.1,67.45,Wadajir,5.0,45.0
2016-01-01,26.58,0.11,56.97,Wadajir,5.0,45.0
2016-02-01,27.69,0.03,48.14,Wadajir,5.0,45.0
2016-03-01,31.39,0.2,45.61,Wadajir,5.0,45.0
2016-04-01,30.4,3.96,56.23,Wadajir,5.0,45.0
2016-05-01,28.43,1.78,63.65,Wadajir,5.0,45.0
2016-06-01,28.08,0.07,56.05,Wadajir,5.0,45.0
2016-07-01,27.42,0.07,52.13,Wadajir,5.0,45.0
2016-08-01,28.15,0.07,50.38,Wadajir,5.0,45.0
2016-09-01,28.99,0.03,47.95,Wadajir,5.0,45.0
2016-10-01,29.58,0.2,50.41,Wadajir,5.0,45.0
2016-11-01,29.68,0.26,47.65,Wadajir,5.0,45.0
2016-12-01,28.15,0.05,45.16,Wadajir,5.0,45.0
2017-01-01,26.93,0.0,42.14,Wadajir,5.0,45.0
2017-02-01,29.39,0.02,45.67,Wadajir,5.0,45.0
2017-03-01,30.31,0.03,43.5,Wadajir,5.0,45.0
2017-04-01,31.74,0.58,45.73,Wadajir,5.0,45.0
2017-05-01,30.31,0.69,53.6,Wadajir,5.0,45.0
2017-06-01,29.76,0.06,50.65,Wadajir,5.0,45.0
2017-07-01,28.28,0.08,51.26,Wadajir,5.0,45.0
2017-08-01,29.03,0.07,50.03,Wadajir,5.0,45.0
2017-09-01,29.87,0.11,48.28,Wadajir,5.0,45.0
2017-10-01,29.86,1.67,53.14,Wadajir,5.0,45.0
2017-11-01,26.56,3.95,64.63,Wadajir,5.0,45.0
2017-12-01,25.44,0.01,51.02,Wadajir,5.0,45.0
2018-01-01,25.94,0.0,45.77,Wadajir,5.0,45.0
2018-02-01,29.13,0.01,45.09,Wadajir,5.0,45.0
2018-03-01,30.52,0.2,43.87,Wadajir,5.0,45.0
2018-04-01,28.6,5.56,65.29,Wadajir,5.0,45.0
2018-05-01,27.74,1.66,68.95,Wadajir,5.0,45.0
2018-06-01,27.97,0.32,57.06,Wadajir,5.0,45.0
2018-07-01,27.63,0.11,52.43,Wadajir,5.0,45.0
2018-08-01,28.1,0.36,51.91,Wadajir,5.0,45.0
2018-09-01,29.9,0.87,49.07,Wadajir,5.0,45.0
2018-10-01,29.36,0.72,54.29,Wadajir,5.0,45.0
2018-11-01,29.74,0.5,49.16,Wadajir,5.0,45.0
2018-12-01,28.5,0.55,48.17,Wadajir,5.0,45.0
2019-01-01,27.49,0.02,44.16,Wadajir,5.0,45.0
2019-02-01,29.3,0.02,45.04,Wadajir,5.0,45.0
2019-03-01,30.86,0.01,44.06,Wadajir,5.0,45.0
2019-04-01,31.46,1.03,49.33,Wadajir,5.0,45.0
2019-05-01,30.26,1.52,56.79,Wadajir,5.0,45.0
2019-06-01,28.6,1.46,57.94,Wadajir,5.0,45.0
2019-07-01,28.2,0.12,54.24,Wadajir,5.0,45.0
2019-08-01,29.32,0.08,48.94,Wadajir,5.0,45.0
2019-09-01,30.16,0.65,48.78,Wadajir,5.0,45.0
2019-10-01,27.59,4.85,69.08,Wadajir,5.0,45.0
2019-11-01,27.0,2.8,67.83,Wadajir,5.0,45.0
2019-12-01,27.39,0.87,55.66,Wadajir,5.0,45.0
2020-01-01,28.41,0.03,49.8,Wadajir,5.0,45.0
2020-02-01,29.32,0.01,44.43,Wadajir,5.0,45.0
2020-03-01,30.93,0.35,47.9,Wadajir,5.0,45.0
2020-04-01,29.94,6.21,59.3,Wadajir,5.0,45.0
2020-05-01,27.64,2.41,74.21,Wadajir,5.0,45.0
2020-06-01,27.93,0.36,61.57,Wadajir,5.0,45.0
2020-07-01,27.2,0.78,59.75,Wadajir,5.0,45.0
2020-08-01,27.66,0.36,57.4,Wadajir,5.0,45.0
2020-09-01,28.22,1.93,57.84,Wadajir,5.0,45.0
2020-10-01,28.62,3.69,62.83,Wadajir,5.0,45.0
2020-11-01,26.88,1.98,64.95,Wadajir,5.0,45.0
2020-12-01,26.77,0.19,52.79,Wadajir,5.0,45.0
2021-01-01,26.28,0.96,48.85,Wadajir,5.0,45.0
2021-02-01,28.11,0.07,45.86,Wadajir,5.0,45.0
2021-03-01,29.88,0.07,44.73,Wadajir,5.0,45.0
2021-04-01,30.88,1.54,50.36,Wadajir,5.0,45.0
2021-05-01,27.9,7.89,65.48,Wadajir,5.0,45.0
2021-06-01,26.14,0.9,68.08,Wadajir,5.0,45.0
2021-07-01,25.69,1.11,63.49,Wadajir,5.0,45.0
2021-08-01,26.96,1.2,61.11,Wadajir,5.0,45.0
2021-09-01,28.26,0.38,57.03,Wadajir,5.0,45.0
2021-10-01,29.73,0.35,52.88,Wadajir,5.0,45.0
2021-11-01,29.69,2.11,50.3,Wadajir,5.0,45.0
2021-12-01,27.02,0.32,53.16,Wadajir,5.0,45.0
2022-01-01,27.2,0.94,49.59,Wadajir,5.0,45.0
2022-02-01,27.05,1.28,52.21,Wadajir,5.0,45.0
2022-03-01,29.09,0.22,46.74,Wadajir,5.0,45.0
2022-04-01,30.48,3.15,54.72,Wadajir,5.0,45.0
2022-05-01,29.05,0.55,61.21,Wadajir,5.0,45.0
2022-06-01,27.83,0.61,58.02,Wadajir,5.0,45.0
2022-07-01,26.71,0.55,57.77,Wadajir,5.0,45.0
2022-08-01,27.3,0.7,55.58,Wadajir,5.0,45.0
2022-09-01,28.59,0.24,52.83,Wadajir,5.0,45.0
2022-10-01,29.22,0.48,54.01,Wadajir,5.0,45.0
2022-11-01,29.16,1.71,53.56,Wadajir,5.0,45.0
2022-12-01,27.45,0.5,53.55,Wadajir,5.0,45.0
2023-01-01,27.6,0.02,46.08,Wadajir,5.0,45.0
2023-02-01,28.16,0.01,43.2,Wadajir,5.0,45.0
2023-03-01,30.12,1.82,51.47,Wadajir,5.0,45.0
2023-04-01,30.2,2.85,56.65,Wadajir,5.0,45.0
2023-05-01,28.71,3.14,64.56,Wadajir,5.0,45.0
2023-06-01,28.32,0.75,60.11,Wadajir,5.0,45.0
2023-07-01,27.6,0.23,57.6,Wadajir,5.0,45.0
2023-08-01,29.02,0.2,52.03,Wadajir,5.0,45.0
2023-09-01,30.7,0.13,47.82,Wadajir,5.0,45.0
2023-10-01,28.13,9.46,68.81,Wadajir,5.0,45.0
2023-11-01,25.32,13.42,83.85,Wadajir,5.0,45.0
2023-12-01,24.88,0.03,77.41,Wadajir,5.0,45.0
2024-01-01,25.97,0.08,64.72,Wadajir,5.0,45.0
2024-02-01,28.62,0.14,53.61,Wadajir,5.0,45.0
2024-03-01,31.17,0.03,47.82,Wadajir,5.0,45.0
2024-04-01,30.44,4.79,59.83,Wadajir,5.0,45.0
2024-05-01,28.04,7.64,73.49,Wadajir,5.0,45.0
2024-06-01,26.19,0.98,74.8,Wadajir,5.0,45.0
2024-07-01,27.33,0.22,63.37,Wadajir,5.0,45.0
2024-08-01,27.8,0.37,58.24,Wadajir,5.0,45.0
2024-09-01,29.81,0.04,51.65,Wadajir,5.0,45.0
2024-10-01,30.47,0.78,51.78,Wadajir,5.0,45.0
2024-11-01,27.73,4.56,65.83,Wadajir,5.0,45.0
2024-12-01,26.76,0.01,50.61,Wadajir,5.0,45.0
2025-01-01,27.08,0.01,44.3,Wadajir,5.0,45.0
2025-02-01,28.81,0.0,44.8,Wadajir,5.0,45.0
2025-03-01,31.05,0.61,47.19,Wadajir,5.0,45.0
2025-04-01,30.7,2.27,55.0,Wadajir,5.0,45.0
2025-05-01,28.39,3.58,68.53,Wadajir,5.0,45.0
2025-06-01,28.01,1.39,61.92,Wadajir,5.0,45.0
2025-07-01,27.27,0.39,58.02,Wadajir,5.0,45.0
2025-08-01,27.8,0.22,54.11,Wadajir,5.0,45.0
2025-09-01,29.7,0.21,48.69,Wadajir,5.0,45.0
2025-10-01,29.1,1.46,54.98,Wadajir,5.0,45.0
2025-11-01,-999.0,-999.0,-999.0,Wadajir,5.0,45.0
2025-12-01,-999.0,-999.0,-999.0,Wadajir,5.0,45.0
2015-01-01,22.23,0.0,46.94,Xudun,9.15,47.48
2015-02-01,24.12,0.0,43.26,Xudun,9.15,47.48
2015-03-01,26.26,0.16,43.94,Xudun,9.15,47.48
2015-04-01,28.83,0.22,45.62,Xudun,9.15,47.48
2015-05-01,28.49,3.17,58.11,Xudun,9.15,47.48
2015-06-01,26.78,2.49,60.22,Xudun,9.15,47.48
2015-07-01,27.89,0.16,47.59,Xudun,9.15,47.48
2015-08-01,27.12,1.09,52.42,Xudun,9.15,47.48
2015-09-01,29.75,0.15,42.56,Xudun,9.15,47.48
2015-10-01,27.93,1.61,54.88,Xudun,9.15,47.48
2015-11-01,24.09,3.89,66.64,Xudun,9.15,47.48
2015-12-01,23.48,0.05,53.85,Xudun,9.15,47.48
2016-01-01,24.13,0.01,47.5,Xudun,9.15,47.48
2016-02-01,24.04,0.01,43.59,Xudun,9.15,47.48
2016-03-01,27.65,0.11,47.85,Xudun,9.15,47.48
2016-04-01,27.53,2.93,59.14,Xudun,9.15,47.48
2016-05-01,27.46,1.35,62.96,Xudun,9.15,47.48
2016-06-01,28.55,0.13,46.71,Xudun,9.15,47.48
2016-07-01,26.95,0.23,47.48,Xudun,9.15,47.48
2016-08-01,27.79,0.34,43.48,Xudun,9.15,47.48
2016-09-01,28.78,0.46,41.96,Xudun,9.15,47.48
2016-10-01,26.67,0.61,49.6,Xudun,9.15,47.48
2016-11-01,25.55,0.03,44.81,Xudun,9.15,47.48
2016-12-01,24.05,0.03,43.66,Xudun,9.15,47.48
2017-01-01,22.58,0.0,41.76,Xudun,9.15,47.48
2017-02-01,25.01,0.0,46.02,Xudun,9.15,47.48
2017-03-01,26.6,0.04,41.48,Xudun,9.15,47.48
2017-04-01,28.52,0.48,45.91,Xudun,9.15,47.48
2017-05-01,27.5,3.14,63.05,Xudun,9.15,47.48
2017-06-01,29.12,0.01,46.26,Xudun,9.15,47.48
2017-07-01,28.08,0.05,44.71,Xudun,9.15,47.48
2017-08-01,28.87,0.04,42.13,Xudun,9.15,47.48
2017-09-01,29.73,0.22,42.64,Xudun,9.15,47.48
2017-10-01,28.6,0.24,42.89,Xudun,9.15,47.48
2017-11-01,25.69,0.23,43.57,Xudun,9.15,47.48
2017-12-01,22.1,0.0,44.82,Xudun,9.15,47.48
2018-01-01,21.77,0.0,42.02,Xudun,9.15,47.48
2018-02-01,24.57,0.0,43.4,Xudun,9.15,47.48
2018-03-01,26.71,0.0,38.93,Xudun,9.15,47.48
2018-04-01,28.16,1.14,54.33,Xudun,9.15,47.48
2018-05-01,28.86,0.4,52.23,Xudun,9.15,47.48
2018-06-01,28.57,0.34,48.12,Xudun,9.15,47.48
2018-07-01,27.65,0.03,44.54,Xudun,9.15,47.48
2018-08-01,28.17,0.06,43.96,Xudun,9.15,47.48
2018-09-01,29.53,0.16,41.37,Xudun,9.15,47.48
2018-10-01,27.71,0.56,47.52,Xudun,9.15,47.48
2018-11-01,26.53,0.02,43.84,Xudun,9.15,47.48
2018-12-01,24.38,0.0,45.04,Xudun,9.15,47.48
2019-01-01,23.38,0.0,44.99,Xudun,9.15,47.48
2019-02-01,25.71,0.0,44.98,Xudun,9.15,47.48
2019-03-01,27.34,0.0,43.95,Xudun,9.15,47.48
2019-04-01,29.04,0.03,46.47,Xudun,9.15,47.48
2019-05-01,29.98,0.26,45.83,Xudun,9.15,47.48
2019-06-01,27.16,4.42,59.62,Xudun,9.15,47.48
2019-07-01,28.2,0.01,46.9,Xudun,9.15,47.48
2019-08-01,29.16,0.09,40.75,Xudun,9.15,47.48
2019-09-01,29.82,0.67,43.87,Xudun,9.15,47.48
2019-10-01,27.26,0.68,51.38,Xudun,9.15,47.48
2019-11-01,26.51,0.08,49.13,Xudun,9.15,47.48
2019-12-01,25.13,0.11,48.17,Xudun,9.15,47.48
2020-01-01,25.08,0.0,46.69,Xudun,9.15,47.48
2020-02-01,25.76,0.0,39.38,Xudun,9.15,47.48
2020-03-01,27.95,0.32,46.82,Xudun,9.15,47.48
2020-04-01,28.0,1.42,55.7,Xudun,9.15,47.48
2020-05-01,29.5,0.72,55.36,Xudun,9.15,47.48
2020-06-01,29.23,0.12,46.37,Xudun,9.15,47.48
2020-07-01,27.82,0.05,47.96,Xudun,9.15,47.48
2020-08-01,28.27,0.04,46.78,Xudun,9.15,47.48
2020-09-01,26.7,7.64,61.66,Xudun,9.15,47.48
2020-10-01,26.97,0.37,45.37,Xudun,9.15,47.48
2020-11-01,25.87,0.01,43.63,Xudun,9.15,47.48
2020-12-01,23.94,0.01,47.38,Xudun,9.15,47.48
2021-01-01,22.75,0.01,44.09,Xudun,9.15,47.48
2021-02-01,23.8,0.01,41.62,Xudun,9.15,47.48
2021-03-01,26.2,0.0,38.59,Xudun,9.15,47.48
2021-04-01,27.93,0.29,44.74,Xudun,9.15,47.48
2021-05-01,26.89,38.38,66.29,Xudun,9.15,47.48
2021-06-01,24.49,0.04,72.45,Xudun,9.15,47.48
2021-07-01,24.79,0.09,59.96,Xudun,9.15,47.48
2021-08-01,26.8,0.08,53.62,Xudun,9.15,47.48
2021-09-01,27.99,0.36,50.98,Xudun,9.15,47.48
2021-10-01,27.88,0.1,47.32,Xudun,9.15,47.48
2021-11-01,25.39,0.06,40.42,Xudun,9.15,47.48
2021-12-01,23.47,0.05,47.9,Xudun,9.15,47.48
2022-01-01,23.76,0.06,48.66,Xudun,9.15,47.48
2022-02-01,24.59,0.01,42.85,Xudun,9.15,47.48
2022-03-01,26.1,0.07,42.6,Xudun,9.15,47.48
2022-04-01,28.77,0.35,46.86,Xudun,9.15,47.48
2022-05-01,29.9,1.02,48.02,Xudun,9.15,47.48
2022-06-01,28.57,0.1,45.56,Xudun,9.15,47.48
2022-07-01,26.84,0.06,47.87,Xudun,9.15,47.48
2022-08-01,27.64,0.02,45.87,Xudun,9.15,47.48
2022-09-01,29.0,0.09,43.76,Xudun,9.15,47.48
2022-10-01,28.41,0.2,47.71,Xudun,9.15,47.48
2022-11-01,26.59,0.03,45.29,Xudun,9.15,47.48
2022-12-01,24.8,0.01,45.76,Xudun,9.15,47.48
2023-01-01,23.65,0.0,46.5,Xudun,9.15,47.48
2023-02-01,24.22,0.04,42.89,Xudun,9.15,47.48
2023-03-01,27.3,0.41,51.04,Xudun,9.15,47.48
2023-04-01,28.79,0.76,50.18,Xudun,9.15,47.48
2023-05-01,26.54,9.25,72.09,Xudun,9.15,47.48
2023-06-01,27.96,0.32,55.3,Xudun,9.15,47.48
2023-07-01,27.48,0.1,50.01,Xudun,9.15,47.48
2023-08-01,28.7,0.04,44.0,Xudun,9.15,47.48
2023-09-01,30.15,0.5,44.22,Xudun,9.15,47.48
2023-10-01,27.28,1.48,61.82,Xudun,9.15,47.48
2023-11-01,26.55,0.66,54.24,Xudun,9.15,47.48
2023-12-01,25.43,0.0,46.26,Xudun,9.15,47.48
2024-01-01,24.88,0.0,45.19,Xudun,9.15,47.48
2024-02-01,26.43,0.03,44.78,Xudun,9.15,47.48
2024-03-01,28.01,0.0,46.02,Xudun,9.15,47.48
2024-04-01,28.78,4.59,57.66,Xudun,9.15,47.48
2024-05-01,27.99,0.5,66.9,Xudun,9.15,47.48
2024-06-01,28.28,0.11,54.11,Xudun,9.15,47.48
2024-07-01,28.54,0.07,50.03,Xudun,9.15,47.48
2024-08-01,28.4,0.11,48.47,Xudun,9.15,47.48
2024-09-01,30.18,0.1,41.83,Xudun,9.15,47.48
2024-10-01,29.53,0.47,46.42,Xudun,9.15,47.48
2024-11-01,27.15,0.09,43.96,Xudun,9.15,47.48
2024-12-01,23.29,0.0,45.4,Xudun,9.15,47.48
2025-01-01,22.75,0.0,43.11,Xudun,9.15,47.48
2025-02-01,24.44,0.0,43.05,Xudun,9.15,47.48
2025-03-01,27.87,0.04,43.54,Xudun,9.15,47.48
2025-04-01,28.79,0.5,47.78,Xudun,9.15,47.48
2025-05-01,29.42,0.59,52.9,Xudun,9.15,47.48
2025-06-01,29.14,0.22,47.78,Xudun,9.15,47.48
2025-07-01,27.99,0.03,47.23,Xudun,9.15,47.48
2025-08-01,27.81,0.1,45.9,Xudun,9.15,47.48
2025-09-01,29.58,0.62,42.54,Xudun,9.15,47.48
2025-10-01,27.61,0.23,43.1,Xudun,9.15,47.48
2025-11-01,-999.0,-999.0,-999.0,Xudun,9.15,47.48
2025-12-01,-999.0,-999.0,-999.0,Xudun,9.15,47.48
2015-01-01,24.57,0.01,47.3,Xudur,4.12,43.89
2015-02-01,27.8,0.04,43.59,Xudur,4.12,43.89
2015-03-01,28.31,0.98,49.23,Xudur,4.12,43.89
2015-04-01,26.73,5.82,72.15,Xudur,4.12,43.89
2015-05-01,25.5,3.13,77.96,Xudur,4.12,43.89
2015-06-01,25.33,0.44,68.74,Xudur,4.12,43.89
2015-07-01,25.64,0.45,61.37,Xudur,4.12,43.89
2015-08-01,25.56,1.09,62.91,Xudur,4.12,43.89
2015-09-01,27.73,0.34,54.87,Xudur,4.12,43.89
2015-10-01,26.32,7.98,72.18,Xudur,4.12,43.89
2015-11-01,24.13,8.0,83.6,Xudur,4.12,43.89
2015-12-01,23.59,1.16,75.38,Xudur,4.12,43.89
2016-01-01,25.16,0.18,60.25,Xudur,4.12,43.89
2016-02-01,27.29,0.15,45.33,Xudur,4.12,43.89
2016-03-01,30.53,0.2,46.63,Xudur,4.12,43.89
2016-04-01,28.46,6.16,63.28,Xudur,4.12,43.89
2016-05-01,25.15,2.08,76.37,Xudur,4.12,43.89
2016-06-01,25.15,0.33,66.74,Xudur,4.12,43.89
2016-07-01,25.07,0.16,58.77,Xudur,4.12,43.89
2016-08-01,25.7,0.15,56.98,Xudur,4.12,43.89
2016-09-01,26.62,0.07,53.39,Xudur,4.12,43.89
2016-10-01,27.38,0.72,56.39,Xudur,4.12,43.89
2016-11-01,28.02,1.05,53.56,Xudur,4.12,43.89
2016-12-01,26.81,0.3,48.35,Xudur,4.12,43.89
2017-01-01,26.26,0.0,39.23,Xudur,4.12,43.89
2017-02-01,28.68,0.07,45.4,Xudur,4.12,43.89
2017-03-01,29.37,0.22,44.13,Xudur,4.12,43.89
2017-04-01,29.5,2.03,52.99,Xudur,4.12,43.89
2017-05-01,26.64,1.95,69.05,Xudur,4.12,43.89
2017-06-01,26.23,0.57,64.19,Xudur,4.12,43.89
2017-07-01,25.71,0.1,59.25,Xudur,4.12,43.89
2017-08-01,26.46,0.24,57.4,Xudur,4.12,43.89
2017-09-01,27.31,0.45,54.48,Xudur,4.12,43.89
2017-10-01,27.51,2.66,60.43,Xudur,4.12,43.89
2017-11-01,24.43,5.17,73.52,Xudur,4.12,43.89
2017-12-01,24.08,0.0,53.72,Xudur,4.12,43.89
2018-01-01,25.56,0.0,42.4,Xudur,4.12,43.89
2018-02-01,28.48,0.03,45.24,Xudur,4.12,43.89
2018-03-01,29.2,0.83,46.8,Xudur,4.12,43.89
2018-04-01,26.01,6.74,75.19,Xudur,4.12,43.89
2018-05-01,25.08,1.82,78.57,Xudur,4.12,43.89
2018-06-01,25.23,0.27,66.45,Xudur,4.12,43.89
2018-07-01,25.4,0.23,58.86,Xudur,4.12,43.89
2018-08-01,25.77,0.47,58.07,Xudur,4.12,43.89
2018-09-01,27.58,0.85,54.46,Xudur,4.12,43.89
2018-10-01,26.92,2.43,61.77,Xudur,4.12,43.89
2018-11-01,27.05,1.33,62.1,Xudur,4.12,43.89
2018-12-01,27.05,0.59,51.78,Xudur,4.12,43.89
2019-01-01,26.85,0.04,42.52,Xudur,4.12,43.89
2019-02-01,28.61,0.04,44.65,Xudur,4.12,43.89
2019-03-01,30.04,0.01,44.24,Xudur,4.12,43.89
2019-04-01,29.78,1.94,54.2,Xudur,4.12,43.89
2019-05-01,27.05,3.13,69.86,Xudur,4.12,43.89
2019-06-01,25.73,1.11,68.32,Xudur,4.12,43.89
2019-07-01,25.89,0.21,61.3,Xudur,4.12,43.89
2019-08-01,26.8,0.13,55.95,Xudur,4.12,43.89
2019-09-01,27.69,0.57,54.77,Xudur,4.12,43.89
2019-10-01,25.25,10.06,78.37,Xudur,4.12,43.89
2019-11-01,24.28,3.36,80.79,Xudur,4.12,43.89
2019-12-01,24.72,1.73,69.02,Xudur,4.12,43.89
2020-01-01,26.51,0.08,55.91,Xudur,4.12,43.89
2020-02-01,28.63,0.03,44.83,Xudur,4.12,43.89
2020-03-01,29.73,0.77,50.25,Xudur,4.12,43.89
2020-04-01,27.66,5.72,67.27,Xudur,4.12,43.89
2020-05-01,25.27,2.87,80.72,Xudur,4.12,43.89
2020-06-01,25.06,0.54,72.2,Xudur,4.12,43.89
2020-07-01,24.85,0.89,67.39,Xudur,4.12,43.89
2020-08-01,25.47,0.44,63.36,Xudur,4.12,43.89
2020-09-01,25.99,2.05,63.64,Xudur,4.12,43.89
2020-10-01,26.13,4.92,71.43,Xudur,4.12,43.89
2020-11-01,24.89,2.96,74.29,Xudur,4.12,43.89
2020-12-01,25.32,0.86,56.39,Xudur,4.12,43.89
2021-01-01,24.89,0.94,52.41,Xudur,4.12,43.89
2021-02-01,27.56,0.04,44.78,Xudur,4.12,43.89
2021-03-01,28.9,0.3,45.59,Xudur,4.12,43.89
2021-04-01,28.69,3.34,59.07,Xudur,4.12,43.89
2021-05-01,25.46,3.85,72.9,Xudur,4.12,43.89
2021-06-01,24.82,0.73,68.87,Xudur,4.12,43.89
2021-07-01,23.92,1.2,67.68,Xudur,4.12,43.89
2021-08-01,24.78,1.85,66.96,Xudur,4.12,43.89
2021-09-01,25.96,1.0,63.9,Xudur,4.12,43.89
2021-10-01,27.34,0.89,60.06,Xudur,4.12,43.89
2021-11-01,28.18,7.29,55.75,Xudur,4.12,43.89
2021-12-01,24.04,0.42,71.2,Xudur,4.12,43.89
2022-01-01,24.81,1.14,58.39,Xudur,4.12,43.89
2022-02-01,25.79,0.98,55.4,Xudur,4.12,43.89
2022-03-01,28.24,0.41,47.87,Xudur,4.12,43.89
2022-04-01,28.15,7.59,62.87,Xudur,4.12,43.89
2022-05-01,25.39,1.33,77.25,Xudur,4.12,43.89
2022-06-01,24.54,1.65,71.62,Xudur,4.12,43.89
2022-07-01,23.76,0.83,68.45,Xudur,4.12,43.89
2022-08-01,24.4,1.23,65.51,Xudur,4.12,43.89
2022-09-01,26.09,0.24,59.84,Xudur,4.12,43.89
2022-10-01,26.94,1.61,60.53,Xudur,4.12,43.89
2022-11-01,27.28,2.04,60.23,Xudur,4.12,43.89
2022-12-01,25.59,1.28,61.37,Xudur,4.12,43.89
2023-01-01,26.7,0.05,46.22,Xudur,4.12,43.89
2023-02-01,27.48,0.02,41.85,Xudur,4.12,43.89
2023-03-01,28.66,1.71,54.69,Xudur,4.12,43.89
2023-04-01,27.32,5.31,68.12,Xudur,4.12,43.89
2023-05-01,26.47,1.02,70.24,Xudur,4.12,43.89
2023-06-01,25.28,2.55,71.56,Xudur,4.12,43.89
2023-07-01,24.79,0.38,67.74,Xudur,4.12,43.89
2023-08-01,26.35,0.29,60.23,Xudur,4.12,43.89
2023-09-01,28.4,0.07,53.68,Xudur,4.12,43.89
2023-10-01,26.11,12.71,74.11,Xudur,4.12,43.89
2023-11-01,23.84,14.44,88.03,Xudur,4.12,43.89
2023-12-01,23.42,0.08,81.88,Xudur,4.12,43.89
2024-01-01,24.53,0.06,69.65,Xudur,4.12,43.89
2024-02-01,27.71,0.14,56.1,Xudur,4.12,43.89
2024-03-01,30.35,0.09,47.85,Xudur,4.12,43.89
2024-04-01,27.29,7.24,73.36,Xudur,4.12,43.89
2024-05-01,25.5,6.5,81.65,Xudur,4.12,43.89
2024-06-01,24.45,1.15,77.97,Xudur,4.12,43.89
2024-07-01,25.19,0.21,69.18,Xudur,4.12,43.89
2024-08-01,25.75,0.82,63.62,Xudur,4.12,43.89
2024-09-01,27.53,0.07,57.25,Xudur,4.12,43.89
2024-10-01,28.02,1.48,58.65,Xudur,4.12,43.89
2024-11-01,26.44,3.25,68.93,Xudur,4.12,43.89
2024-12-01,26.0,0.02,51.82,Xudur,4.12,43.89
2025-01-01,26.64,0.01,42.17,Xudur,4.12,43.89
2025-02-01,28.28,0.0,43.24,Xudur,4.12,43.89
2025-03-01,29.9,0.97,50.08,Xudur,4.12,43.89
2025-04-01,27.99,4.7,65.57,Xudur,4.12,43.89
2025-05-01,25.41,4.95,80.42,Xudur,4.12,43.89
2025-06-01,25.16,1.2,72.04,Xudur,4.12,43.89
2025-07-01,24.78,0.39,66.41,Xudur,4.12,43.89
2025-08-01,25.68,0.18,59.6,Xudur,4.12,43.89
2025-09-01,27.27,0.32,54.73,Xudur,4.12,43.89
2025-10-01,27.25,1.75,60.64,Xudur,4.12,43.89
2025-11-01,-999.0,-999.0,-999.0,Xudur,4.12,43.89
2025-12-01,-999.0,-999.0,-999.0,Xudur,4.12,43.89
