indicator,base-per,Unit,Date,Value
"ALL GROUPS, weights",Not Applicable,Weight,2014M12,100
"ALL GROUPS, weights",Not Applicable,Weight,2015M1,100
"ALL GROUPS, weights",Not Applicable,Weight,2015M2,100
"ALL GROUPS, weights",Not Applicable,Weight,2015M3,100
"ALL GROUPS, weights",Not Applicable,Weight,2015M4,100
"ALL GROUPS, weights",Not Applicable,Weight,2015M5,100
"ALL GROUPS, weights",Not Applicable,Weight,2015M6,100
"ALL GROUPS, weights",Not Applicable,Weight,2015M7,100
"ALL GROUPS, weights",Not Applicable,Weight,2015M8,100
"ALL GROUPS, weights",Not Applicable,Weight,2015M9,100
"ALL GROUPS, weights",Not Applicable,Weight,2015M10,100
"ALL GROUPS, weights",Not Applicable,Weight,2015M11,100
"ALL GROUPS, weights",Not Applicable,Weight,2015M12,100
"ALL GROUPS, weights",Not Applicable,Weight,2016M1,100
"ALL GROUPS, weights",Not Applicable,Weight,2016M2,100
"ALL GROUPS, weights",Not Applicable,Weight,2016M3,100
"ALL GROUPS, weights",Not Applicable,Weight,2016M4,100
"ALL GROUPS, weights",Not Applicable,Weight,2016M5,100
"ALL GROUPS, weights",Not Applicable,Weight,2016M6,100
"ALL GROUPS, weights",Not Applicable,Weight,2016M7,100
"ALL GROUPS, weights",Not Applicable,Weight,2016M8,100
"ALL GROUPS, weights",Not Applicable,Weight,2016M9,100
"ALL GROUPS, weights",Not Applicable,Weight,2016M10,100
"ALL GROUPS, weights",Not Applicable,Weight,2016M11,100
"ALL GROUPS, weights",Not Applicable,Weight,2016M12,100
"ALL GROUPS, weights",Not Applicable,Weight,2017M1,100
"ALL GROUPS, weights",Not Applicable,Weight,2017M2,100
"ALL GROUPS, weights",Not Applicable,Weight,2017M3,100
"ALL GROUPS, weights",Not Applicable,Weight,2017M4,100
"ALL GROUPS, weights",Not Applicable,Weight,2017M5,100
"ALL GROUPS, weights",Not Applicable,Weight,2017M6,100
"ALL GROUPS, weights",Not Applicable,Weight,2017M7,100
"ALL GROUPS, weights",Not Applicable,Weight,2017M8,100
"ALL GROUPS, weights",Not Applicable,Weight,2017M9,100
"ALL GROUPS, weights",Not Applicable,Weight,2017M10,100
"ALL GROUPS, weights",Not Applicable,Weight,2017M11,100
"ALL GROUPS, weights",Not Applicable,Weight,2017M12,100
"ALL GROUPS, weights",Not Applicable,Weight,2018M1,100
"ALL GROUPS, weights",Not Applicable,Weight,2018M2,100
"ALL GROUPS, weights",Not Applicable,Weight,2018M3,100
"ALL GROUPS, weights",Not Applicable,Weight,2018M4,100
"ALL GROUPS, weights",Not Applicable,Weight,2018M5,100
"ALL GROUPS, weights",Not Applicable,Weight,2018M6,100
"ALL GROUPS, weights",Not Applicable,Weight,2018M7,100
"ALL GROUPS, weights",Not Applicable,Weight,2018M8,100
"ALL GROUPS, weights",Not Applicable,Weight,2018M9,100
"ALL GROUPS, weights",Not Applicable,Weight,2018M10,100
"ALL GROUPS, weights",Not Applicable,Weight,2018M11,100
"ALL GROUPS, weights",Not Applicable,Weight,2018M12,100
"ALL GROUPS, weights",Not Applicable,Weight,2019M1,100
"ALL GROUPS, weights",Not Applicable,Weight,2019M2,100
"ALL GROUPS, weights",Not Applicable,Weight,2019M3,100
"ALL GROUPS, weights",Not Applicable,Weight,2019M4,100
"ALL GROUPS, weights",Not Applicable,Weight,2019M5,100
"ALL GROUPS, weights",Not Applicable,Weight,2019M6,100
"ALL GROUPS, weights",Not Applicable,Weight,2019M7,100
"ALL GROUPS, weights",Not Applicable,Weight,2019M8,100
"ALL GROUPS, weights",Not Applicable,Weight,2019M9,100
"ALL GROUPS, weights",Not Applicable,Weight,2019M10,100
"ALL GROUPS, weights",Not Applicable,Weight,2019M11,100
"ALL GROUPS, weights",Not Applicable,Weight,2019M12,100
"ALL GROUPS, weights",Not Applicable,Weight,2020M1,100
"ALL GROUPS, weights",Not Applicable,Weight,2020M2,100
"ALL GROUPS, weights",Not Applicable,Weight,2020M3,100
"ALL GROUPS, weights",Not Applicable,Weight,2020M4,100
"ALL GROUPS, weights",Not Applicable,Weight,2020M5,100
"ALL GROUPS, weights",Not Applicable,Weight,2020M6,100
"ALL GROUPS, weights",Not Applicable,Weight,2020M7,100
"ALL GROUPS, weights",Not Applicable,Weight,2020M8,100
"ALL GROUPS, weights",Not Applicable,Weight,2020M9,100
"ALL GROUPS, weights",Not Applicable,Weight,2020M10,100
"ALL GROUPS, weights",Not Applicable,Weight,2020M11,100
"ALL GROUPS, weights",Not Applicable,Weight,2020M12,100
"ALL GROUPS, weights",Not Applicable,Weight,2021M1,100
"ALL GROUPS, weights",Not Applicable,Weight,2021M2,100
"ALL GROUPS, weights",Not Applicable,Weight,2021M3,100
"ALL GROUPS, weights",Not Applicable,Weight,2021M4,100
"ALL GROUPS, weights",Not Applicable,Weight,2021M5,100
"ALL GROUPS, weights",Not Applicable,Weight,2021M6,100
"ALL GROUPS, weights",Not Applicable,Weight,2021M7,100
"ALL GROUPS, weights",Not Applicable,Weight,2021M8,100
"ALL GROUPS, weights",Not Applicable,Weight,2021M9,100
"ALL GROUPS, weights",Not Applicable,Weight,2021M10,100
"ALL GROUPS, weights",Not Applicable,Weight,2021M11,100
"ALL GROUPS, weights",Not Applicable,Weight,2021M12,100
"ALL GROUPS, weights",Not Applicable,Weight,2022M1,100
"ALL GROUPS, weights",Not Applicable,Weight,2022M2,100
"ALL GROUPS, weights",Not Applicable,Weight,2022M3,100
"ALL GROUPS, weights",Not Applicable,Weight,2022M4,100
"ALL GROUPS, weights",Not Applicable,Weight,2022M5,100
"ALL GROUPS, weights",Not Applicable,Weight,2022M6,100
"ALL GROUPS, weights",Not Applicable,Weight,2022M7,100
"ALL GROUPS, weights",Not Applicable,Weight,2022M8,100
"ALL GROUPS, weights",Not Applicable,Weight,2022M9,100
"ALL GROUPS, weights",Not Applicable,Weight,2022M10,100
"ALL GROUPS, weights",Not Applicable,Weight,2022M11,100
"ALL GROUPS, weights",Not Applicable,Weight,2022M12,100
"ALL GROUPS, weights",Not Applicable,Weight,2023M1,100
"ALL GROUPS, weights",Not Applicable,Weight,2023M2,100
"ALL GROUPS, weights",Not Applicable,Weight,2023M3,100
"ALL GROUPS, weights",Not Applicable,Weight,2023M4,100
"ALL GROUPS, weights",Not Applicable,Weight,2023M5,100
"ALL GROUPS, weights",Not Applicable,Weight,2023M6,100
"ALL GROUPS, weights",Not Applicable,Weight,2023M7,100
"ALL GROUPS, weights",Not Applicable,Weight,2023M8,100
"ALL GROUPS, weights",Not Applicable,Weight,2023M9,100
"ALL GROUPS, weights",Not Applicable,Weight,2023M10,100
"ALL GROUPS, weights",Not Applicable,Weight,2023M11,100
"ALL GROUPS, weights",Not Applicable,Weight,2023M12,100
"ALL GROUPS, weights",Not Applicable,Weight,2024M1,100
"ALL GROUPS, weights",Not Applicable,Weight,2024M2,100
"ALL GROUPS, weights",Not Applicable,Weight,2024M3,100
"ALL GROUPS, weights",Not Applicable,Weight,2024M4,100
"ALL GROUPS, weights",Not Applicable,Weight,2024M5,100
"ALL GROUPS, weights",Not Applicable,Weight,2024M6,100
"ALL GROUPS, weights",Not Applicable,Weight,2024M7,100
"ALL GROUPS, weights",Not Applicable,Weight,2024M8,100
"ALL GROUPS, weights",Not Applicable,Weight,2024M9,100
"ALL GROUPS, weights",Not Applicable,Weight,2024M10,100
"ALL GROUPS, weights",Not Applicable,Weight,2024M11,100
"ALL GROUPS, weights",Not Applicable,Weight,2024M12,100
"FOOD AND NON ALCOHOLIC BEVERAGES, weights",Not Applicable,Weight,2014M12,46.04
"FOOD AND NON ALCOHOLIC BEVERAGES, weights",Not Applicable,Weight,2015M1,46.04
"FOOD AND NON ALCOHOLIC BEVERAGES, weights",Not Applicable,Weight,2015M2,46.04
"FOOD AND NON ALCOHOLIC BEVERAGES, weights",Not Applicable,Weight,2015M3,46.04
"FOOD AND NON ALCOHOLIC BEVERAGES, weights",Not Applicable,Weight,2015M4,46.04
"FOOD AND NON ALCOHOLIC BEVERAGES, weights",Not Applicable,Weight,2015M5,46.04
"FOOD AND NON ALCOHOLIC BEVERAGES, weights",Not Applicable,Weight,2015M6,46.04
"FOOD AND NON ALCOHOLIC BEVERAGES, weights",Not Applicable,Weight,2015M7,46.04
"FOOD AND NON ALCOHOLIC BEVERAGES, weights",Not Applicable,Weight,2015M8,46.04
"FOOD AND NON ALCOHOLIC BEVERAGES, weights",Not Applicable,Weight,2015M9,46.04
"FOOD AND NON ALCOHOLIC BEVERAGES, weights",Not Applicable,Weight,2015M10,46.04
"FOOD AND NON ALCOHOLIC BEVERAGES, weights",Not Applicable,Weight,2015M11,46.04
"FOOD AND NON ALCOHOLIC BEVERAGES, weights",Not Applicable,Weight,2015M12,46.04
"FOOD AND NON ALCOHOLIC BEVERAGES, weights",Not Applicable,Weight,2016M1,46.04
"FOOD AND NON ALCOHOLIC BEVERAGES, weights",Not Applicable,Weight,2016M2,46.04
"FOOD AND NON ALCOHOLIC BEVERAGES, weights",Not Applicable,Weight,2016M3,46.04
"FOOD AND NON ALCOHOLIC BEVERAGES, weights",Not Applicable,Weight,2016M4,46.04
"FOOD AND NON ALCOHOLIC BEVERAGES, weights",Not Applicable,Weight,2016M5,46.04
"FOOD AND NON ALCOHOLIC BEVERAGES, weights",Not Applicable,Weight,2016M6,46.04
"FOOD AND NON ALCOHOLIC BEVERAGES, weights",Not Applicable,Weight,2016M7,46.04
"FOOD AND NON ALCOHOLIC BEVERAGES, weights",Not Applicable,Weight,2016M8,46.04
"FOOD AND NON ALCOHOLIC BEVERAGES, weights",Not Applicable,Weight,2016M9,46.04
"FOOD AND NON ALCOHOLIC BEVERAGES, weights",Not Applicable,Weight,2016M10,46.04
"FOOD AND NON ALCOHOLIC BEVERAGES, weights",Not Applicable,Weight,2016M11,46.04
"FOOD AND NON ALCOHOLIC BEVERAGES, weights",Not Applicable,Weight,2016M12,46.04
"FOOD AND NON ALCOHOLIC BEVERAGES, weights",Not Applicable,Weight,2017M1,46.04
"FOOD AND NON ALCOHOLIC BEVERAGES, weights",Not Applicable,Weight,2017M2,46.04
"FOOD AND NON ALCOHOLIC BEVERAGES, weights",Not Applicable,Weight,2017M3,46.04
"FOOD AND NON ALCOHOLIC BEVERAGES, weights",Not Applicable,Weight,2017M4,46.04
"FOOD AND NON ALCOHOLIC BEVERAGES, weights",Not Applicable,Weight,2017M5,46.04
"FOOD AND NON ALCOHOLIC BEVERAGES, weights",Not Applicable,Weight,2017M6,46.04
"FOOD AND NON ALCOHOLIC BEVERAGES, weights",Not Applicable,Weight,2017M7,46.04
"FOOD AND NON ALCOHOLIC BEVERAGES, weights",Not Applicable,Weight,2017M8,46.04
"FOOD AND NON ALCOHOLIC BEVERAGES, weights",Not Applicable,Weight,2017M9,46.04
"FOOD AND NON ALCOHOLIC BEVERAGES, weights",Not Applicable,Weight,2017M10,46.04
"FOOD AND NON ALCOHOLIC BEVERAGES, weights",Not Applicable,Weight,2017M11,46.04
"FOOD AND NON ALCOHOLIC BEVERAGES, weights",Not Applicable,Weight,2017M12,46.04
"FOOD AND NON ALCOHOLIC BEVERAGES, weights",Not Applicable,Weight,2018M1,46.04
"FOOD AND NON ALCOHOLIC BEVERAGES, weights",Not Applicable,Weight,2018M2,46.04
"FOOD AND NON ALCOHOLIC BEVERAGES, weights",Not Applicable,Weight,2018M3,46.04
"FOOD AND NON ALCOHOLIC BEVERAGES, weights",Not Applicable,Weight,2018M4,46.04
"FOOD AND NON ALCOHOLIC BEVERAGES, weights",Not Applicable,Weight,2018M5,46.04
"FOOD AND NON ALCOHOLIC BEVERAGES, weights",Not Applicable,Weight,2018M6,46.04
"FOOD AND NON ALCOHOLIC BEVERAGES, weights",Not Applicable,Weight,2018M7,46.04
"FOOD AND NON ALCOHOLIC BEVERAGES, weights",Not Applicable,Weight,2018M8,46.04
"FOOD AND NON ALCOHOLIC BEVERAGES, weights",Not Applicable,Weight,2018M9,46.04
"FOOD AND NON ALCOHOLIC BEVERAGES, weights",Not Applicable,Weight,2018M10,46.04
"FOOD AND NON ALCOHOLIC BEVERAGES, weights",Not Applicable,Weight,2018M11,46.04
"FOOD AND NON ALCOHOLIC BEVERAGES, weights",Not Applicable,Weight,2018M12,46.04
"FOOD AND NON ALCOHOLIC BEVERAGES, weights",Not Applicable,Weight,2019M1,46.04
"FOOD AND NON ALCOHOLIC BEVERAGES, weights",Not Applicable,Weight,2019M2,46.04
"FOOD AND NON ALCOHOLIC BEVERAGES, weights",Not Applicable,Weight,2019M3,46.04
"FOOD AND NON ALCOHOLIC BEVERAGES, weights",Not Applicable,Weight,2019M4,46.04
"FOOD AND NON ALCOHOLIC BEVERAGES, weights",Not Applicable,Weight,2019M5,46.04
"FOOD AND NON ALCOHOLIC BEVERAGES, weights",Not Applicable,Weight,2019M6,46.04
"FOOD AND NON ALCOHOLIC BEVERAGES, weights",Not Applicable,Weight,2019M7,46.04
"FOOD AND NON ALCOHOLIC BEVERAGES, weights",Not Applicable,Weight,2019M8,46.04
"FOOD AND NON ALCOHOLIC BEVERAGES, weights",Not Applicable,Weight,2019M9,46.04
"FOOD AND NON ALCOHOLIC BEVERAGES, weights",Not Applicable,Weight,2019M10,46.04
"FOOD AND NON ALCOHOLIC BEVERAGES, weights",Not Applicable,Weight,2019M11,46.04
"FOOD AND NON ALCOHOLIC BEVERAGES, weights",Not Applicable,Weight,2019M12,46.04
"FOOD AND NON ALCOHOLIC BEVERAGES, weights",Not Applicable,Weight,2020M1,46.04
"FOOD AND NON ALCOHOLIC BEVERAGES, weights",Not Applicable,Weight,2020M2,46.04
"FOOD AND NON ALCOHOLIC BEVERAGES, weights",Not Applicable,Weight,2020M3,46.04
"FOOD AND NON ALCOHOLIC BEVERAGES, weights",Not Applicable,Weight,2020M4,46.04
"FOOD AND NON ALCOHOLIC BEVERAGES, weights",Not Applicable,Weight,2020M5,46.04
"FOOD AND NON ALCOHOLIC BEVERAGES, weights",Not Applicable,Weight,2020M6,46.04
"FOOD AND NON ALCOHOLIC BEVERAGES, weights",Not Applicable,Weight,2020M7,46.04
"FOOD AND NON ALCOHOLIC BEVERAGES, weights",Not Applicable,Weight,2020M8,46.04
"FOOD AND NON ALCOHOLIC BEVERAGES, weights",Not Applicable,Weight,2020M9,46.04
"FOOD AND NON ALCOHOLIC BEVERAGES, weights",Not Applicable,Weight,2020M10,46.04
"FOOD AND NON ALCOHOLIC BEVERAGES, weights",Not Applicable,Weight,2020M11,46.04
"FOOD AND NON ALCOHOLIC BEVERAGES, weights",Not Applicable,Weight,2020M12,46.04
"FOOD AND NON ALCOHOLIC BEVERAGES, weights",Not Applicable,Weight,2021M1,46.04
"FOOD AND NON ALCOHOLIC BEVERAGES, weights",Not Applicable,Weight,2021M2,46.04
"FOOD AND NON ALCOHOLIC BEVERAGES, weights",Not Applicable,Weight,2021M3,46.04
"FOOD AND NON ALCOHOLIC BEVERAGES, weights",Not Applicable,Weight,2021M4,46.04
"FOOD AND NON ALCOHOLIC BEVERAGES, weights",Not Applicable,Weight,2021M5,46.04
"FOOD AND NON ALCOHOLIC BEVERAGES, weights",Not Applicable,Weight,2021M6,46.04
"FOOD AND NON ALCOHOLIC BEVERAGES, weights",Not Applicable,Weight,2021M7,46.04
"FOOD AND NON ALCOHOLIC BEVERAGES, weights",Not Applicable,Weight,2021M8,46.04
"FOOD AND NON ALCOHOLIC BEVERAGES, weights",Not Applicable,Weight,2021M9,46.04
"FOOD AND NON ALCOHOLIC BEVERAGES, weights",Not Applicable,Weight,2021M10,46.04
"FOOD AND NON ALCOHOLIC BEVERAGES, weights",Not Applicable,Weight,2021M11,46.04
"FOOD AND NON ALCOHOLIC BEVERAGES, weights",Not Applicable,Weight,2021M12,46.04
"FOOD AND NON ALCOHOLIC BEVERAGES, weights",Not Applicable,Weight,2022M1,46.04
"FOOD AND NON ALCOHOLIC BEVERAGES, weights",Not Applicable,Weight,2022M2,46.04
"FOOD AND NON ALCOHOLIC BEVERAGES, weights",Not Applicable,Weight,2022M3,46.04
"FOOD AND NON ALCOHOLIC BEVERAGES, weights",Not Applicable,Weight,2022M4,46.04
"FOOD AND NON ALCOHOLIC BEVERAGES, weights",Not Applicable,Weight,2022M5,46.04
"FOOD AND NON ALCOHOLIC BEVERAGES, weights",Not Applicable,Weight,2022M6,46.04
"FOOD AND NON ALCOHOLIC BEVERAGES, weights",Not Applicable,Weight,2022M7,46.04
"FOOD AND NON ALCOHOLIC BEVERAGES, weights",Not Applicable,Weight,2022M8,46.04
"FOOD AND NON ALCOHOLIC BEVERAGES, weights",Not Applicable,Weight,2022M9,46.04
"FOOD AND NON ALCOHOLIC BEVERAGES, weights",Not Applicable,Weight,2022M10,46.04
"FOOD AND NON ALCOHOLIC BEVERAGES, weights",Not Applicable,Weight,2022M11,46.04
"FOOD AND NON ALCOHOLIC BEVERAGES, weights",Not Applicable,Weight,2022M12,46.04
"FOOD AND NON ALCOHOLIC BEVERAGES, weights",Not Applicable,Weight,2023M1,46.04
"FOOD AND NON ALCOHOLIC BEVERAGES, weights",Not Applicable,Weight,2023M2,46.04
"FOOD AND NON ALCOHOLIC BEVERAGES, weights",Not Applicable,Weight,2023M3,46.04
"FOOD AND NON ALCOHOLIC BEVERAGES, weights",Not Applicable,Weight,2023M4,46.04
"FOOD AND NON ALCOHOLIC BEVERAGES, weights",Not Applicable,Weight,2023M5,46.04
"FOOD AND NON ALCOHOLIC BEVERAGES, weights",Not Applicable,Weight,2023M6,46.04
"FOOD AND NON ALCOHOLIC BEVERAGES, weights",Not Applicable,Weight,2023M7,46.04
"FOOD AND NON ALCOHOLIC BEVERAGES, weights",Not Applicable,Weight,2023M8,46.04
"FOOD AND NON ALCOHOLIC BEVERAGES, weights",Not Applicable,Weight,2023M9,46.04
"FOOD AND NON ALCOHOLIC BEVERAGES, weights",Not Applicable,Weight,2023M10,46.04
"FOOD AND NON ALCOHOLIC BEVERAGES, weights",Not Applicable,Weight,2023M11,46.04
"FOOD AND NON ALCOHOLIC BEVERAGES, weights",Not Applicable,Weight,2023M12,46.04
"FOOD AND NON ALCOHOLIC BEVERAGES, weights",Not Applicable,Weight,2024M1,46.04
"FOOD AND NON ALCOHOLIC BEVERAGES, weights",Not Applicable,Weight,2024M2,46.04
"FOOD AND NON ALCOHOLIC BEVERAGES, weights",Not Applicable,Weight,2024M3,46.04
"FOOD AND NON ALCOHOLIC BEVERAGES, weights",Not Applicable,Weight,2024M4,46.04
"FOOD AND NON ALCOHOLIC BEVERAGES, weights",Not Applicable,Weight,2024M5,46.04
"FOOD AND NON ALCOHOLIC BEVERAGES, weights",Not Applicable,Weight,2024M6,46.04
"FOOD AND NON ALCOHOLIC BEVERAGES, weights",Not Applicable,Weight,2024M7,46.04
"FOOD AND NON ALCOHOLIC BEVERAGES, weights",Not Applicable,Weight,2024M8,46.04
"FOOD AND NON ALCOHOLIC BEVERAGES, weights",Not Applicable,Weight,2024M9,46.04
"FOOD AND NON ALCOHOLIC BEVERAGES, weights",Not Applicable,Weight,2024M10,46.04
"FOOD AND NON ALCOHOLIC BEVERAGES, weights",Not Applicable,Weight,2024M11,46.04
"FOOD AND NON ALCOHOLIC BEVERAGES, weights",Not Applicable,Weight,2024M12,46.04
"ALCOHOLIC BEVERAGES, TOBACCO AND NARCOTICS, weights",Not Applicable,Weight,2014M12,1.25
"ALCOHOLIC BEVERAGES, TOBACCO AND NARCOTICS, weights",Not Applicable,Weight,2015M1,1.25
"ALCOHOLIC BEVERAGES, TOBACCO AND NARCOTICS, weights",Not Applicable,Weight,2015M2,1.25
"ALCOHOLIC BEVERAGES, TOBACCO AND NARCOTICS, weights",Not Applicable,Weight,2015M3,1.25
"ALCOHOLIC BEVERAGES, TOBACCO AND NARCOTICS, weights",Not Applicable,Weight,2015M4,1.25
"ALCOHOLIC BEVERAGES, TOBACCO AND NARCOTICS, weights",Not Applicable,Weight,2015M5,1.25
"ALCOHOLIC BEVERAGES, TOBACCO AND NARCOTICS, weights",Not Applicable,Weight,2015M6,1.25
"ALCOHOLIC BEVERAGES, TOBACCO AND NARCOTICS, weights",Not Applicable,Weight,2015M7,1.25
"ALCOHOLIC BEVERAGES, TOBACCO AND NARCOTICS, weights",Not Applicable,Weight,2015M8,1.25
"ALCOHOLIC BEVERAGES, TOBACCO AND NARCOTICS, weights",Not Applicable,Weight,2015M9,1.25
"ALCOHOLIC BEVERAGES, TOBACCO AND NARCOTICS, weights",Not Applicable,Weight,2015M10,1.25
"ALCOHOLIC BEVERAGES, TOBACCO AND NARCOTICS, weights",Not Applicable,Weight,2015M11,1.25
"ALCOHOLIC BEVERAGES, TOBACCO AND NARCOTICS, weights",Not Applicable,Weight,2015M12,1.25
"ALCOHOLIC BEVERAGES, TOBACCO AND NARCOTICS, weights",Not Applicable,Weight,2016M1,1.25
"ALCOHOLIC BEVERAGES, TOBACCO AND NARCOTICS, weights",Not Applicable,Weight,2016M2,1.25
"ALCOHOLIC BEVERAGES, TOBACCO AND NARCOTICS, weights",Not Applicable,Weight,2016M3,1.25
"ALCOHOLIC BEVERAGES, TOBACCO AND NARCOTICS, weights",Not Applicable,Weight,2016M4,1.25
"ALCOHOLIC BEVERAGES, TOBACCO AND NARCOTICS, weights",Not Applicable,Weight,2016M5,1.25
"ALCOHOLIC BEVERAGES, TOBACCO AND NARCOTICS, weights",Not Applicable,Weight,2016M6,1.25
"ALCOHOLIC BEVERAGES, TOBACCO AND NARCOTICS, weights",Not Applicable,Weight,2016M7,1.25
"ALCOHOLIC BEVERAGES, TOBACCO AND NARCOTICS, weights",Not Applicable,Weight,2016M8,1.25
"ALCOHOLIC BEVERAGES, TOBACCO AND NARCOTICS, weights",Not Applicable,Weight,2016M9,1.25
"ALCOHOLIC BEVERAGES, TOBACCO AND NARCOTICS, weights",Not Applicable,Weight,2016M10,1.25
"ALCOHOLIC BEVERAGES, TOBACCO AND NARCOTICS, weights",Not Applicable,Weight,2016M11,1.25
"ALCOHOLIC BEVERAGES, TOBACCO AND NARCOTICS, weights",Not Applicable,Weight,2016M12,1.25
"ALCOHOLIC BEVERAGES, TOBACCO AND NARCOTICS, weights",Not Applicable,Weight,2017M1,1.25
"ALCOHOLIC BEVERAGES, TOBACCO AND NARCOTICS, weights",Not Applicable,Weight,2017M2,1.25
"ALCOHOLIC BEVERAGES, TOBACCO AND NARCOTICS, weights",Not Applicable,Weight,2017M3,1.25
"ALCOHOLIC BEVERAGES, TOBACCO AND NARCOTICS, weights",Not Applicable,Weight,2017M4,1.25
"ALCOHOLIC BEVERAGES, TOBACCO AND NARCOTICS, weights",Not Applicable,Weight,2017M5,1.25
"ALCOHOLIC BEVERAGES, TOBACCO AND NARCOTICS, weights",Not Applicable,Weight,2017M6,1.25
"ALCOHOLIC BEVERAGES, TOBACCO AND NARCOTICS, weights",Not Applicable,Weight,2017M7,1.25
"ALCOHOLIC BEVERAGES, TOBACCO AND NARCOTICS, weights",Not Applicable,Weight,2017M8,1.25
"ALCOHOLIC BEVERAGES, TOBACCO AND NARCOTICS, weights",Not Applicable,Weight,2017M9,1.25
"ALCOHOLIC BEVERAGES, TOBACCO AND NARCOTICS, weights",Not Applicable,Weight,2017M10,1.25
"ALCOHOLIC BEVERAGES, TOBACCO AND NARCOTICS, weights",Not Applicable,Weight,2017M11,1.25
"ALCOHOLIC BEVERAGES, TOBACCO AND NARCOTICS, weights",Not Applicable,Weight,2017M12,1.25
"ALCOHOLIC BEVERAGES, TOBACCO AND NARCOTICS, weights",Not Applicable,Weight,2018M1,1.25
"ALCOHOLIC BEVERAGES, TOBACCO AND NARCOTICS, weights",Not Applicable,Weight,2018M2,1.25
"ALCOHOLIC BEVERAGES, TOBACCO AND NARCOTICS, weights",Not Applicable,Weight,2018M3,1.25
"ALCOHOLIC BEVERAGES, TOBACCO AND NARCOTICS, weights",Not Applicable,Weight,2018M4,1.25
"ALCOHOLIC BEVERAGES, TOBACCO AND NARCOTICS, weights",Not Applicable,Weight,2018M5,1.25
"ALCOHOLIC BEVERAGES, TOBACCO AND NARCOTICS, weights",Not Applicable,Weight,2018M6,1.25
"ALCOHOLIC BEVERAGES, TOBACCO AND NARCOTICS, weights",Not Applicable,Weight,2018M7,1.25
"ALCOHOLIC BEVERAGES, TOBACCO AND NARCOTICS, weights",Not Applicable,Weight,2018M8,1.25
"ALCOHOLIC BEVERAGES, TOBACCO AND NARCOTICS, weights",Not Applicable,Weight,2018M9,1.25
"ALCOHOLIC BEVERAGES, TOBACCO AND NARCOTICS, weights",Not Applicable,Weight,2018M10,1.25
"ALCOHOLIC BEVERAGES, TOBACCO AND NARCOTICS, weights",Not Applicable,Weight,2018M11,1.25
"ALCOHOLIC BEVERAGES, TOBACCO AND NARCOTICS, weights",Not Applicable,Weight,2018M12,1.25
"ALCOHOLIC BEVERAGES, TOBACCO AND NARCOTICS, weights",Not Applicable,Weight,2019M1,1.25
"ALCOHOLIC BEVERAGES, TOBACCO AND NARCOTICS, weights",Not Applicable,Weight,2019M2,1.25
"ALCOHOLIC BEVERAGES, TOBACCO AND NARCOTICS, weights",Not Applicable,Weight,2019M3,1.25
"ALCOHOLIC BEVERAGES, TOBACCO AND NARCOTICS, weights",Not Applicable,Weight,2019M4,1.25
"ALCOHOLIC BEVERAGES, TOBACCO AND NARCOTICS, weights",Not Applicable,Weight,2019M5,1.25
"ALCOHOLIC BEVERAGES, TOBACCO AND NARCOTICS, weights",Not Applicable,Weight,2019M6,1.25
"ALCOHOLIC BEVERAGES, TOBACCO AND NARCOTICS, weights",Not Applicable,Weight,2019M7,1.25
"ALCOHOLIC BEVERAGES, TOBACCO AND NARCOTICS, weights",Not Applicable,Weight,2019M8,1.25
"ALCOHOLIC BEVERAGES, TOBACCO AND NARCOTICS, weights",Not Applicable,Weight,2019M9,1.25
"ALCOHOLIC BEVERAGES, TOBACCO AND NARCOTICS, weights",Not Applicable,Weight,2019M10,1.25
"ALCOHOLIC BEVERAGES, TOBACCO AND NARCOTICS, weights",Not Applicable,Weight,2019M11,1.25
"ALCOHOLIC BEVERAGES, TOBACCO AND NARCOTICS, weights",Not Applicable,Weight,2019M12,1.25
"ALCOHOLIC BEVERAGES, TOBACCO AND NARCOTICS, weights",Not Applicable,Weight,2020M1,1.25
"ALCOHOLIC BEVERAGES, TOBACCO AND NARCOTICS, weights",Not Applicable,Weight,2020M2,1.25
"ALCOHOLIC BEVERAGES, TOBACCO AND NARCOTICS, weights",Not Applicable,Weight,2020M3,1.25
"ALCOHOLIC BEVERAGES, TOBACCO AND NARCOTICS, weights",Not Applicable,Weight,2020M4,1.25
"ALCOHOLIC BEVERAGES, TOBACCO AND NARCOTICS, weights",Not Applicable,Weight,2020M5,1.25
"ALCOHOLIC BEVERAGES, TOBACCO AND NARCOTICS, weights",Not Applicable,Weight,2020M6,1.25
"ALCOHOLIC BEVERAGES, TOBACCO AND NARCOTICS, weights",Not Applicable,Weight,2020M7,1.25
"ALCOHOLIC BEVERAGES, TOBACCO AND NARCOTICS, weights",Not Applicable,Weight,2020M8,1.25
"ALCOHOLIC BEVERAGES, TOBACCO AND NARCOTICS, weights",Not Applicable,Weight,2020M9,1.25
"ALCOHOLIC BEVERAGES, TOBACCO AND NARCOTICS, weights",Not Applicable,Weight,2020M10,1.25
"ALCOHOLIC BEVERAGES, TOBACCO AND NARCOTICS, weights",Not Applicable,Weight,2020M11,1.25
"ALCOHOLIC BEVERAGES, TOBACCO AND NARCOTICS, weights",Not Applicable,Weight,2020M12,1.25
"ALCOHOLIC BEVERAGES, TOBACCO AND NARCOTICS, weights",Not Applicable,Weight,2021M1,1.25
"ALCOHOLIC BEVERAGES, TOBACCO AND NARCOTICS, weights",Not Applicable,Weight,2021M2,1.25
"ALCOHOLIC BEVERAGES, TOBACCO AND NARCOTICS, weights",Not Applicable,Weight,2021M3,1.25
"ALCOHOLIC BEVERAGES, TOBACCO AND NARCOTICS, weights",Not Applicable,Weight,2021M4,1.25
"ALCOHOLIC BEVERAGES, TOBACCO AND NARCOTICS, weights",Not Applicable,Weight,2021M5,1.25
"ALCOHOLIC BEVERAGES, TOBACCO AND NARCOTICS, weights",Not Applicable,Weight,2021M6,1.25
"ALCOHOLIC BEVERAGES, TOBACCO AND NARCOTICS, weights",Not Applicable,Weight,2021M7,1.25
"ALCOHOLIC BEVERAGES, TOBACCO AND NARCOTICS, weights",Not Applicable,Weight,2021M8,1.25
"ALCOHOLIC BEVERAGES, TOBACCO AND NARCOTICS, weights",Not Applicable,Weight,2021M9,1.25
"ALCOHOLIC BEVERAGES, TOBACCO AND NARCOTICS, weights",Not Applicable,Weight,2021M10,1.25
"ALCOHOLIC BEVERAGES, TOBACCO AND NARCOTICS, weights",Not Applicable,Weight,2021M11,1.25
"ALCOHOLIC BEVERAGES, TOBACCO AND NARCOTICS, weights",Not Applicable,Weight,2021M12,1.25
"ALCOHOLIC BEVERAGES, TOBACCO AND NARCOTICS, weights",Not Applicable,Weight,2022M1,1.25
"ALCOHOLIC BEVERAGES, TOBACCO AND NARCOTICS, weights",Not Applicable,Weight,2022M2,1.25
"ALCOHOLIC BEVERAGES, TOBACCO AND NARCOTICS, weights",Not Applicable,Weight,2022M3,1.25
"ALCOHOLIC BEVERAGES, TOBACCO AND NARCOTICS, weights",Not Applicable,Weight,2022M4,1.25
"ALCOHOLIC BEVERAGES, TOBACCO AND NARCOTICS, weights",Not Applicable,Weight,2022M5,1.25
"ALCOHOLIC BEVERAGES, TOBACCO AND NARCOTICS, weights",Not Applicable,Weight,2022M6,1.25
"ALCOHOLIC BEVERAGES, TOBACCO AND NARCOTICS, weights",Not Applicable,Weight,2022M7,1.25
"ALCOHOLIC BEVERAGES, TOBACCO AND NARCOTICS, weights",Not Applicable,Weight,2022M8,1.25
"ALCOHOLIC BEVERAGES, TOBACCO AND NARCOTICS, weights",Not Applicable,Weight,2022M9,1.25
"ALCOHOLIC BEVERAGES, TOBACCO AND NARCOTICS, weights",Not Applicable,Weight,2022M10,1.25
"ALCOHOLIC BEVERAGES, TOBACCO AND NARCOTICS, weights",Not Applicable,Weight,2022M11,1.25
"ALCOHOLIC BEVERAGES, TOBACCO AND NARCOTICS, weights",Not Applicable,Weight,2022M12,1.25
"ALCOHOLIC BEVERAGES, TOBACCO AND NARCOTICS, weights",Not Applicable,Weight,2023M1,1.25
"ALCOHOLIC BEVERAGES, TOBACCO AND NARCOTICS, weights",Not Applicable,Weight,2023M2,1.25
"ALCOHOLIC BEVERAGES, TOBACCO AND NARCOTICS, weights",Not Applicable,Weight,2023M3,1.25
"ALCOHOLIC BEVERAGES, TOBACCO AND NARCOTICS, weights",Not Applicable,Weight,2023M4,1.25
"ALCOHOLIC BEVERAGES, TOBACCO AND NARCOTICS, weights",Not Applicable,Weight,2023M5,1.25
"ALCOHOLIC BEVERAGES, TOBACCO AND NARCOTICS, weights",Not Applicable,Weight,2023M6,1.25
"ALCOHOLIC BEVERAGES, TOBACCO AND NARCOTICS, weights",Not Applicable,Weight,2023M7,1.25
"ALCOHOLIC BEVERAGES, TOBACCO AND NARCOTICS, weights",Not Applicable,Weight,2023M8,1.25
"ALCOHOLIC BEVERAGES, TOBACCO AND NARCOTICS, weights",Not Applicable,Weight,2023M9,1.25
"ALCOHOLIC BEVERAGES, TOBACCO AND NARCOTICS, weights",Not Applicable,Weight,2023M10,1.25
"ALCOHOLIC BEVERAGES, TOBACCO AND NARCOTICS, weights",Not Applicable,Weight,2023M11,1.25
"ALCOHOLIC BEVERAGES, TOBACCO AND NARCOTICS, weights",Not Applicable,Weight,2023M12,1.25
"ALCOHOLIC BEVERAGES, TOBACCO AND NARCOTICS, weights",Not Applicable,Weight,2024M1,1.25
"ALCOHOLIC BEVERAGES, TOBACCO AND NARCOTICS, weights",Not Applicable,Weight,2024M2,1.25
"ALCOHOLIC BEVERAGES, TOBACCO AND NARCOTICS, weights",Not Applicable,Weight,2024M3,1.25
"ALCOHOLIC BEVERAGES, TOBACCO AND NARCOTICS, weights",Not Applicable,Weight,2024M4,1.25
"ALCOHOLIC BEVERAGES, TOBACCO AND NARCOTICS, weights",Not Applicable,Weight,2024M5,1.25
"ALCOHOLIC BEVERAGES, TOBACCO AND NARCOTICS, weights",Not Applicable,Weight,2024M6,1.25
"ALCOHOLIC BEVERAGES, TOBACCO AND NARCOTICS, weights",Not Applicable,Weight,2024M7,1.25
"ALCOHOLIC BEVERAGES, TOBACCO AND NARCOTICS, weights",Not Applicable,Weight,2024M8,1.25
"ALCOHOLIC BEVERAGES, TOBACCO AND NARCOTICS, weights",Not Applicable,Weight,2024M9,1.25
"ALCOHOLIC BEVERAGES, TOBACCO AND NARCOTICS, weights",Not Applicable,Weight,2024M10,1.25
"ALCOHOLIC BEVERAGES, TOBACCO AND NARCOTICS, weights",Not Applicable,Weight,2024M11,1.25
"ALCOHOLIC BEVERAGES, TOBACCO AND NARCOTICS, weights",Not Applicable,Weight,2024M12,1.25
"CLOTHING AND FOOTWEAR, weights",Not Applicable,Weight,2014M12,5.03
"CLOTHING AND FOOTWEAR, weights",Not Applicable,Weight,2015M1,5.03
"CLOTHING AND FOOTWEAR, weights",Not Applicable,Weight,2015M2,5.03
"CLOTHING AND FOOTWEAR, weights",Not Applicable,Weight,2015M3,5.03
"CLOTHING AND FOOTWEAR, weights",Not Applicable,Weight,2015M4,5.03
"CLOTHING AND FOOTWEAR, weights",Not Applicable,Weight,2015M5,5.03
"CLOTHING AND FOOTWEAR, weights",Not Applicable,Weight,2015M6,5.03
"CLOTHING AND FOOTWEAR, weights",Not Applicable,Weight,2015M7,5.03
"CLOTHING AND FOOTWEAR, weights",Not Applicable,Weight,2015M8,5.03
"CLOTHING AND FOOTWEAR, weights",Not Applicable,Weight,2015M9,5.03
"CLOTHING AND FOOTWEAR, weights",Not Applicable,Weight,2015M10,5.03
"CLOTHING AND FOOTWEAR, weights",Not Applicable,Weight,2015M11,5.03
"CLOTHING AND FOOTWEAR, weights",Not Applicable,Weight,2015M12,5.03
"CLOTHING AND FOOTWEAR, weights",Not Applicable,Weight,2016M1,5.03
"CLOTHING AND FOOTWEAR, weights",Not Applicable,Weight,2016M2,5.03
"CLOTHING AND FOOTWEAR, weights",Not Applicable,Weight,2016M3,5.03
"CLOTHING AND FOOTWEAR, weights",Not Applicable,Weight,2016M4,5.03
"CLOTHING AND FOOTWEAR, weights",Not Applicable,Weight,2016M5,5.03
"CLOTHING AND FOOTWEAR, weights",Not Applicable,Weight,2016M6,5.03
"CLOTHING AND FOOTWEAR, weights",Not Applicable,Weight,2016M7,5.03
"CLOTHING AND FOOTWEAR, weights",Not Applicable,Weight,2016M8,5.03
"CLOTHING AND FOOTWEAR, weights",Not Applicable,Weight,2016M9,5.03
"CLOTHING AND FOOTWEAR, weights",Not Applicable,Weight,2016M10,5.03
"CLOTHING AND FOOTWEAR, weights",Not Applicable,Weight,2016M11,5.03
"CLOTHING AND FOOTWEAR, weights",Not Applicable,Weight,2016M12,5.03
"CLOTHING AND FOOTWEAR, weights",Not Applicable,Weight,2017M1,5.03
"CLOTHING AND FOOTWEAR, weights",Not Applicable,Weight,2017M2,5.03
"CLOTHING AND FOOTWEAR, weights",Not Applicable,Weight,2017M3,5.03
"CLOTHING AND FOOTWEAR, weights",Not Applicable,Weight,2017M4,5.03
"CLOTHING AND FOOTWEAR, weights",Not Applicable,Weight,2017M5,5.03
"CLOTHING AND FOOTWEAR, weights",Not Applicable,Weight,2017M6,5.03
"CLOTHING AND FOOTWEAR, weights",Not Applicable,Weight,2017M7,5.03
"CLOTHING AND FOOTWEAR, weights",Not Applicable,Weight,2017M8,5.03
"CLOTHING AND FOOTWEAR, weights",Not Applicable,Weight,2017M9,5.03
"CLOTHING AND FOOTWEAR, weights",Not Applicable,Weight,2017M10,5.03
"CLOTHING AND FOOTWEAR, weights",Not Applicable,Weight,2017M11,5.03
"CLOTHING AND FOOTWEAR, weights",Not Applicable,Weight,2017M12,5.03
"CLOTHING AND FOOTWEAR, weights",Not Applicable,Weight,2018M1,5.03
"CLOTHING AND FOOTWEAR, weights",Not Applicable,Weight,2018M2,5.03
"CLOTHING AND FOOTWEAR, weights",Not Applicable,Weight,2018M3,5.03
"CLOTHING AND FOOTWEAR, weights",Not Applicable,Weight,2018M4,5.03
"CLOTHING AND FOOTWEAR, weights",Not Applicable,Weight,2018M5,5.03
"CLOTHING AND FOOTWEAR, weights",Not Applicable,Weight,2018M6,5.03
"CLOTHING AND FOOTWEAR, weights",Not Applicable,Weight,2018M7,5.03
"CLOTHING AND FOOTWEAR, weights",Not Applicable,Weight,2018M8,5.03
"CLOTHING AND FOOTWEAR, weights",Not Applicable,Weight,2018M9,5.03
"CLOTHING AND FOOTWEAR, weights",Not Applicable,Weight,2018M10,5.03
"CLOTHING AND FOOTWEAR, weights",Not Applicable,Weight,2018M11,5.03
"CLOTHING AND FOOTWEAR, weights",Not Applicable,Weight,2018M12,5.03
"CLOTHING AND FOOTWEAR, weights",Not Applicable,Weight,2019M1,5.03
"CLOTHING AND FOOTWEAR, weights",Not Applicable,Weight,2019M2,5.03
"CLOTHING AND FOOTWEAR, weights",Not Applicable,Weight,2019M3,5.03
"CLOTHING AND FOOTWEAR, weights",Not Applicable,Weight,2019M4,5.03
"CLOTHING AND FOOTWEAR, weights",Not Applicable,Weight,2019M5,5.03
"CLOTHING AND FOOTWEAR, weights",Not Applicable,Weight,2019M6,5.03
"CLOTHING AND FOOTWEAR, weights",Not Applicable,Weight,2019M7,5.03
"CLOTHING AND FOOTWEAR, weights",Not Applicable,Weight,2019M8,5.03
"CLOTHING AND FOOTWEAR, weights",Not Applicable,Weight,2019M9,5.03
"CLOTHING AND FOOTWEAR, weights",Not Applicable,Weight,2019M10,5.03
"CLOTHING AND FOOTWEAR, weights",Not Applicable,Weight,2019M11,5.03
"CLOTHING AND FOOTWEAR, weights",Not Applicable,Weight,2019M12,5.03
"CLOTHING AND FOOTWEAR, weights",Not Applicable,Weight,2020M1,5.03
"CLOTHING AND FOOTWEAR, weights",Not Applicable,Weight,2020M2,5.03
"CLOTHING AND FOOTWEAR, weights",Not Applicable,Weight,2020M3,5.03
"CLOTHING AND FOOTWEAR, weights",Not Applicable,Weight,2020M4,5.03
"CLOTHING AND FOOTWEAR, weights",Not Applicable,Weight,2020M5,5.03
"CLOTHING AND FOOTWEAR, weights",Not Applicable,Weight,2020M6,5.03
"CLOTHING AND FOOTWEAR, weights",Not Applicable,Weight,2020M7,5.03
"CLOTHING AND FOOTWEAR, weights",Not Applicable,Weight,2020M8,5.03
"CLOTHING AND FOOTWEAR, weights",Not Applicable,Weight,2020M9,5.03
"CLOTHING AND FOOTWEAR, weights",Not Applicable,Weight,2020M10,5.03
"CLOTHING AND FOOTWEAR, weights",Not Applicable,Weight,2020M11,5.03
"CLOTHING AND FOOTWEAR, weights",Not Applicable,Weight,2020M12,5.03
"CLOTHING AND FOOTWEAR, weights",Not Applicable,Weight,2021M1,5.03
"CLOTHING AND FOOTWEAR, weights",Not Applicable,Weight,2021M2,5.03
"CLOTHING AND FOOTWEAR, weights",Not Applicable,Weight,2021M3,5.03
"CLOTHING AND FOOTWEAR, weights",Not Applicable,Weight,2021M4,5.03
"CLOTHING AND FOOTWEAR, weights",Not Applicable,Weight,2021M5,5.03
"CLOTHING AND FOOTWEAR, weights",Not Applicable,Weight,2021M6,5.03
"CLOTHING AND FOOTWEAR, weights",Not Applicable,Weight,2021M7,5.03
"CLOTHING AND FOOTWEAR, weights",Not Applicable,Weight,2021M8,5.03
"CLOTHING AND FOOTWEAR, weights",Not Applicable,Weight,2021M9,5.03
"CLOTHING AND FOOTWEAR, weights",Not Applicable,Weight,2021M10,5.03
"CLOTHING AND FOOTWEAR, weights",Not Applicable,Weight,2021M11,5.03
"CLOTHING AND FOOTWEAR, weights",Not Applicable,Weight,2021M12,5.03
"CLOTHING AND FOOTWEAR, weights",Not Applicable,Weight,2022M1,5.03
"CLOTHING AND FOOTWEAR, weights",Not Applicable,Weight,2022M2,5.03
"CLOTHING AND FOOTWEAR, weights",Not Applicable,Weight,2022M3,5.03
"CLOTHING AND FOOTWEAR, weights",Not Applicable,Weight,2022M4,5.03
"CLOTHING AND FOOTWEAR, weights",Not Applicable,Weight,2022M5,5.03
"CLOTHING AND FOOTWEAR, weights",Not Applicable,Weight,2022M6,5.03
"CLOTHING AND FOOTWEAR, weights",Not Applicable,Weight,2022M7,5.03
"CLOTHING AND FOOTWEAR, weights",Not Applicable,Weight,2022M8,5.03
"CLOTHING AND FOOTWEAR, weights",Not Applicable,Weight,2022M9,5.03
"CLOTHING AND FOOTWEAR, weights",Not Applicable,Weight,2022M10,5.03
"CLOTHING AND FOOTWEAR, weights",Not Applicable,Weight,2022M11,5.03
"CLOTHING AND FOOTWEAR, weights",Not Applicable,Weight,2022M12,5.03
"CLOTHING AND FOOTWEAR, weights",Not Applicable,Weight,2023M1,5.03
"CLOTHING AND FOOTWEAR, weights",Not Applicable,Weight,2023M2,5.03
"CLOTHING AND FOOTWEAR, weights",Not Applicable,Weight,2023M3,5.03
"CLOTHING AND FOOTWEAR, weights",Not Applicable,Weight,2023M4,5.03
"CLOTHING AND FOOTWEAR, weights",Not Applicable,Weight,2023M5,5.03
"CLOTHING AND FOOTWEAR, weights",Not Applicable,Weight,2023M6,5.03
"CLOTHING AND FOOTWEAR, weights",Not Applicable,Weight,2023M7,5.03
"CLOTHING AND FOOTWEAR, weights",Not Applicable,Weight,2023M8,5.03
"CLOTHING AND FOOTWEAR, weights",Not Applicable,Weight,2023M9,5.03
"CLOTHING AND FOOTWEAR, weights",Not Applicable,Weight,2023M10,5.03
"CLOTHING AND FOOTWEAR, weights",Not Applicable,Weight,2023M11,5.03
"CLOTHING AND FOOTWEAR, weights",Not Applicable,Weight,2023M12,5.03
"CLOTHING AND FOOTWEAR, weights",Not Applicable,Weight,2024M1,5.03
"CLOTHING AND FOOTWEAR, weights",Not Applicable,Weight,2024M2,5.03
"CLOTHING AND FOOTWEAR, weights",Not Applicable,Weight,2024M3,5.03
"CLOTHING AND FOOTWEAR, weights",Not Applicable,Weight,2024M4,5.03
"CLOTHING AND FOOTWEAR, weights",Not Applicable,Weight,2024M5,5.03
"CLOTHING AND FOOTWEAR, weights",Not Applicable,Weight,2024M6,5.03
"CLOTHING AND FOOTWEAR, weights",Not Applicable,Weight,2024M7,5.03
"CLOTHING AND FOOTWEAR, weights",Not Applicable,Weight,2024M8,5.03
"CLOTHING AND FOOTWEAR, weights",Not Applicable,Weight,2024M9,5.03
"CLOTHING AND FOOTWEAR, weights",Not Applicable,Weight,2024M10,5.03
"CLOTHING AND FOOTWEAR, weights",Not Applicable,Weight,2024M11,5.03
"CLOTHING AND FOOTWEAR, weights",Not Applicable,Weight,2024M12,5.03
"FURNISHINGS, HOUSEHOLD EQUIPMENT AND ROUTINE MAINTENANCE OF THE HOUSE, weights",Not Applicable,Weight,2014M12,2.93
"FURNISHINGS, HOUSEHOLD EQUIPMENT AND ROUTINE MAINTENANCE OF THE HOUSE, weights",Not Applicable,Weight,2015M1,2.93
"FURNISHINGS, HOUSEHOLD EQUIPMENT AND ROUTINE MAINTENANCE OF THE HOUSE, weights",Not Applicable,Weight,2015M2,2.93
"FURNISHINGS, HOUSEHOLD EQUIPMENT AND ROUTINE MAINTENANCE OF THE HOUSE, weights",Not Applicable,Weight,2015M3,2.93
"FURNISHINGS, HOUSEHOLD EQUIPMENT AND ROUTINE MAINTENANCE OF THE HOUSE, weights",Not Applicable,Weight,2015M4,2.93
"FURNISHINGS, HOUSEHOLD EQUIPMENT AND ROUTINE MAINTENANCE OF THE HOUSE, weights",Not Applicable,Weight,2015M5,2.93
"FURNISHINGS, HOUSEHOLD EQUIPMENT AND ROUTINE MAINTENANCE OF THE HOUSE, weights",Not Applicable,Weight,2015M6,2.93
"FURNISHINGS, HOUSEHOLD EQUIPMENT AND ROUTINE MAINTENANCE OF THE HOUSE, weights",Not Applicable,Weight,2015M7,2.93
"FURNISHINGS, HOUSEHOLD EQUIPMENT AND ROUTINE MAINTENANCE OF THE HOUSE, weights",Not Applicable,Weight,2015M8,2.93
"FURNISHINGS, HOUSEHOLD EQUIPMENT AND ROUTINE MAINTENANCE OF THE HOUSE, weights",Not Applicable,Weight,2015M9,2.93
"FURNISHINGS, HOUSEHOLD EQUIPMENT AND ROUTINE MAINTENANCE OF THE HOUSE, weights",Not Applicable,Weight,2015M10,2.93
"FURNISHINGS, HOUSEHOLD EQUIPMENT AND ROUTINE MAINTENANCE OF THE HOUSE, weights",Not Applicable,Weight,2015M11,2.93
"FURNISHINGS, HOUSEHOLD EQUIPMENT AND ROUTINE MAINTENANCE OF THE HOUSE, weights",Not Applicable,Weight,2015M12,2.93
"FURNISHINGS, HOUSEHOLD EQUIPMENT AND ROUTINE MAINTENANCE OF THE HOUSE, weights",Not Applicable,Weight,2016M1,2.93
"FURNISHINGS, HOUSEHOLD EQUIPMENT AND ROUTINE MAINTENANCE OF THE HOUSE, weights",Not Applicable,Weight,2016M2,2.93
"FURNISHINGS, HOUSEHOLD EQUIPMENT AND ROUTINE MAINTENANCE OF THE HOUSE, weights",Not Applicable,Weight,2016M3,2.93
"FURNISHINGS, HOUSEHOLD EQUIPMENT AND ROUTINE MAINTENANCE OF THE HOUSE, weights",Not Applicable,Weight,2016M4,2.93
"FURNISHINGS, HOUSEHOLD EQUIPMENT AND ROUTINE MAINTENANCE OF THE HOUSE, weights",Not Applicable,Weight,2016M5,2.93
"FURNISHINGS, HOUSEHOLD EQUIPMENT AND ROUTINE MAINTENANCE OF THE HOUSE, weights",Not Applicable,Weight,2016M6,2.93
"FURNISHINGS, HOUSEHOLD EQUIPMENT AND ROUTINE MAINTENANCE OF THE HOUSE, weights",Not Applicable,Weight,2016M7,2.93
"FURNISHINGS, HOUSEHOLD EQUIPMENT AND ROUTINE MAINTENANCE OF THE HOUSE, weights",Not Applicable,Weight,2016M8,2.93
"FURNISHINGS, HOUSEHOLD EQUIPMENT AND ROUTINE MAINTENANCE OF THE HOUSE, weights",Not Applicable,Weight,2016M9,2.93
"FURNISHINGS, HOUSEHOLD EQUIPMENT AND ROUTINE MAINTENANCE OF THE HOUSE, weights",Not Applicable,Weight,2016M10,2.93
"FURNISHINGS, HOUSEHOLD EQUIPMENT AND ROUTINE MAINTENANCE OF THE HOUSE, weights",Not Applicable,Weight,2016M11,2.93
"FURNISHINGS, HOUSEHOLD EQUIPMENT AND ROUTINE MAINTENANCE OF THE HOUSE, weights",Not Applicable,Weight,2016M12,2.93
"FURNISHINGS, HOUSEHOLD EQUIPMENT AND ROUTINE MAINTENANCE OF THE HOUSE, weights",Not Applicable,Weight,2017M1,2.93
"FURNISHINGS, HOUSEHOLD EQUIPMENT AND ROUTINE MAINTENANCE OF THE HOUSE, weights",Not Applicable,Weight,2017M2,2.93
"FURNISHINGS, HOUSEHOLD EQUIPMENT AND ROUTINE MAINTENANCE OF THE HOUSE, weights",Not Applicable,Weight,2017M3,2.93
"FURNISHINGS, HOUSEHOLD EQUIPMENT AND ROUTINE MAINTENANCE OF THE HOUSE, weights",Not Applicable,Weight,2017M4,2.93
"FURNISHINGS, HOUSEHOLD EQUIPMENT AND ROUTINE MAINTENANCE OF THE HOUSE, weights",Not Applicable,Weight,2017M5,2.93
"FURNISHINGS, HOUSEHOLD EQUIPMENT AND ROUTINE MAINTENANCE OF THE HOUSE, weights",Not Applicable,Weight,2017M6,2.93
"FURNISHINGS, HOUSEHOLD EQUIPMENT AND ROUTINE MAINTENANCE OF THE HOUSE, weights",Not Applicable,Weight,2017M7,2.93
"FURNISHINGS, HOUSEHOLD EQUIPMENT AND ROUTINE MAINTENANCE OF THE HOUSE, weights",Not Applicable,Weight,2017M8,2.93
"FURNISHINGS, HOUSEHOLD EQUIPMENT AND ROUTINE MAINTENANCE OF THE HOUSE, weights",Not Applicable,Weight,2017M9,2.93
"FURNISHINGS, HOUSEHOLD EQUIPMENT AND ROUTINE MAINTENANCE OF THE HOUSE, weights",Not Applicable,Weight,2017M10,2.93
"FURNISHINGS, HOUSEHOLD EQUIPMENT AND ROUTINE MAINTENANCE OF THE HOUSE, weights",Not Applicable,Weight,2017M11,2.93
"FURNISHINGS, HOUSEHOLD EQUIPMENT AND ROUTINE MAINTENANCE OF THE HOUSE, weights",Not Applicable,Weight,2017M12,2.93
"FURNISHINGS, HOUSEHOLD EQUIPMENT AND ROUTINE MAINTENANCE OF THE HOUSE, weights",Not Applicable,Weight,2018M1,2.93
"FURNISHINGS, HOUSEHOLD EQUIPMENT AND ROUTINE MAINTENANCE OF THE HOUSE, weights",Not Applicable,Weight,2018M2,2.93
"FURNISHINGS, HOUSEHOLD EQUIPMENT AND ROUTINE MAINTENANCE OF THE HOUSE, weights",Not Applicable,Weight,2018M3,2.93
"FURNISHINGS, HOUSEHOLD EQUIPMENT AND ROUTINE MAINTENANCE OF THE HOUSE, weights",Not Applicable,Weight,2018M4,2.93
"FURNISHINGS, HOUSEHOLD EQUIPMENT AND ROUTINE MAINTENANCE OF THE HOUSE, weights",Not Applicable,Weight,2018M5,2.93
"FURNISHINGS, HOUSEHOLD EQUIPMENT AND ROUTINE MAINTENANCE OF THE HOUSE, weights",Not Applicable,Weight,2018M6,2.93
"FURNISHINGS, HOUSEHOLD EQUIPMENT AND ROUTINE MAINTENANCE OF THE HOUSE, weights",Not Applicable,Weight,2018M7,2.93
"FURNISHINGS, HOUSEHOLD EQUIPMENT AND ROUTINE MAINTENANCE OF THE HOUSE, weights",Not Applicable,Weight,2018M8,2.93
"FURNISHINGS, HOUSEHOLD EQUIPMENT AND ROUTINE MAINTENANCE OF THE HOUSE, weights",Not Applicable,Weight,2018M9,2.93
"FURNISHINGS, HOUSEHOLD EQUIPMENT AND ROUTINE MAINTENANCE OF THE HOUSE, weights",Not Applicable,Weight,2018M10,2.93
"FURNISHINGS, HOUSEHOLD EQUIPMENT AND ROUTINE MAINTENANCE OF THE HOUSE, weights",Not Applicable,Weight,2018M11,2.93
"FURNISHINGS, HOUSEHOLD EQUIPMENT AND ROUTINE MAINTENANCE OF THE HOUSE, weights",Not Applicable,Weight,2018M12,2.93
"FURNISHINGS, HOUSEHOLD EQUIPMENT AND ROUTINE MAINTENANCE OF THE HOUSE, weights",Not Applicable,Weight,2019M1,2.93
"FURNISHINGS, HOUSEHOLD EQUIPMENT AND ROUTINE MAINTENANCE OF THE HOUSE, weights",Not Applicable,Weight,2019M2,2.93
"FURNISHINGS, HOUSEHOLD EQUIPMENT AND ROUTINE MAINTENANCE OF THE HOUSE, weights",Not Applicable,Weight,2019M3,2.93
"FURNISHINGS, HOUSEHOLD EQUIPMENT AND ROUTINE MAINTENANCE OF THE HOUSE, weights",Not Applicable,Weight,2019M4,2.93
"FURNISHINGS, HOUSEHOLD EQUIPMENT AND ROUTINE MAINTENANCE OF THE HOUSE, weights",Not Applicable,Weight,2019M5,2.93
"FURNISHINGS, HOUSEHOLD EQUIPMENT AND ROUTINE MAINTENANCE OF THE HOUSE, weights",Not Applicable,Weight,2019M6,2.93
"FURNISHINGS, HOUSEHOLD EQUIPMENT AND ROUTINE MAINTENANCE OF THE HOUSE, weights",Not Applicable,Weight,2019M7,2.93
"FURNISHINGS, HOUSEHOLD EQUIPMENT AND ROUTINE MAINTENANCE OF THE HOUSE, weights",Not Applicable,Weight,2019M8,2.93
"FURNISHINGS, HOUSEHOLD EQUIPMENT AND ROUTINE MAINTENANCE OF THE HOUSE, weights",Not Applicable,Weight,2019M9,2.93
"FURNISHINGS, HOUSEHOLD EQUIPMENT AND ROUTINE MAINTENANCE OF THE HOUSE, weights",Not Applicable,Weight,2019M10,2.93
"FURNISHINGS, HOUSEHOLD EQUIPMENT AND ROUTINE MAINTENANCE OF THE HOUSE, weights",Not Applicable,Weight,2019M11,2.93
"FURNISHINGS, HOUSEHOLD EQUIPMENT AND ROUTINE MAINTENANCE OF THE HOUSE, weights",Not Applicable,Weight,2019M12,2.93
"FURNISHINGS, HOUSEHOLD EQUIPMENT AND ROUTINE MAINTENANCE OF THE HOUSE, weights",Not Applicable,Weight,2020M1,2.93
"FURNISHINGS, HOUSEHOLD EQUIPMENT AND ROUTINE MAINTENANCE OF THE HOUSE, weights",Not Applicable,Weight,2020M2,2.93
"FURNISHINGS, HOUSEHOLD EQUIPMENT AND ROUTINE MAINTENANCE OF THE HOUSE, weights",Not Applicable,Weight,2020M3,2.93
"FURNISHINGS, HOUSEHOLD EQUIPMENT AND ROUTINE MAINTENANCE OF THE HOUSE, weights",Not Applicable,Weight,2020M4,2.93
"FURNISHINGS, HOUSEHOLD EQUIPMENT AND ROUTINE MAINTENANCE OF THE HOUSE, weights",Not Applicable,Weight,2020M5,2.93
"FURNISHINGS, HOUSEHOLD EQUIPMENT AND ROUTINE MAINTENANCE OF THE HOUSE, weights",Not Applicable,Weight,2020M6,2.93
"FURNISHINGS, HOUSEHOLD EQUIPMENT AND ROUTINE MAINTENANCE OF THE HOUSE, weights",Not Applicable,Weight,2020M7,2.93
"FURNISHINGS, HOUSEHOLD EQUIPMENT AND ROUTINE MAINTENANCE OF THE HOUSE, weights",Not Applicable,Weight,2020M8,2.93
"FURNISHINGS, HOUSEHOLD EQUIPMENT AND ROUTINE MAINTENANCE OF THE HOUSE, weights",Not Applicable,Weight,2020M9,2.93
"FURNISHINGS, HOUSEHOLD EQUIPMENT AND ROUTINE MAINTENANCE OF THE HOUSE, weights",Not Applicable,Weight,2020M10,2.93
"FURNISHINGS, HOUSEHOLD EQUIPMENT AND ROUTINE MAINTENANCE OF THE HOUSE, weights",Not Applicable,Weight,2020M11,2.93
"FURNISHINGS, HOUSEHOLD EQUIPMENT AND ROUTINE MAINTENANCE OF THE HOUSE, weights",Not Applicable,Weight,2020M12,2.93
"FURNISHINGS, HOUSEHOLD EQUIPMENT AND ROUTINE MAINTENANCE OF THE HOUSE, weights",Not Applicable,Weight,2021M1,2.93
"FURNISHINGS, HOUSEHOLD EQUIPMENT AND ROUTINE MAINTENANCE OF THE HOUSE, weights",Not Applicable,Weight,2021M2,2.93
"FURNISHINGS, HOUSEHOLD EQUIPMENT AND ROUTINE MAINTENANCE OF THE HOUSE, weights",Not Applicable,Weight,2021M3,2.93
"FURNISHINGS, HOUSEHOLD EQUIPMENT AND ROUTINE MAINTENANCE OF THE HOUSE, weights",Not Applicable,Weight,2021M4,2.93
"FURNISHINGS, HOUSEHOLD EQUIPMENT AND ROUTINE MAINTENANCE OF THE HOUSE, weights",Not Applicable,Weight,2021M5,2.93
"FURNISHINGS, HOUSEHOLD EQUIPMENT AND ROUTINE MAINTENANCE OF THE HOUSE, weights",Not Applicable,Weight,2021M6,2.93
"FURNISHINGS, HOUSEHOLD EQUIPMENT AND ROUTINE MAINTENANCE OF THE HOUSE, weights",Not Applicable,Weight,2021M7,2.93
"FURNISHINGS, HOUSEHOLD EQUIPMENT AND ROUTINE MAINTENANCE OF THE HOUSE, weights",Not Applicable,Weight,2021M8,2.93
"FURNISHINGS, HOUSEHOLD EQUIPMENT AND ROUTINE MAINTENANCE OF THE HOUSE, weights",Not Applicable,Weight,2021M9,2.93
"FURNISHINGS, HOUSEHOLD EQUIPMENT AND ROUTINE MAINTENANCE OF THE HOUSE, weights",Not Applicable,Weight,2021M10,2.93
"FURNISHINGS, HOUSEHOLD EQUIPMENT AND ROUTINE MAINTENANCE OF THE HOUSE, weights",Not Applicable,Weight,2021M11,2.93
"FURNISHINGS, HOUSEHOLD EQUIPMENT AND ROUTINE MAINTENANCE OF THE HOUSE, weights",Not Applicable,Weight,2021M12,2.93
"FURNISHINGS, HOUSEHOLD EQUIPMENT AND ROUTINE MAINTENANCE OF THE HOUSE, weights",Not Applicable,Weight,2022M1,2.93
"FURNISHINGS, HOUSEHOLD EQUIPMENT AND ROUTINE MAINTENANCE OF THE HOUSE, weights",Not Applicable,Weight,2022M2,2.93
"FURNISHINGS, HOUSEHOLD EQUIPMENT AND ROUTINE MAINTENANCE OF THE HOUSE, weights",Not Applicable,Weight,2022M3,2.93
"FURNISHINGS, HOUSEHOLD EQUIPMENT AND ROUTINE MAINTENANCE OF THE HOUSE, weights",Not Applicable,Weight,2022M4,2.93
"FURNISHINGS, HOUSEHOLD EQUIPMENT AND ROUTINE MAINTENANCE OF THE HOUSE, weights",Not Applicable,Weight,2022M5,2.93
"FURNISHINGS, HOUSEHOLD EQUIPMENT AND ROUTINE MAINTENANCE OF THE HOUSE, weights",Not Applicable,Weight,2022M6,2.93
"FURNISHINGS, HOUSEHOLD EQUIPMENT AND ROUTINE MAINTENANCE OF THE HOUSE, weights",Not Applicable,Weight,2022M7,2.93
"FURNISHINGS, HOUSEHOLD EQUIPMENT AND ROUTINE MAINTENANCE OF THE HOUSE, weights",Not Applicable,Weight,2022M8,2.93
"FURNISHINGS, HOUSEHOLD EQUIPMENT AND ROUTINE MAINTENANCE OF THE HOUSE, weights",Not Applicable,Weight,2022M9,2.93
"FURNISHINGS, HOUSEHOLD EQUIPMENT AND ROUTINE MAINTENANCE OF THE HOUSE, weights",Not Applicable,Weight,2022M10,2.93
"FURNISHINGS, HOUSEHOLD EQUIPMENT AND ROUTINE MAINTENANCE OF THE HOUSE, weights",Not Applicable,Weight,2022M11,2.93
"FURNISHINGS, HOUSEHOLD EQUIPMENT AND ROUTINE MAINTENANCE OF THE HOUSE, weights",Not Applicable,Weight,2022M12,2.93
"FURNISHINGS, HOUSEHOLD EQUIPMENT AND ROUTINE MAINTENANCE OF THE HOUSE, weights",Not Applicable,Weight,2023M1,2.93
"FURNISHINGS, HOUSEHOLD EQUIPMENT AND ROUTINE MAINTENANCE OF THE HOUSE, weights",Not Applicable,Weight,2023M2,2.93
"FURNISHINGS, HOUSEHOLD EQUIPMENT AND ROUTINE MAINTENANCE OF THE HOUSE, weights",Not Applicable,Weight,2023M3,2.93
"FURNISHINGS, HOUSEHOLD EQUIPMENT AND ROUTINE MAINTENANCE OF THE HOUSE, weights",Not Applicable,Weight,2023M4,2.93
"FURNISHINGS, HOUSEHOLD EQUIPMENT AND ROUTINE MAINTENANCE OF THE HOUSE, weights",Not Applicable,Weight,2023M5,2.93
"FURNISHINGS, HOUSEHOLD EQUIPMENT AND ROUTINE MAINTENANCE OF THE HOUSE, weights",Not Applicable,Weight,2023M6,2.93
"FURNISHINGS, HOUSEHOLD EQUIPMENT AND ROUTINE MAINTENANCE OF THE HOUSE, weights",Not Applicable,Weight,2023M7,2.93
"FURNISHINGS, HOUSEHOLD EQUIPMENT AND ROUTINE MAINTENANCE OF THE HOUSE, weights",Not Applicable,Weight,2023M8,2.93
"FURNISHINGS, HOUSEHOLD EQUIPMENT AND ROUTINE MAINTENANCE OF THE HOUSE, weights",Not Applicable,Weight,2023M9,2.93
"FURNISHINGS, HOUSEHOLD EQUIPMENT AND ROUTINE MAINTENANCE OF THE HOUSE, weights",Not Applicable,Weight,2023M10,2.93
"FURNISHINGS, HOUSEHOLD EQUIPMENT AND ROUTINE MAINTENANCE OF THE HOUSE, weights",Not Applicable,Weight,2023M11,2.93
"FURNISHINGS, HOUSEHOLD EQUIPMENT AND ROUTINE MAINTENANCE OF THE HOUSE, weights",Not Applicable,Weight,2023M12,2.93
"FURNISHINGS, HOUSEHOLD EQUIPMENT AND ROUTINE MAINTENANCE OF THE HOUSE, weights",Not Applicable,Weight,2024M1,2.93
"FURNISHINGS, HOUSEHOLD EQUIPMENT AND ROUTINE MAINTENANCE OF THE HOUSE, weights",Not Applicable,Weight,2024M2,2.93
"FURNISHINGS, HOUSEHOLD EQUIPMENT AND ROUTINE MAINTENANCE OF THE HOUSE, weights",Not Applicable,Weight,2024M3,2.93
"FURNISHINGS, HOUSEHOLD EQUIPMENT AND ROUTINE MAINTENANCE OF THE HOUSE, weights",Not Applicable,Weight,2024M4,2.93
"FURNISHINGS, HOUSEHOLD EQUIPMENT AND ROUTINE MAINTENANCE OF THE HOUSE, weights",Not Applicable,Weight,2024M5,2.93
"FURNISHINGS, HOUSEHOLD EQUIPMENT AND ROUTINE MAINTENANCE OF THE HOUSE, weights",Not Applicable,Weight,2024M6,2.93
"FURNISHINGS, HOUSEHOLD EQUIPMENT AND ROUTINE MAINTENANCE OF THE HOUSE, weights",Not Applicable,Weight,2024M7,2.93
"FURNISHINGS, HOUSEHOLD EQUIPMENT AND ROUTINE MAINTENANCE OF THE HOUSE, weights",Not Applicable,Weight,2024M8,2.93
"FURNISHINGS, HOUSEHOLD EQUIPMENT AND ROUTINE MAINTENANCE OF THE HOUSE, weights",Not Applicable,Weight,2024M9,2.93
"FURNISHINGS, HOUSEHOLD EQUIPMENT AND ROUTINE MAINTENANCE OF THE HOUSE, weights",Not Applicable,Weight,2024M10,2.93
"FURNISHINGS, HOUSEHOLD EQUIPMENT AND ROUTINE MAINTENANCE OF THE HOUSE, weights",Not Applicable,Weight,2024M11,2.93
"FURNISHINGS, HOUSEHOLD EQUIPMENT AND ROUTINE MAINTENANCE OF THE HOUSE, weights",Not Applicable,Weight,2024M12,2.93
"HOUSING, WATER, ELECTRICITY, GAS AND OTHER FUELS, weights",Not Applicable,Weight,2014M12,23.41
"HOUSING, WATER, ELECTRICITY, GAS AND OTHER FUELS, weights",Not Applicable,Weight,2015M1,23.41
"HOUSING, WATER, ELECTRICITY, GAS AND OTHER FUELS, weights",Not Applicable,Weight,2015M2,23.41
"HOUSING, WATER, ELECTRICITY, GAS AND OTHER FUELS, weights",Not Applicable,Weight,2015M3,23.41
"HOUSING, WATER, ELECTRICITY, GAS AND OTHER FUELS, weights",Not Applicable,Weight,2015M4,23.41
"HOUSING, WATER, ELECTRICITY, GAS AND OTHER FUELS, weights",Not Applicable,Weight,2015M5,23.41
"HOUSING, WATER, ELECTRICITY, GAS AND OTHER FUELS, weights",Not Applicable,Weight,2015M6,23.41
"HOUSING, WATER, ELECTRICITY, GAS AND OTHER FUELS, weights",Not Applicable,Weight,2015M7,23.41
"HOUSING, WATER, ELECTRICITY, GAS AND OTHER FUELS, weights",Not Applicable,Weight,2015M8,23.41
"HOUSING, WATER, ELECTRICITY, GAS AND OTHER FUELS, weights",Not Applicable,Weight,2015M9,23.41
"HOUSING, WATER, ELECTRICITY, GAS AND OTHER FUELS, weights",Not Applicable,Weight,2015M10,23.41
"HOUSING, WATER, ELECTRICITY, GAS AND OTHER FUELS, weights",Not Applicable,Weight,2015M11,23.41
"HOUSING, WATER, ELECTRICITY, GAS AND OTHER FUELS, weights",Not Applicable,Weight,2015M12,23.41
"HOUSING, WATER, ELECTRICITY, GAS AND OTHER FUELS, weights",Not Applicable,Weight,2016M1,23.41
"HOUSING, WATER, ELECTRICITY, GAS AND OTHER FUELS, weights",Not Applicable,Weight,2016M2,23.41
"HOUSING, WATER, ELECTRICITY, GAS AND OTHER FUELS, weights",Not Applicable,Weight,2016M3,23.41
"HOUSING, WATER, ELECTRICITY, GAS AND OTHER FUELS, weights",Not Applicable,Weight,2016M4,23.41
"HOUSING, WATER, ELECTRICITY, GAS AND OTHER FUELS, weights",Not Applicable,Weight,2016M5,23.41
"HOUSING, WATER, ELECTRICITY, GAS AND OTHER FUELS, weights",Not Applicable,Weight,2016M6,23.41
"HOUSING, WATER, ELECTRICITY, GAS AND OTHER FUELS, weights",Not Applicable,Weight,2016M7,23.41
"HOUSING, WATER, ELECTRICITY, GAS AND OTHER FUELS, weights",Not Applicable,Weight,2016M8,23.41
"HOUSING, WATER, ELECTRICITY, GAS AND OTHER FUELS, weights",Not Applicable,Weight,2016M9,23.41
"HOUSING, WATER, ELECTRICITY, GAS AND OTHER FUELS, weights",Not Applicable,Weight,2016M10,23.41
"HOUSING, WATER, ELECTRICITY, GAS AND OTHER FUELS, weights",Not Applicable,Weight,2016M11,23.41
"HOUSING, WATER, ELECTRICITY, GAS AND OTHER FUELS, weights",Not Applicable,Weight,2016M12,23.41
"HOUSING, WATER, ELECTRICITY, GAS AND OTHER FUELS, weights",Not Applicable,Weight,2017M1,23.41
"HOUSING, WATER, ELECTRICITY, GAS AND OTHER FUELS, weights",Not Applicable,Weight,2017M2,23.41
"HOUSING, WATER, ELECTRICITY, GAS AND OTHER FUELS, weights",Not Applicable,Weight,2017M3,23.41
"HOUSING, WATER, ELECTRICITY, GAS AND OTHER FUELS, weights",Not Applicable,Weight,2017M4,23.41
"HOUSING, WATER, ELECTRICITY, GAS AND OTHER FUELS, weights",Not Applicable,Weight,2017M5,23.41
"HOUSING, WATER, ELECTRICITY, GAS AND OTHER FUELS, weights",Not Applicable,Weight,2017M6,23.41
"HOUSING, WATER, ELECTRICITY, GAS AND OTHER FUELS, weights",Not Applicable,Weight,2017M7,23.41
"HOUSING, WATER, ELECTRICITY, GAS AND OTHER FUELS, weights",Not Applicable,Weight,2017M8,23.41
"HOUSING, WATER, ELECTRICITY, GAS AND OTHER FUELS, weights",Not Applicable,Weight,2017M9,23.41
"HOUSING, WATER, ELECTRICITY, GAS AND OTHER FUELS, weights",Not Applicable,Weight,2017M10,23.41
"HOUSING, WATER, ELECTRICITY, GAS AND OTHER FUELS, weights",Not Applicable,Weight,2017M11,23.41
"HOUSING, WATER, ELECTRICITY, GAS AND OTHER FUELS, weights",Not Applicable,Weight,2017M12,23.41
"HOUSING, WATER, ELECTRICITY, GAS AND OTHER FUELS, weights",Not Applicable,Weight,2018M1,23.41
"HOUSING, WATER, ELECTRICITY, GAS AND OTHER FUELS, weights",Not Applicable,Weight,2018M2,23.41
"HOUSING, WATER, ELECTRICITY, GAS AND OTHER FUELS, weights",Not Applicable,Weight,2018M3,23.41
"HOUSING, WATER, ELECTRICITY, GAS AND OTHER FUELS, weights",Not Applicable,Weight,2018M4,23.41
"HOUSING, WATER, ELECTRICITY, GAS AND OTHER FUELS, weights",Not Applicable,Weight,2018M5,23.41
"HOUSING, WATER, ELECTRICITY, GAS AND OTHER FUELS, weights",Not Applicable,Weight,2018M6,23.41
"HOUSING, WATER, ELECTRICITY, GAS AND OTHER FUELS, weights",Not Applicable,Weight,2018M7,23.41
"HOUSING, WATER, ELECTRICITY, GAS AND OTHER FUELS, weights",Not Applicable,Weight,2018M8,23.41
"HOUSING, WATER, ELECTRICITY, GAS AND OTHER FUELS, weights",Not Applicable,Weight,2018M9,23.41
"HOUSING, WATER, ELECTRICITY, GAS AND OTHER FUELS, weights",Not Applicable,Weight,2018M10,23.41
"HOUSING, WATER, ELECTRICITY, GAS AND OTHER FUELS, weights",Not Applicable,Weight,2018M11,23.41
"HOUSING, WATER, ELECTRICITY, GAS AND OTHER FUELS, weights",Not Applicable,Weight,2018M12,23.41
"HOUSING, WATER, ELECTRICITY, GAS AND OTHER FUELS, weights",Not Applicable,Weight,2019M1,23.41
"HOUSING, WATER, ELECTRICITY, GAS AND OTHER FUELS, weights",Not Applicable,Weight,2019M2,23.41
"HOUSING, WATER, ELECTRICITY, GAS AND OTHER FUELS, weights",Not Applicable,Weight,2019M3,23.41
"HOUSING, WATER, ELECTRICITY, GAS AND OTHER FUELS, weights",Not Applicable,Weight,2019M4,23.41
"HOUSING, WATER, ELECTRICITY, GAS AND OTHER FUELS, weights",Not Applicable,Weight,2019M5,23.41
"HOUSING, WATER, ELECTRICITY, GAS AND OTHER FUELS, weights",Not Applicable,Weight,2019M6,23.41
"HOUSING, WATER, ELECTRICITY, GAS AND OTHER FUELS, weights",Not Applicable,Weight,2019M7,23.41
"HOUSING, WATER, ELECTRICITY, GAS AND OTHER FUELS, weights",Not Applicable,Weight,2019M8,23.41
"HOUSING, WATER, ELECTRICITY, GAS AND OTHER FUELS, weights",Not Applicable,Weight,2019M9,23.41
"HOUSING, WATER, ELECTRICITY, GAS AND OTHER FUELS, weights",Not Applicable,Weight,2019M10,23.41
"HOUSING, WATER, ELECTRICITY, GAS AND OTHER FUELS, weights",Not Applicable,Weight,2019M11,23.41
"HOUSING, WATER, ELECTRICITY, GAS AND OTHER FUELS, weights",Not Applicable,Weight,2019M12,23.41
"HOUSING, WATER, ELECTRICITY, GAS AND OTHER FUELS, weights",Not Applicable,Weight,2020M1,23.41
"HOUSING, WATER, ELECTRICITY, GAS AND OTHER FUELS, weights",Not Applicable,Weight,2020M2,23.41
"HOUSING, WATER, ELECTRICITY, GAS AND OTHER FUELS, weights",Not Applicable,Weight,2020M3,23.41
"HOUSING, WATER, ELECTRICITY, GAS AND OTHER FUELS, weights",Not Applicable,Weight,2020M4,23.41
"HOUSING, WATER, ELECTRICITY, GAS AND OTHER FUELS, weights",Not Applicable,Weight,2020M5,23.41
"HOUSING, WATER, ELECTRICITY, GAS AND OTHER FUELS, weights",Not Applicable,Weight,2020M6,23.41
"HOUSING, WATER, ELECTRICITY, GAS AND OTHER FUELS, weights",Not Applicable,Weight,2020M7,23.41
"HOUSING, WATER, ELECTRICITY, GAS AND OTHER FUELS, weights",Not Applicable,Weight,2020M8,23.41
"HOUSING, WATER, ELECTRICITY, GAS AND OTHER FUELS, weights",Not Applicable,Weight,2020M9,23.41
"HOUSING, WATER, ELECTRICITY, GAS AND OTHER FUELS, weights",Not Applicable,Weight,2020M10,23.41
"HOUSING, WATER, ELECTRICITY, GAS AND OTHER FUELS, weights",Not Applicable,Weight,2020M11,23.41
"HOUSING, WATER, ELECTRICITY, GAS AND OTHER FUELS, weights",Not Applicable,Weight,2020M12,23.41
"HOUSING, WATER, ELECTRICITY, GAS AND OTHER FUELS, weights",Not Applicable,Weight,2021M1,23.41
"HOUSING, WATER, ELECTRICITY, GAS AND OTHER FUELS, weights",Not Applicable,Weight,2021M2,23.41
"HOUSING, WATER, ELECTRICITY, GAS AND OTHER FUELS, weights",Not Applicable,Weight,2021M3,23.41
"HOUSING, WATER, ELECTRICITY, GAS AND OTHER FUELS, weights",Not Applicable,Weight,2021M4,23.41
"HOUSING, WATER, ELECTRICITY, GAS AND OTHER FUELS, weights",Not Applicable,Weight,2021M5,23.41
"HOUSING, WATER, ELECTRICITY, GAS AND OTHER FUELS, weights",Not Applicable,Weight,2021M6,23.41
"HOUSING, WATER, ELECTRICITY, GAS AND OTHER FUELS, weights",Not Applicable,Weight,2021M7,23.41
"HOUSING, WATER, ELECTRICITY, GAS AND OTHER FUELS, weights",Not Applicable,Weight,2021M8,23.41
"HOUSING, WATER, ELECTRICITY, GAS AND OTHER FUELS, weights",Not Applicable,Weight,2021M9,23.41
"HOUSING, WATER, ELECTRICITY, GAS AND OTHER FUELS, weights",Not Applicable,Weight,2021M10,23.41
"HOUSING, WATER, ELECTRICITY, GAS AND OTHER FUELS, weights",Not Applicable,Weight,2021M11,23.41
"HOUSING, WATER, ELECTRICITY, GAS AND OTHER FUELS, weights",Not Applicable,Weight,2021M12,23.41
"HOUSING, WATER, ELECTRICITY, GAS AND OTHER FUELS, weights",Not Applicable,Weight,2022M1,23.41
"HOUSING, WATER, ELECTRICITY, GAS AND OTHER FUELS, weights",Not Applicable,Weight,2022M2,23.41
"HOUSING, WATER, ELECTRICITY, GAS AND OTHER FUELS, weights",Not Applicable,Weight,2022M3,23.41
"HOUSING, WATER, ELECTRICITY, GAS AND OTHER FUELS, weights",Not Applicable,Weight,2022M4,23.41
"HOUSING, WATER, ELECTRICITY, GAS AND OTHER FUELS, weights",Not Applicable,Weight,2022M5,23.41
"HOUSING, WATER, ELECTRICITY, GAS AND OTHER FUELS, weights",Not Applicable,Weight,2022M6,23.41
"HOUSING, WATER, ELECTRICITY, GAS AND OTHER FUELS, weights",Not Applicable,Weight,2022M7,23.41
"HOUSING, WATER, ELECTRICITY, GAS AND OTHER FUELS, weights",Not Applicable,Weight,2022M8,23.41
"HOUSING, WATER, ELECTRICITY, GAS AND OTHER FUELS, weights",Not Applicable,Weight,2022M9,23.41
"HOUSING, WATER, ELECTRICITY, GAS AND OTHER FUELS, weights",Not Applicable,Weight,2022M10,23.41
"HOUSING, WATER, ELECTRICITY, GAS AND OTHER FUELS, weights",Not Applicable,Weight,2022M11,23.41
"HOUSING, WATER, ELECTRICITY, GAS AND OTHER FUELS, weights",Not Applicable,Weight,2022M12,23.41
"HOUSING, WATER, ELECTRICITY, GAS AND OTHER FUELS, weights",Not Applicable,Weight,2023M1,23.41
"HOUSING, WATER, ELECTRICITY, GAS AND OTHER FUELS, weights",Not Applicable,Weight,2023M2,23.41
"HOUSING, WATER, ELECTRICITY, GAS AND OTHER FUELS, weights",Not Applicable,Weight,2023M3,23.41
"HOUSING, WATER, ELECTRICITY, GAS AND OTHER FUELS, weights",Not Applicable,Weight,2023M4,23.41
"HOUSING, WATER, ELECTRICITY, GAS AND OTHER FUELS, weights",Not Applicable,Weight,2023M5,23.41
"HOUSING, WATER, ELECTRICITY, GAS AND OTHER FUELS, weights",Not Applicable,Weight,2023M6,23.41
"HOUSING, WATER, ELECTRICITY, GAS AND OTHER FUELS, weights",Not Applicable,Weight,2023M7,23.41
"HOUSING, WATER, ELECTRICITY, GAS AND OTHER FUELS, weights",Not Applicable,Weight,2023M8,23.41
"HOUSING, WATER, ELECTRICITY, GAS AND OTHER FUELS, weights",Not Applicable,Weight,2023M9,23.41
"HOUSING, WATER, ELECTRICITY, GAS AND OTHER FUELS, weights",Not Applicable,Weight,2023M10,23.41
"HOUSING, WATER, ELECTRICITY, GAS AND OTHER FUELS, weights",Not Applicable,Weight,2023M11,23.41
"HOUSING, WATER, ELECTRICITY, GAS AND OTHER FUELS, weights",Not Applicable,Weight,2023M12,23.41
"HOUSING, WATER, ELECTRICITY, GAS AND OTHER FUELS, weights",Not Applicable,Weight,2024M1,23.41
"HOUSING, WATER, ELECTRICITY, GAS AND OTHER FUELS, weights",Not Applicable,Weight,2024M2,23.41
"HOUSING, WATER, ELECTRICITY, GAS AND OTHER FUELS, weights",Not Applicable,Weight,2024M3,23.41
"HOUSING, WATER, ELECTRICITY, GAS AND OTHER FUELS, weights",Not Applicable,Weight,2024M4,23.41
"HOUSING, WATER, ELECTRICITY, GAS AND OTHER FUELS, weights",Not Applicable,Weight,2024M5,23.41
"HOUSING, WATER, ELECTRICITY, GAS AND OTHER FUELS, weights",Not Applicable,Weight,2024M6,23.41
"HOUSING, WATER, ELECTRICITY, GAS AND OTHER FUELS, weights",Not Applicable,Weight,2024M7,23.41
"HOUSING, WATER, ELECTRICITY, GAS AND OTHER FUELS, weights",Not Applicable,Weight,2024M8,23.41
"HOUSING, WATER, ELECTRICITY, GAS AND OTHER FUELS, weights",Not Applicable,Weight,2024M9,23.41
"HOUSING, WATER, ELECTRICITY, GAS AND OTHER FUELS, weights",Not Applicable,Weight,2024M10,23.41
"HOUSING, WATER, ELECTRICITY, GAS AND OTHER FUELS, weights",Not Applicable,Weight,2024M11,23.41
"HOUSING, WATER, ELECTRICITY, GAS AND OTHER FUELS, weights",Not Applicable,Weight,2024M12,23.41
"HEALTH, weights",Not Applicable,Weight,2014M12,5
"HEALTH, weights",Not Applicable,Weight,2015M1,5
"HEALTH, weights",Not Applicable,Weight,2015M2,5
"HEALTH, weights",Not Applicable,Weight,2015M3,5
"HEALTH, weights",Not Applicable,Weight,2015M4,5
"HEALTH, weights",Not Applicable,Weight,2015M5,5
"HEALTH, weights",Not Applicable,Weight,2015M6,5
"HEALTH, weights",Not Applicable,Weight,2015M7,5
"HEALTH, weights",Not Applicable,Weight,2015M8,5
"HEALTH, weights",Not Applicable,Weight,2015M9,5
"HEALTH, weights",Not Applicable,Weight,2015M10,5
"HEALTH, weights",Not Applicable,Weight,2015M11,5
"HEALTH, weights",Not Applicable,Weight,2015M12,5
"HEALTH, weights",Not Applicable,Weight,2016M1,5
"HEALTH, weights",Not Applicable,Weight,2016M2,5
"HEALTH, weights",Not Applicable,Weight,2016M3,5
"HEALTH, weights",Not Applicable,Weight,2016M4,5
"HEALTH, weights",Not Applicable,Weight,2016M5,5
"HEALTH, weights",Not Applicable,Weight,2016M6,5
"HEALTH, weights",Not Applicable,Weight,2016M7,5
"HEALTH, weights",Not Applicable,Weight,2016M8,5
"HEALTH, weights",Not Applicable,Weight,2016M9,5
"HEALTH, weights",Not Applicable,Weight,2016M10,5
"HEALTH, weights",Not Applicable,Weight,2016M11,5
"HEALTH, weights",Not Applicable,Weight,2016M12,5
"HEALTH, weights",Not Applicable,Weight,2017M1,5
"HEALTH, weights",Not Applicable,Weight,2017M2,5
"HEALTH, weights",Not Applicable,Weight,2017M3,5
"HEALTH, weights",Not Applicable,Weight,2017M4,5
"HEALTH, weights",Not Applicable,Weight,2017M5,5
"HEALTH, weights",Not Applicable,Weight,2017M6,5
"HEALTH, weights",Not Applicable,Weight,2017M7,5
"HEALTH, weights",Not Applicable,Weight,2017M8,5
"HEALTH, weights",Not Applicable,Weight,2017M9,5
"HEALTH, weights",Not Applicable,Weight,2017M10,5
"HEALTH, weights",Not Applicable,Weight,2017M11,5
"HEALTH, weights",Not Applicable,Weight,2017M12,5
"HEALTH, weights",Not Applicable,Weight,2018M1,5
"HEALTH, weights",Not Applicable,Weight,2018M2,5
"HEALTH, weights",Not Applicable,Weight,2018M3,5
"HEALTH, weights",Not Applicable,Weight,2018M4,5
"HEALTH, weights",Not Applicable,Weight,2018M5,5
"HEALTH, weights",Not Applicable,Weight,2018M6,5
"HEALTH, weights",Not Applicable,Weight,2018M7,5
"HEALTH, weights",Not Applicable,Weight,2018M8,5
"HEALTH, weights",Not Applicable,Weight,2018M9,5
"HEALTH, weights",Not Applicable,Weight,2018M10,5
"HEALTH, weights",Not Applicable,Weight,2018M11,5
"HEALTH, weights",Not Applicable,Weight,2018M12,5
"HEALTH, weights",Not Applicable,Weight,2019M1,5
"HEALTH, weights",Not Applicable,Weight,2019M2,5
"HEALTH, weights",Not Applicable,Weight,2019M3,5
"HEALTH, weights",Not Applicable,Weight,2019M4,5
"HEALTH, weights",Not Applicable,Weight,2019M5,5
"HEALTH, weights",Not Applicable,Weight,2019M6,5
"HEALTH, weights",Not Applicable,Weight,2019M7,5
"HEALTH, weights",Not Applicable,Weight,2019M8,5
"HEALTH, weights",Not Applicable,Weight,2019M9,5
"HEALTH, weights",Not Applicable,Weight,2019M10,5
"HEALTH, weights",Not Applicable,Weight,2019M11,5
"HEALTH, weights",Not Applicable,Weight,2019M12,5
"HEALTH, weights",Not Applicable,Weight,2020M1,5
"HEALTH, weights",Not Applicable,Weight,2020M2,5
"HEALTH, weights",Not Applicable,Weight,2020M3,5
"HEALTH, weights",Not Applicable,Weight,2020M4,5
"HEALTH, weights",Not Applicable,Weight,2020M5,5
"HEALTH, weights",Not Applicable,Weight,2020M6,5
"HEALTH, weights",Not Applicable,Weight,2020M7,5
"HEALTH, weights",Not Applicable,Weight,2020M8,5
"HEALTH, weights",Not Applicable,Weight,2020M9,5
"HEALTH, weights",Not Applicable,Weight,2020M10,5
"HEALTH, weights",Not Applicable,Weight,2020M11,5
"HEALTH, weights",Not Applicable,Weight,2020M12,5
"HEALTH, weights",Not Applicable,Weight,2021M1,5
"HEALTH, weights",Not Applicable,Weight,2021M2,5
"HEALTH, weights",Not Applicable,Weight,2021M3,5
"HEALTH, weights",Not Applicable,Weight,2021M4,5
"HEALTH, weights",Not Applicable,Weight,2021M5,5
"HEALTH, weights",Not Applicable,Weight,2021M6,5
"HEALTH, weights",Not Applicable,Weight,2021M7,5
"HEALTH, weights",Not Applicable,Weight,2021M8,5
"HEALTH, weights",Not Applicable,Weight,2021M9,5
"HEALTH, weights",Not Applicable,Weight,2021M10,5
"HEALTH, weights",Not Applicable,Weight,2021M11,5
"HEALTH, weights",Not Applicable,Weight,2021M12,5
"HEALTH, weights",Not Applicable,Weight,2022M1,5
"HEALTH, weights",Not Applicable,Weight,2022M2,5
"HEALTH, weights",Not Applicable,Weight,2022M3,5
"HEALTH, weights",Not Applicable,Weight,2022M4,5
"HEALTH, weights",Not Applicable,Weight,2022M5,5
"HEALTH, weights",Not Applicable,Weight,2022M6,5
"HEALTH, weights",Not Applicable,Weight,2022M7,5
"HEALTH, weights",Not Applicable,Weight,2022M8,5
"HEALTH, weights",Not Applicable,Weight,2022M9,5
"HEALTH, weights",Not Applicable,Weight,2022M10,5
"HEALTH, weights",Not Applicable,Weight,2022M11,5
"HEALTH, weights",Not Applicable,Weight,2022M12,5
"HEALTH, weights",Not Applicable,Weight,2023M1,5
"HEALTH, weights",Not Applicable,Weight,2023M2,5
"HEALTH, weights",Not Applicable,Weight,2023M3,5
"HEALTH, weights",Not Applicable,Weight,2023M4,5
"HEALTH, weights",Not Applicable,Weight,2023M5,5
"HEALTH, weights",Not Applicable,Weight,2023M6,5
"HEALTH, weights",Not Applicable,Weight,2023M7,5
"HEALTH, weights",Not Applicable,Weight,2023M8,5
"HEALTH, weights",Not Applicable,Weight,2023M9,5
"HEALTH, weights",Not Applicable,Weight,2023M10,5
"HEALTH, weights",Not Applicable,Weight,2023M11,5
"HEALTH, weights",Not Applicable,Weight,2023M12,5
"HEALTH, weights",Not Applicable,Weight,2024M1,5
"HEALTH, weights",Not Applicable,Weight,2024M2,5
"HEALTH, weights",Not Applicable,Weight,2024M3,5
"HEALTH, weights",Not Applicable,Weight,2024M4,5
"HEALTH, weights",Not Applicable,Weight,2024M5,5
"HEALTH, weights",Not Applicable,Weight,2024M6,5
"HEALTH, weights",Not Applicable,Weight,2024M7,5
"HEALTH, weights",Not Applicable,Weight,2024M8,5
"HEALTH, weights",Not Applicable,Weight,2024M9,5
"HEALTH, weights",Not Applicable,Weight,2024M10,5
"HEALTH, weights",Not Applicable,Weight,2024M11,5
"HEALTH, weights",Not Applicable,Weight,2024M12,5
"TRANSPORT, weights",Not Applicable,Weight,2014M12,3.77
"TRANSPORT, weights",Not Applicable,Weight,2015M1,3.77
"TRANSPORT, weights",Not Applicable,Weight,2015M2,3.77
"TRANSPORT, weights",Not Applicable,Weight,2015M3,3.77
"TRANSPORT, weights",Not Applicable,Weight,2015M4,3.77
"TRANSPORT, weights",Not Applicable,Weight,2015M5,3.77
"TRANSPORT, weights",Not Applicable,Weight,2015M6,3.77
"TRANSPORT, weights",Not Applicable,Weight,2015M7,3.77
"TRANSPORT, weights",Not Applicable,Weight,2015M8,3.77
"TRANSPORT, weights",Not Applicable,Weight,2015M9,3.77
"TRANSPORT, weights",Not Applicable,Weight,2015M10,3.77
"TRANSPORT, weights",Not Applicable,Weight,2015M11,3.77
"TRANSPORT, weights",Not Applicable,Weight,2015M12,3.77
"TRANSPORT, weights",Not Applicable,Weight,2016M1,3.77
"TRANSPORT, weights",Not Applicable,Weight,2016M2,3.77
"TRANSPORT, weights",Not Applicable,Weight,2016M3,3.77
"TRANSPORT, weights",Not Applicable,Weight,2016M4,3.77
"TRANSPORT, weights",Not Applicable,Weight,2016M5,3.77
"TRANSPORT, weights",Not Applicable,Weight,2016M6,3.77
"TRANSPORT, weights",Not Applicable,Weight,2016M7,3.77
"TRANSPORT, weights",Not Applicable,Weight,2016M8,3.77
"TRANSPORT, weights",Not Applicable,Weight,2016M9,3.77
"TRANSPORT, weights",Not Applicable,Weight,2016M10,3.77
"TRANSPORT, weights",Not Applicable,Weight,2016M11,3.77
"TRANSPORT, weights",Not Applicable,Weight,2016M12,3.77
"TRANSPORT, weights",Not Applicable,Weight,2017M1,3.77
"TRANSPORT, weights",Not Applicable,Weight,2017M2,3.77
"TRANSPORT, weights",Not Applicable,Weight,2017M3,3.77
"TRANSPORT, weights",Not Applicable,Weight,2017M4,3.77
"TRANSPORT, weights",Not Applicable,Weight,2017M5,3.77
"TRANSPORT, weights",Not Applicable,Weight,2017M6,3.77
"TRANSPORT, weights",Not Applicable,Weight,2017M7,3.77
"TRANSPORT, weights",Not Applicable,Weight,2017M8,3.77
"TRANSPORT, weights",Not Applicable,Weight,2017M9,3.77
"TRANSPORT, weights",Not Applicable,Weight,2017M10,3.77
"TRANSPORT, weights",Not Applicable,Weight,2017M11,3.77
"TRANSPORT, weights",Not Applicable,Weight,2017M12,3.77
"TRANSPORT, weights",Not Applicable,Weight,2018M1,3.77
"TRANSPORT, weights",Not Applicable,Weight,2018M2,3.77
"TRANSPORT, weights",Not Applicable,Weight,2018M3,3.77
"TRANSPORT, weights",Not Applicable,Weight,2018M4,3.77
"TRANSPORT, weights",Not Applicable,Weight,2018M5,3.77
"TRANSPORT, weights",Not Applicable,Weight,2018M6,3.77
"TRANSPORT, weights",Not Applicable,Weight,2018M7,3.77
"TRANSPORT, weights",Not Applicable,Weight,2018M8,3.77
"TRANSPORT, weights",Not Applicable,Weight,2018M9,3.77
"TRANSPORT, weights",Not Applicable,Weight,2018M10,3.77
"TRANSPORT, weights",Not Applicable,Weight,2018M11,3.77
"TRANSPORT, weights",Not Applicable,Weight,2018M12,3.77
"TRANSPORT, weights",Not Applicable,Weight,2019M1,3.77
"TRANSPORT, weights",Not Applicable,Weight,2019M2,3.77
"TRANSPORT, weights",Not Applicable,Weight,2019M3,3.77
"TRANSPORT, weights",Not Applicable,Weight,2019M4,3.77
"TRANSPORT, weights",Not Applicable,Weight,2019M5,3.77
"TRANSPORT, weights",Not Applicable,Weight,2019M6,3.77
"TRANSPORT, weights",Not Applicable,Weight,2019M7,3.77
"TRANSPORT, weights",Not Applicable,Weight,2019M8,3.77
"TRANSPORT, weights",Not Applicable,Weight,2019M9,3.77
"TRANSPORT, weights",Not Applicable,Weight,2019M10,3.77
"TRANSPORT, weights",Not Applicable,Weight,2019M11,3.77
"TRANSPORT, weights",Not Applicable,Weight,2019M12,3.77
"TRANSPORT, weights",Not Applicable,Weight,2020M1,3.77
"TRANSPORT, weights",Not Applicable,Weight,2020M2,3.77
"TRANSPORT, weights",Not Applicable,Weight,2020M3,3.77
"TRANSPORT, weights",Not Applicable,Weight,2020M4,3.77
"TRANSPORT, weights",Not Applicable,Weight,2020M5,3.77
"TRANSPORT, weights",Not Applicable,Weight,2020M6,3.77
"TRANSPORT, weights",Not Applicable,Weight,2020M7,3.77
"TRANSPORT, weights",Not Applicable,Weight,2020M8,3.77
"TRANSPORT, weights",Not Applicable,Weight,2020M9,3.77
"TRANSPORT, weights",Not Applicable,Weight,2020M10,3.77
"TRANSPORT, weights",Not Applicable,Weight,2020M11,3.77
"TRANSPORT, weights",Not Applicable,Weight,2020M12,3.77
"TRANSPORT, weights",Not Applicable,Weight,2021M1,3.77
"TRANSPORT, weights",Not Applicable,Weight,2021M2,3.77
"TRANSPORT, weights",Not Applicable,Weight,2021M3,3.77
"TRANSPORT, weights",Not Applicable,Weight,2021M4,3.77
"TRANSPORT, weights",Not Applicable,Weight,2021M5,3.77
"TRANSPORT, weights",Not Applicable,Weight,2021M6,3.77
"TRANSPORT, weights",Not Applicable,Weight,2021M7,3.77
"TRANSPORT, weights",Not Applicable,Weight,2021M8,3.77
"TRANSPORT, weights",Not Applicable,Weight,2021M9,3.77
"TRANSPORT, weights",Not Applicable,Weight,2021M10,3.77
"TRANSPORT, weights",Not Applicable,Weight,2021M11,3.77
"TRANSPORT, weights",Not Applicable,Weight,2021M12,3.77
"TRANSPORT, weights",Not Applicable,Weight,2022M1,3.77
"TRANSPORT, weights",Not Applicable,Weight,2022M2,3.77
"TRANSPORT, weights",Not Applicable,Weight,2022M3,3.77
"TRANSPORT, weights",Not Applicable,Weight,2022M4,3.77
"TRANSPORT, weights",Not Applicable,Weight,2022M5,3.77
"TRANSPORT, weights",Not Applicable,Weight,2022M6,3.77
"TRANSPORT, weights",Not Applicable,Weight,2022M7,3.77
"TRANSPORT, weights",Not Applicable,Weight,2022M8,3.77
"TRANSPORT, weights",Not Applicable,Weight,2022M9,3.77
"TRANSPORT, weights",Not Applicable,Weight,2022M10,3.77
"TRANSPORT, weights",Not Applicable,Weight,2022M11,3.77
"TRANSPORT, weights",Not Applicable,Weight,2022M12,3.77
"TRANSPORT, weights",Not Applicable,Weight,2023M1,3.77
"TRANSPORT, weights",Not Applicable,Weight,2023M2,3.77
"TRANSPORT, weights",Not Applicable,Weight,2023M3,3.77
"TRANSPORT, weights",Not Applicable,Weight,2023M4,3.77
"TRANSPORT, weights",Not Applicable,Weight,2023M5,3.77
"TRANSPORT, weights",Not Applicable,Weight,2023M6,3.77
"TRANSPORT, weights",Not Applicable,Weight,2023M7,3.77
"TRANSPORT, weights",Not Applicable,Weight,2023M8,3.77
"TRANSPORT, weights",Not Applicable,Weight,2023M9,3.77
"TRANSPORT, weights",Not Applicable,Weight,2023M10,3.77
"TRANSPORT, weights",Not Applicable,Weight,2023M11,3.77
"TRANSPORT, weights",Not Applicable,Weight,2023M12,3.77
"TRANSPORT, weights",Not Applicable,Weight,2024M1,3.77
"TRANSPORT, weights",Not Applicable,Weight,2024M2,3.77
"TRANSPORT, weights",Not Applicable,Weight,2024M3,3.77
"TRANSPORT, weights",Not Applicable,Weight,2024M4,3.77
"TRANSPORT, weights",Not Applicable,Weight,2024M5,3.77
"TRANSPORT, weights",Not Applicable,Weight,2024M6,3.77
"TRANSPORT, weights",Not Applicable,Weight,2024M7,3.77
"TRANSPORT, weights",Not Applicable,Weight,2024M8,3.77
"TRANSPORT, weights",Not Applicable,Weight,2024M9,3.77
"TRANSPORT, weights",Not Applicable,Weight,2024M10,3.77
"TRANSPORT, weights",Not Applicable,Weight,2024M11,3.77
"TRANSPORT, weights",Not Applicable,Weight,2024M12,3.77
"COMMUNICATION, weights",Not Applicable,Weight,2014M12,2.8
"COMMUNICATION, weights",Not Applicable,Weight,2015M1,2.8
"COMMUNICATION, weights",Not Applicable,Weight,2015M2,2.8
"COMMUNICATION, weights",Not Applicable,Weight,2015M3,2.8
"COMMUNICATION, weights",Not Applicable,Weight,2015M4,2.8
"COMMUNICATION, weights",Not Applicable,Weight,2015M5,2.8
"COMMUNICATION, weights",Not Applicable,Weight,2015M6,2.8
"COMMUNICATION, weights",Not Applicable,Weight,2015M7,2.8
"COMMUNICATION, weights",Not Applicable,Weight,2015M8,2.8
"COMMUNICATION, weights",Not Applicable,Weight,2015M9,2.8
"COMMUNICATION, weights",Not Applicable,Weight,2015M10,2.8
"COMMUNICATION, weights",Not Applicable,Weight,2015M11,2.8
"COMMUNICATION, weights",Not Applicable,Weight,2015M12,2.8
"COMMUNICATION, weights",Not Applicable,Weight,2016M1,2.8
"COMMUNICATION, weights",Not Applicable,Weight,2016M2,2.8
"COMMUNICATION, weights",Not Applicable,Weight,2016M3,2.8
"COMMUNICATION, weights",Not Applicable,Weight,2016M4,2.8
"COMMUNICATION, weights",Not Applicable,Weight,2016M5,2.8
"COMMUNICATION, weights",Not Applicable,Weight,2016M6,2.8
"COMMUNICATION, weights",Not Applicable,Weight,2016M7,2.8
"COMMUNICATION, weights",Not Applicable,Weight,2016M8,2.8
"COMMUNICATION, weights",Not Applicable,Weight,2016M9,2.8
"COMMUNICATION, weights",Not Applicable,Weight,2016M10,2.8
"COMMUNICATION, weights",Not Applicable,Weight,2016M11,2.8
"COMMUNICATION, weights",Not Applicable,Weight,2016M12,2.8
"COMMUNICATION, weights",Not Applicable,Weight,2017M1,2.8
"COMMUNICATION, weights",Not Applicable,Weight,2017M2,2.8
"COMMUNICATION, weights",Not Applicable,Weight,2017M3,2.8
"COMMUNICATION, weights",Not Applicable,Weight,2017M4,2.8
"COMMUNICATION, weights",Not Applicable,Weight,2017M5,2.8
"COMMUNICATION, weights",Not Applicable,Weight,2017M6,2.8
"COMMUNICATION, weights",Not Applicable,Weight,2017M7,2.8
"COMMUNICATION, weights",Not Applicable,Weight,2017M8,2.8
"COMMUNICATION, weights",Not Applicable,Weight,2017M9,2.8
"COMMUNICATION, weights",Not Applicable,Weight,2017M10,2.8
"COMMUNICATION, weights",Not Applicable,Weight,2017M11,2.8
"COMMUNICATION, weights",Not Applicable,Weight,2017M12,2.8
"COMMUNICATION, weights",Not Applicable,Weight,2018M1,2.8
"COMMUNICATION, weights",Not Applicable,Weight,2018M2,2.8
"COMMUNICATION, weights",Not Applicable,Weight,2018M3,2.8
"COMMUNICATION, weights",Not Applicable,Weight,2018M4,2.8
"COMMUNICATION, weights",Not Applicable,Weight,2018M5,2.8
"COMMUNICATION, weights",Not Applicable,Weight,2018M6,2.8
"COMMUNICATION, weights",Not Applicable,Weight,2018M7,2.8
"COMMUNICATION, weights",Not Applicable,Weight,2018M8,2.8
"COMMUNICATION, weights",Not Applicable,Weight,2018M9,2.8
"COMMUNICATION, weights",Not Applicable,Weight,2018M10,2.8
"COMMUNICATION, weights",Not Applicable,Weight,2018M11,2.8
"COMMUNICATION, weights",Not Applicable,Weight,2018M12,2.8
"COMMUNICATION, weights",Not Applicable,Weight,2019M1,2.8
"COMMUNICATION, weights",Not Applicable,Weight,2019M2,2.8
"COMMUNICATION, weights",Not Applicable,Weight,2019M3,2.8
"COMMUNICATION, weights",Not Applicable,Weight,2019M4,2.8
"COMMUNICATION, weights",Not Applicable,Weight,2019M5,2.8
"COMMUNICATION, weights",Not Applicable,Weight,2019M6,2.8
"COMMUNICATION, weights",Not Applicable,Weight,2019M7,2.8
"COMMUNICATION, weights",Not Applicable,Weight,2019M8,2.8
"COMMUNICATION, weights",Not Applicable,Weight,2019M9,2.8
"COMMUNICATION, weights",Not Applicable,Weight,2019M10,2.8
"COMMUNICATION, weights",Not Applicable,Weight,2019M11,2.8
"COMMUNICATION, weights",Not Applicable,Weight,2019M12,2.8
"COMMUNICATION, weights",Not Applicable,Weight,2020M1,2.8
"COMMUNICATION, weights",Not Applicable,Weight,2020M2,2.8
"COMMUNICATION, weights",Not Applicable,Weight,2020M3,2.8
"COMMUNICATION, weights",Not Applicable,Weight,2020M4,2.8
"COMMUNICATION, weights",Not Applicable,Weight,2020M5,2.8
"COMMUNICATION, weights",Not Applicable,Weight,2020M6,2.8
"COMMUNICATION, weights",Not Applicable,Weight,2020M7,2.8
"COMMUNICATION, weights",Not Applicable,Weight,2020M8,2.8
"COMMUNICATION, weights",Not Applicable,Weight,2020M9,2.8
"COMMUNICATION, weights",Not Applicable,Weight,2020M10,2.8
"COMMUNICATION, weights",Not Applicable,Weight,2020M11,2.8
"COMMUNICATION, weights",Not Applicable,Weight,2020M12,2.8
"COMMUNICATION, weights",Not Applicable,Weight,2021M1,2.8
"COMMUNICATION, weights",Not Applicable,Weight,2021M2,2.8
"COMMUNICATION, weights",Not Applicable,Weight,2021M3,2.8
"COMMUNICATION, weights",Not Applicable,Weight,2021M4,2.8
"COMMUNICATION, weights",Not Applicable,Weight,2021M5,2.8
"COMMUNICATION, weights",Not Applicable,Weight,2021M6,2.8
"COMMUNICATION, weights",Not Applicable,Weight,2021M7,2.8
"COMMUNICATION, weights",Not Applicable,Weight,2021M8,2.8
"COMMUNICATION, weights",Not Applicable,Weight,2021M9,2.8
"COMMUNICATION, weights",Not Applicable,Weight,2021M10,2.8
"COMMUNICATION, weights",Not Applicable,Weight,2021M11,2.8
"COMMUNICATION, weights",Not Applicable,Weight,2021M12,2.8
"COMMUNICATION, weights",Not Applicable,Weight,2022M1,2.8
"COMMUNICATION, weights",Not Applicable,Weight,2022M2,2.8
"COMMUNICATION, weights",Not Applicable,Weight,2022M3,2.8
"COMMUNICATION, weights",Not Applicable,Weight,2022M4,2.8
"COMMUNICATION, weights",Not Applicable,Weight,2022M5,2.8
"COMMUNICATION, weights",Not Applicable,Weight,2022M6,2.8
"COMMUNICATION, weights",Not Applicable,Weight,2022M7,2.8
"COMMUNICATION, weights",Not Applicable,Weight,2022M8,2.8
"COMMUNICATION, weights",Not Applicable,Weight,2022M9,2.8
"COMMUNICATION, weights",Not Applicable,Weight,2022M10,2.8
"COMMUNICATION, weights",Not Applicable,Weight,2022M11,2.8
"COMMUNICATION, weights",Not Applicable,Weight,2022M12,2.8
"COMMUNICATION, weights",Not Applicable,Weight,2023M1,2.8
"COMMUNICATION, weights",Not Applicable,Weight,2023M2,2.8
"COMMUNICATION, weights",Not Applicable,Weight,2023M3,2.8
"COMMUNICATION, weights",Not Applicable,Weight,2023M4,2.8
"COMMUNICATION, weights",Not Applicable,Weight,2023M5,2.8
"COMMUNICATION, weights",Not Applicable,Weight,2023M6,2.8
"COMMUNICATION, weights",Not Applicable,Weight,2023M7,2.8
"COMMUNICATION, weights",Not Applicable,Weight,2023M8,2.8
"COMMUNICATION, weights",Not Applicable,Weight,2023M9,2.8
"COMMUNICATION, weights",Not Applicable,Weight,2023M10,2.8
"COMMUNICATION, weights",Not Applicable,Weight,2023M11,2.8
"COMMUNICATION, weights",Not Applicable,Weight,2023M12,2.8
"COMMUNICATION, weights",Not Applicable,Weight,2024M1,2.8
"COMMUNICATION, weights",Not Applicable,Weight,2024M2,2.8
"COMMUNICATION, weights",Not Applicable,Weight,2024M3,2.8
"COMMUNICATION, weights",Not Applicable,Weight,2024M4,2.8
"COMMUNICATION, weights",Not Applicable,Weight,2024M5,2.8
"COMMUNICATION, weights",Not Applicable,Weight,2024M6,2.8
"COMMUNICATION, weights",Not Applicable,Weight,2024M7,2.8
"COMMUNICATION, weights",Not Applicable,Weight,2024M8,2.8
"COMMUNICATION, weights",Not Applicable,Weight,2024M9,2.8
"COMMUNICATION, weights",Not Applicable,Weight,2024M10,2.8
"COMMUNICATION, weights",Not Applicable,Weight,2024M11,2.8
"COMMUNICATION, weights",Not Applicable,Weight,2024M12,2.8
"RECREATION AND CULTURE, weights",Not Applicable,Weight,2014M12,1
"RECREATION AND CULTURE, weights",Not Applicable,Weight,2015M1,1
"RECREATION AND CULTURE, weights",Not Applicable,Weight,2015M2,1
"RECREATION AND CULTURE, weights",Not Applicable,Weight,2015M3,1
"RECREATION AND CULTURE, weights",Not Applicable,Weight,2015M4,1
"RECREATION AND CULTURE, weights",Not Applicable,Weight,2015M5,1
"RECREATION AND CULTURE, weights",Not Applicable,Weight,2015M6,1
"RECREATION AND CULTURE, weights",Not Applicable,Weight,2015M7,1
"RECREATION AND CULTURE, weights",Not Applicable,Weight,2015M8,1
"RECREATION AND CULTURE, weights",Not Applicable,Weight,2015M9,1
"RECREATION AND CULTURE, weights",Not Applicable,Weight,2015M10,1
"RECREATION AND CULTURE, weights",Not Applicable,Weight,2015M11,1
"RECREATION AND CULTURE, weights",Not Applicable,Weight,2015M12,1
"RECREATION AND CULTURE, weights",Not Applicable,Weight,2016M1,1
"RECREATION AND CULTURE, weights",Not Applicable,Weight,2016M2,1
"RECREATION AND CULTURE, weights",Not Applicable,Weight,2016M3,1
"RECREATION AND CULTURE, weights",Not Applicable,Weight,2016M4,1
"RECREATION AND CULTURE, weights",Not Applicable,Weight,2016M5,1
"RECREATION AND CULTURE, weights",Not Applicable,Weight,2016M6,1
"RECREATION AND CULTURE, weights",Not Applicable,Weight,2016M7,1
"RECREATION AND CULTURE, weights",Not Applicable,Weight,2016M8,1
"RECREATION AND CULTURE, weights",Not Applicable,Weight,2016M9,1
"RECREATION AND CULTURE, weights",Not Applicable,Weight,2016M10,1
"RECREATION AND CULTURE, weights",Not Applicable,Weight,2016M11,1
"RECREATION AND CULTURE, weights",Not Applicable,Weight,2016M12,1
"RECREATION AND CULTURE, weights",Not Applicable,Weight,2017M1,1
"RECREATION AND CULTURE, weights",Not Applicable,Weight,2017M2,1
"RECREATION AND CULTURE, weights",Not Applicable,Weight,2017M3,1
"RECREATION AND CULTURE, weights",Not Applicable,Weight,2017M4,1
"RECREATION AND CULTURE, weights",Not Applicable,Weight,2017M5,1
"RECREATION AND CULTURE, weights",Not Applicable,Weight,2017M6,1
"RECREATION AND CULTURE, weights",Not Applicable,Weight,2017M7,1
"RECREATION AND CULTURE, weights",Not Applicable,Weight,2017M8,1
"RECREATION AND CULTURE, weights",Not Applicable,Weight,2017M9,1
"RECREATION AND CULTURE, weights",Not Applicable,Weight,2017M10,1
"RECREATION AND CULTURE, weights",Not Applicable,Weight,2017M11,1
"RECREATION AND CULTURE, weights",Not Applicable,Weight,2017M12,1
"RECREATION AND CULTURE, weights",Not Applicable,Weight,2018M1,1
"RECREATION AND CULTURE, weights",Not Applicable,Weight,2018M2,1
"RECREATION AND CULTURE, weights",Not Applicable,Weight,2018M3,1
"RECREATION AND CULTURE, weights",Not Applicable,Weight,2018M4,1
"RECREATION AND CULTURE, weights",Not Applicable,Weight,2018M5,1
"RECREATION AND CULTURE, weights",Not Applicable,Weight,2018M6,1
"RECREATION AND CULTURE, weights",Not Applicable,Weight,2018M7,1
"RECREATION AND CULTURE, weights",Not Applicable,Weight,2018M8,1
"RECREATION AND CULTURE, weights",Not Applicable,Weight,2018M9,1
"RECREATION AND CULTURE, weights",Not Applicable,Weight,2018M10,1
"RECREATION AND CULTURE, weights",Not Applicable,Weight,2018M11,1
"RECREATION AND CULTURE, weights",Not Applicable,Weight,2018M12,1
"RECREATION AND CULTURE, weights",Not Applicable,Weight,2019M1,1
"RECREATION AND CULTURE, weights",Not Applicable,Weight,2019M2,1
"RECREATION AND CULTURE, weights",Not Applicable,Weight,2019M3,1
"RECREATION AND CULTURE, weights",Not Applicable,Weight,2019M4,1
"RECREATION AND CULTURE, weights",Not Applicable,Weight,2019M5,1
"RECREATION AND CULTURE, weights",Not Applicable,Weight,2019M6,1
"RECREATION AND CULTURE, weights",Not Applicable,Weight,2019M7,1
"RECREATION AND CULTURE, weights",Not Applicable,Weight,2019M8,1
"RECREATION AND CULTURE, weights",Not Applicable,Weight,2019M9,1
"RECREATION AND CULTURE, weights",Not Applicable,Weight,2019M10,1
"RECREATION AND CULTURE, weights",Not Applicable,Weight,2019M11,1
"RECREATION AND CULTURE, weights",Not Applicable,Weight,2019M12,1
"RECREATION AND CULTURE, weights",Not Applicable,Weight,2020M1,1
"RECREATION AND CULTURE, weights",Not Applicable,Weight,2020M2,1
"RECREATION AND CULTURE, weights",Not Applicable,Weight,2020M3,1
"RECREATION AND CULTURE, weights",Not Applicable,Weight,2020M4,1
"RECREATION AND CULTURE, weights",Not Applicable,Weight,2020M5,1
"RECREATION AND CULTURE, weights",Not Applicable,Weight,2020M6,1
"RECREATION AND CULTURE, weights",Not Applicable,Weight,2020M7,1
"RECREATION AND CULTURE, weights",Not Applicable,Weight,2020M8,1
"RECREATION AND CULTURE, weights",Not Applicable,Weight,2020M9,1
"RECREATION AND CULTURE, weights",Not Applicable,Weight,2020M10,1
"RECREATION AND CULTURE, weights",Not Applicable,Weight,2020M11,1
"RECREATION AND CULTURE, weights",Not Applicable,Weight,2020M12,1
"RECREATION AND CULTURE, weights",Not Applicable,Weight,2021M1,1
"RECREATION AND CULTURE, weights",Not Applicable,Weight,2021M2,1
"RECREATION AND CULTURE, weights",Not Applicable,Weight,2021M3,1
"RECREATION AND CULTURE, weights",Not Applicable,Weight,2021M4,1
"RECREATION AND CULTURE, weights",Not Applicable,Weight,2021M5,1
"RECREATION AND CULTURE, weights",Not Applicable,Weight,2021M6,1
"RECREATION AND CULTURE, weights",Not Applicable,Weight,2021M7,1
"RECREATION AND CULTURE, weights",Not Applicable,Weight,2021M8,1
"RECREATION AND CULTURE, weights",Not Applicable,Weight,2021M9,1
"RECREATION AND CULTURE, weights",Not Applicable,Weight,2021M10,1
"RECREATION AND CULTURE, weights",Not Applicable,Weight,2021M11,1
"RECREATION AND CULTURE, weights",Not Applicable,Weight,2021M12,1
"RECREATION AND CULTURE, weights",Not Applicable,Weight,2022M1,1
"RECREATION AND CULTURE, weights",Not Applicable,Weight,2022M2,1
"RECREATION AND CULTURE, weights",Not Applicable,Weight,2022M3,1
"RECREATION AND CULTURE, weights",Not Applicable,Weight,2022M4,1
"RECREATION AND CULTURE, weights",Not Applicable,Weight,2022M5,1
"RECREATION AND CULTURE, weights",Not Applicable,Weight,2022M6,1
"RECREATION AND CULTURE, weights",Not Applicable,Weight,2022M7,1
"RECREATION AND CULTURE, weights",Not Applicable,Weight,2022M8,1
"RECREATION AND CULTURE, weights",Not Applicable,Weight,2022M9,1
"RECREATION AND CULTURE, weights",Not Applicable,Weight,2022M10,1
"RECREATION AND CULTURE, weights",Not Applicable,Weight,2022M11,1
"RECREATION AND CULTURE, weights",Not Applicable,Weight,2022M12,1
"RECREATION AND CULTURE, weights",Not Applicable,Weight,2023M1,1
"RECREATION AND CULTURE, weights",Not Applicable,Weight,2023M2,1
"RECREATION AND CULTURE, weights",Not Applicable,Weight,2023M3,1
"RECREATION AND CULTURE, weights",Not Applicable,Weight,2023M4,1
"RECREATION AND CULTURE, weights",Not Applicable,Weight,2023M5,1
"RECREATION AND CULTURE, weights",Not Applicable,Weight,2023M6,1
"RECREATION AND CULTURE, weights",Not Applicable,Weight,2023M7,1
"RECREATION AND CULTURE, weights",Not Applicable,Weight,2023M8,1
"RECREATION AND CULTURE, weights",Not Applicable,Weight,2023M9,1
"RECREATION AND CULTURE, weights",Not Applicable,Weight,2023M10,1
"RECREATION AND CULTURE, weights",Not Applicable,Weight,2023M11,1
"RECREATION AND CULTURE, weights",Not Applicable,Weight,2023M12,1
"RECREATION AND CULTURE, weights",Not Applicable,Weight,2024M1,1
"RECREATION AND CULTURE, weights",Not Applicable,Weight,2024M2,1
"RECREATION AND CULTURE, weights",Not Applicable,Weight,2024M3,1
"RECREATION AND CULTURE, weights",Not Applicable,Weight,2024M4,1
"RECREATION AND CULTURE, weights",Not Applicable,Weight,2024M5,1
"RECREATION AND CULTURE, weights",Not Applicable,Weight,2024M6,1
"RECREATION AND CULTURE, weights",Not Applicable,Weight,2024M7,1
"RECREATION AND CULTURE, weights",Not Applicable,Weight,2024M8,1
"RECREATION AND CULTURE, weights",Not Applicable,Weight,2024M9,1
"RECREATION AND CULTURE, weights",Not Applicable,Weight,2024M10,1
"RECREATION AND CULTURE, weights",Not Applicable,Weight,2024M11,1
"RECREATION AND CULTURE, weights",Not Applicable,Weight,2024M12,1
"EDUCATION, weights",Not Applicable,Weight,2014M12,4
"EDUCATION, weights",Not Applicable,Weight,2015M1,4
"EDUCATION, weights",Not Applicable,Weight,2015M2,4
"EDUCATION, weights",Not Applicable,Weight,2015M3,4
"EDUCATION, weights",Not Applicable,Weight,2015M4,4
"EDUCATION, weights",Not Applicable,Weight,2015M5,4
"EDUCATION, weights",Not Applicable,Weight,2015M6,4
"EDUCATION, weights",Not Applicable,Weight,2015M7,4
"EDUCATION, weights",Not Applicable,Weight,2015M8,4
"EDUCATION, weights",Not Applicable,Weight,2015M9,4
"EDUCATION, weights",Not Applicable,Weight,2015M10,4
"EDUCATION, weights",Not Applicable,Weight,2015M11,4
"EDUCATION, weights",Not Applicable,Weight,2015M12,4
"EDUCATION, weights",Not Applicable,Weight,2016M1,4
"EDUCATION, weights",Not Applicable,Weight,2016M2,4
"EDUCATION, weights",Not Applicable,Weight,2016M3,4
"EDUCATION, weights",Not Applicable,Weight,2016M4,4
"EDUCATION, weights",Not Applicable,Weight,2016M5,4
"EDUCATION, weights",Not Applicable,Weight,2016M6,4
"EDUCATION, weights",Not Applicable,Weight,2016M7,4
"EDUCATION, weights",Not Applicable,Weight,2016M8,4
"EDUCATION, weights",Not Applicable,Weight,2016M9,4
"EDUCATION, weights",Not Applicable,Weight,2016M10,4
"EDUCATION, weights",Not Applicable,Weight,2016M11,4
"EDUCATION, weights",Not Applicable,Weight,2016M12,4
"EDUCATION, weights",Not Applicable,Weight,2017M1,4
"EDUCATION, weights",Not Applicable,Weight,2017M2,4
"EDUCATION, weights",Not Applicable,Weight,2017M3,4
"EDUCATION, weights",Not Applicable,Weight,2017M4,4
"EDUCATION, weights",Not Applicable,Weight,2017M5,4
"EDUCATION, weights",Not Applicable,Weight,2017M6,4
"EDUCATION, weights",Not Applicable,Weight,2017M7,4
"EDUCATION, weights",Not Applicable,Weight,2017M8,4
"EDUCATION, weights",Not Applicable,Weight,2017M9,4
"EDUCATION, weights",Not Applicable,Weight,2017M10,4
"EDUCATION, weights",Not Applicable,Weight,2017M11,4
"EDUCATION, weights",Not Applicable,Weight,2017M12,4
"EDUCATION, weights",Not Applicable,Weight,2018M1,4
"EDUCATION, weights",Not Applicable,Weight,2018M2,4
"EDUCATION, weights",Not Applicable,Weight,2018M3,4
"EDUCATION, weights",Not Applicable,Weight,2018M4,4
"EDUCATION, weights",Not Applicable,Weight,2018M5,4
"EDUCATION, weights",Not Applicable,Weight,2018M6,4
"EDUCATION, weights",Not Applicable,Weight,2018M7,4
"EDUCATION, weights",Not Applicable,Weight,2018M8,4
"EDUCATION, weights",Not Applicable,Weight,2018M9,4
"EDUCATION, weights",Not Applicable,Weight,2018M10,4
"EDUCATION, weights",Not Applicable,Weight,2018M11,4
"EDUCATION, weights",Not Applicable,Weight,2018M12,4
"EDUCATION, weights",Not Applicable,Weight,2019M1,4
"EDUCATION, weights",Not Applicable,Weight,2019M2,4
"EDUCATION, weights",Not Applicable,Weight,2019M3,4
"EDUCATION, weights",Not Applicable,Weight,2019M4,4
"EDUCATION, weights",Not Applicable,Weight,2019M5,4
"EDUCATION, weights",Not Applicable,Weight,2019M6,4
"EDUCATION, weights",Not Applicable,Weight,2019M7,4
"EDUCATION, weights",Not Applicable,Weight,2019M8,4
"EDUCATION, weights",Not Applicable,Weight,2019M9,4
"EDUCATION, weights",Not Applicable,Weight,2019M10,4
"EDUCATION, weights",Not Applicable,Weight,2019M11,4
"EDUCATION, weights",Not Applicable,Weight,2019M12,4
"EDUCATION, weights",Not Applicable,Weight,2020M1,4
"EDUCATION, weights",Not Applicable,Weight,2020M2,4
"EDUCATION, weights",Not Applicable,Weight,2020M3,4
"EDUCATION, weights",Not Applicable,Weight,2020M4,4
"EDUCATION, weights",Not Applicable,Weight,2020M5,4
"EDUCATION, weights",Not Applicable,Weight,2020M6,4
"EDUCATION, weights",Not Applicable,Weight,2020M7,4
"EDUCATION, weights",Not Applicable,Weight,2020M8,4
"EDUCATION, weights",Not Applicable,Weight,2020M9,4
"EDUCATION, weights",Not Applicable,Weight,2020M10,4
"EDUCATION, weights",Not Applicable,Weight,2020M11,4
"EDUCATION, weights",Not Applicable,Weight,2020M12,4
"EDUCATION, weights",Not Applicable,Weight,2021M1,4
"EDUCATION, weights",Not Applicable,Weight,2021M2,4
"EDUCATION, weights",Not Applicable,Weight,2021M3,4
"EDUCATION, weights",Not Applicable,Weight,2021M4,4
"EDUCATION, weights",Not Applicable,Weight,2021M5,4
"EDUCATION, weights",Not Applicable,Weight,2021M6,4
"EDUCATION, weights",Not Applicable,Weight,2021M7,4
"EDUCATION, weights",Not Applicable,Weight,2021M8,4
"EDUCATION, weights",Not Applicable,Weight,2021M9,4
"EDUCATION, weights",Not Applicable,Weight,2021M10,4
"EDUCATION, weights",Not Applicable,Weight,2021M11,4
"EDUCATION, weights",Not Applicable,Weight,2021M12,4
"EDUCATION, weights",Not Applicable,Weight,2022M1,4
"EDUCATION, weights",Not Applicable,Weight,2022M2,4
"EDUCATION, weights",Not Applicable,Weight,2022M3,4
"EDUCATION, weights",Not Applicable,Weight,2022M4,4
"EDUCATION, weights",Not Applicable,Weight,2022M5,4
"EDUCATION, weights",Not Applicable,Weight,2022M6,4
"EDUCATION, weights",Not Applicable,Weight,2022M7,4
"EDUCATION, weights",Not Applicable,Weight,2022M8,4
"EDUCATION, weights",Not Applicable,Weight,2022M9,4
"EDUCATION, weights",Not Applicable,Weight,2022M10,4
"EDUCATION, weights",Not Applicable,Weight,2022M11,4
"EDUCATION, weights",Not Applicable,Weight,2022M12,4
"EDUCATION, weights",Not Applicable,Weight,2023M1,4
"EDUCATION, weights",Not Applicable,Weight,2023M2,4
"EDUCATION, weights",Not Applicable,Weight,2023M3,4
"EDUCATION, weights",Not Applicable,Weight,2023M4,4
"EDUCATION, weights",Not Applicable,Weight,2023M5,4
"EDUCATION, weights",Not Applicable,Weight,2023M6,4
"EDUCATION, weights",Not Applicable,Weight,2023M7,4
"EDUCATION, weights",Not Applicable,Weight,2023M8,4
"EDUCATION, weights",Not Applicable,Weight,2023M9,4
"EDUCATION, weights",Not Applicable,Weight,2023M10,4
"EDUCATION, weights",Not Applicable,Weight,2023M11,4
"EDUCATION, weights",Not Applicable,Weight,2023M12,4
"EDUCATION, weights",Not Applicable,Weight,2024M1,4
"EDUCATION, weights",Not Applicable,Weight,2024M2,4
"EDUCATION, weights",Not Applicable,Weight,2024M3,4
"EDUCATION, weights",Not Applicable,Weight,2024M4,4
"EDUCATION, weights",Not Applicable,Weight,2024M5,4
"EDUCATION, weights",Not Applicable,Weight,2024M6,4
"EDUCATION, weights",Not Applicable,Weight,2024M7,4
"EDUCATION, weights",Not Applicable,Weight,2024M8,4
"EDUCATION, weights",Not Applicable,Weight,2024M9,4
"EDUCATION, weights",Not Applicable,Weight,2024M10,4
"EDUCATION, weights",Not Applicable,Weight,2024M11,4
"EDUCATION, weights",Not Applicable,Weight,2024M12,4
"RESTAURANTS AND HOTELS, weights",Not Applicable,Weight,2014M12,2
"RESTAURANTS AND HOTELS, weights",Not Applicable,Weight,2015M1,2
"RESTAURANTS AND HOTELS, weights",Not Applicable,Weight,2015M2,2
"RESTAURANTS AND HOTELS, weights",Not Applicable,Weight,2015M3,2
"RESTAURANTS AND HOTELS, weights",Not Applicable,Weight,2015M4,2
"RESTAURANTS AND HOTELS, weights",Not Applicable,Weight,2015M5,2
"RESTAURANTS AND HOTELS, weights",Not Applicable,Weight,2015M6,2
"RESTAURANTS AND HOTELS, weights",Not Applicable,Weight,2015M7,2
"RESTAURANTS AND HOTELS, weights",Not Applicable,Weight,2015M8,2
"RESTAURANTS AND HOTELS, weights",Not Applicable,Weight,2015M9,2
"RESTAURANTS AND HOTELS, weights",Not Applicable,Weight,2015M10,2
"RESTAURANTS AND HOTELS, weights",Not Applicable,Weight,2015M11,2
"RESTAURANTS AND HOTELS, weights",Not Applicable,Weight,2015M12,2
"RESTAURANTS AND HOTELS, weights",Not Applicable,Weight,2016M1,2
"RESTAURANTS AND HOTELS, weights",Not Applicable,Weight,2016M2,2
"RESTAURANTS AND HOTELS, weights",Not Applicable,Weight,2016M3,2
"RESTAURANTS AND HOTELS, weights",Not Applicable,Weight,2016M4,2
"RESTAURANTS AND HOTELS, weights",Not Applicable,Weight,2016M5,2
"RESTAURANTS AND HOTELS, weights",Not Applicable,Weight,2016M6,2
"RESTAURANTS AND HOTELS, weights",Not Applicable,Weight,2016M7,2
"RESTAURANTS AND HOTELS, weights",Not Applicable,Weight,2016M8,2
"RESTAURANTS AND HOTELS, weights",Not Applicable,Weight,2016M9,2
"RESTAURANTS AND HOTELS, weights",Not Applicable,Weight,2016M10,2
"RESTAURANTS AND HOTELS, weights",Not Applicable,Weight,2016M11,2
"RESTAURANTS AND HOTELS, weights",Not Applicable,Weight,2016M12,2
"RESTAURANTS AND HOTELS, weights",Not Applicable,Weight,2017M1,2
"RESTAURANTS AND HOTELS, weights",Not Applicable,Weight,2017M2,2
"RESTAURANTS AND HOTELS, weights",Not Applicable,Weight,2017M3,2
"RESTAURANTS AND HOTELS, weights",Not Applicable,Weight,2017M4,2
"RESTAURANTS AND HOTELS, weights",Not Applicable,Weight,2017M5,2
"RESTAURANTS AND HOTELS, weights",Not Applicable,Weight,2017M6,2
"RESTAURANTS AND HOTELS, weights",Not Applicable,Weight,2017M7,2
"RESTAURANTS AND HOTELS, weights",Not Applicable,Weight,2017M8,2
"RESTAURANTS AND HOTELS, weights",Not Applicable,Weight,2017M9,2
"RESTAURANTS AND HOTELS, weights",Not Applicable,Weight,2017M10,2
"RESTAURANTS AND HOTELS, weights",Not Applicable,Weight,2017M11,2
"RESTAURANTS AND HOTELS, weights",Not Applicable,Weight,2017M12,2
"RESTAURANTS AND HOTELS, weights",Not Applicable,Weight,2018M1,2
"RESTAURANTS AND HOTELS, weights",Not Applicable,Weight,2018M2,2
"RESTAURANTS AND HOTELS, weights",Not Applicable,Weight,2018M3,2
"RESTAURANTS AND HOTELS, weights",Not Applicable,Weight,2018M4,2
"RESTAURANTS AND HOTELS, weights",Not Applicable,Weight,2018M5,2
"RESTAURANTS AND HOTELS, weights",Not Applicable,Weight,2018M6,2
"RESTAURANTS AND HOTELS, weights",Not Applicable,Weight,2018M7,2
"RESTAURANTS AND HOTELS, weights",Not Applicable,Weight,2018M8,2
"RESTAURANTS AND HOTELS, weights",Not Applicable,Weight,2018M9,2
"RESTAURANTS AND HOTELS, weights",Not Applicable,Weight,2018M10,2
"RESTAURANTS AND HOTELS, weights",Not Applicable,Weight,2018M11,2
"RESTAURANTS AND HOTELS, weights",Not Applicable,Weight,2018M12,2
"RESTAURANTS AND HOTELS, weights",Not Applicable,Weight,2019M1,2
"RESTAURANTS AND HOTELS, weights",Not Applicable,Weight,2019M2,2
"RESTAURANTS AND HOTELS, weights",Not Applicable,Weight,2019M3,2
"RESTAURANTS AND HOTELS, weights",Not Applicable,Weight,2019M4,2
"RESTAURANTS AND HOTELS, weights",Not Applicable,Weight,2019M5,2
"RESTAURANTS AND HOTELS, weights",Not Applicable,Weight,2019M6,2
"RESTAURANTS AND HOTELS, weights",Not Applicable,Weight,2019M7,2
"RESTAURANTS AND HOTELS, weights",Not Applicable,Weight,2019M8,2
"RESTAURANTS AND HOTELS, weights",Not Applicable,Weight,2019M9,2
"RESTAURANTS AND HOTELS, weights",Not Applicable,Weight,2019M10,2
"RESTAURANTS AND HOTELS, weights",Not Applicable,Weight,2019M11,2
"RESTAURANTS AND HOTELS, weights",Not Applicable,Weight,2019M12,2
"RESTAURANTS AND HOTELS, weights",Not Applicable,Weight,2020M1,2
"RESTAURANTS AND HOTELS, weights",Not Applicable,Weight,2020M2,2
"RESTAURANTS AND HOTELS, weights",Not Applicable,Weight,2020M3,2
"RESTAURANTS AND HOTELS, weights",Not Applicable,Weight,2020M4,2
"RESTAURANTS AND HOTELS, weights",Not Applicable,Weight,2020M5,2
"RESTAURANTS AND HOTELS, weights",Not Applicable,Weight,2020M6,2
"RESTAURANTS AND HOTELS, weights",Not Applicable,Weight,2020M7,2
"RESTAURANTS AND HOTELS, weights",Not Applicable,Weight,2020M8,2
"RESTAURANTS AND HOTELS, weights",Not Applicable,Weight,2020M9,2
"RESTAURANTS AND HOTELS, weights",Not Applicable,Weight,2020M10,2
"RESTAURANTS AND HOTELS, weights",Not Applicable,Weight,2020M11,2
"RESTAURANTS AND HOTELS, weights",Not Applicable,Weight,2020M12,2
"RESTAURANTS AND HOTELS, weights",Not Applicable,Weight,2021M1,2
"RESTAURANTS AND HOTELS, weights",Not Applicable,Weight,2021M2,2
"RESTAURANTS AND HOTELS, weights",Not Applicable,Weight,2021M3,2
"RESTAURANTS AND HOTELS, weights",Not Applicable,Weight,2021M4,2
"RESTAURANTS AND HOTELS, weights",Not Applicable,Weight,2021M5,2
"RESTAURANTS AND HOTELS, weights",Not Applicable,Weight,2021M6,2
"RESTAURANTS AND HOTELS, weights",Not Applicable,Weight,2021M7,2
"RESTAURANTS AND HOTELS, weights",Not Applicable,Weight,2021M8,2
"RESTAURANTS AND HOTELS, weights",Not Applicable,Weight,2021M9,2
"RESTAURANTS AND HOTELS, weights",Not Applicable,Weight,2021M10,2
"RESTAURANTS AND HOTELS, weights",Not Applicable,Weight,2021M11,2
"RESTAURANTS AND HOTELS, weights",Not Applicable,Weight,2021M12,2
"RESTAURANTS AND HOTELS, weights",Not Applicable,Weight,2022M1,2
"RESTAURANTS AND HOTELS, weights",Not Applicable,Weight,2022M2,2
"RESTAURANTS AND HOTELS, weights",Not Applicable,Weight,2022M3,2
"RESTAURANTS AND HOTELS, weights",Not Applicable,Weight,2022M4,2
"RESTAURANTS AND HOTELS, weights",Not Applicable,Weight,2022M5,2
"RESTAURANTS AND HOTELS, weights",Not Applicable,Weight,2022M6,2
"RESTAURANTS AND HOTELS, weights",Not Applicable,Weight,2022M7,2
"RESTAURANTS AND HOTELS, weights",Not Applicable,Weight,2022M8,2
"RESTAURANTS AND HOTELS, weights",Not Applicable,Weight,2022M9,2
"RESTAURANTS AND HOTELS, weights",Not Applicable,Weight,2022M10,2
"RESTAURANTS AND HOTELS, weights",Not Applicable,Weight,2022M11,2
"RESTAURANTS AND HOTELS, weights",Not Applicable,Weight,2022M12,2
"RESTAURANTS AND HOTELS, weights",Not Applicable,Weight,2023M1,2
"RESTAURANTS AND HOTELS, weights",Not Applicable,Weight,2023M2,2
"RESTAURANTS AND HOTELS, weights",Not Applicable,Weight,2023M3,2
"RESTAURANTS AND HOTELS, weights",Not Applicable,Weight,2023M4,2
"RESTAURANTS AND HOTELS, weights",Not Applicable,Weight,2023M5,2
"RESTAURANTS AND HOTELS, weights",Not Applicable,Weight,2023M6,2
"RESTAURANTS AND HOTELS, weights",Not Applicable,Weight,2023M7,2
"RESTAURANTS AND HOTELS, weights",Not Applicable,Weight,2023M8,2
"RESTAURANTS AND HOTELS, weights",Not Applicable,Weight,2023M9,2
"RESTAURANTS AND HOTELS, weights",Not Applicable,Weight,2023M10,2
"RESTAURANTS AND HOTELS, weights",Not Applicable,Weight,2023M11,2
"RESTAURANTS AND HOTELS, weights",Not Applicable,Weight,2023M12,2
"RESTAURANTS AND HOTELS, weights",Not Applicable,Weight,2024M1,2
"RESTAURANTS AND HOTELS, weights",Not Applicable,Weight,2024M2,2
"RESTAURANTS AND HOTELS, weights",Not Applicable,Weight,2024M3,2
"RESTAURANTS AND HOTELS, weights",Not Applicable,Weight,2024M4,2
"RESTAURANTS AND HOTELS, weights",Not Applicable,Weight,2024M5,2
"RESTAURANTS AND HOTELS, weights",Not Applicable,Weight,2024M6,2
"RESTAURANTS AND HOTELS, weights",Not Applicable,Weight,2024M7,2
"RESTAURANTS AND HOTELS, weights",Not Applicable,Weight,2024M8,2
"RESTAURANTS AND HOTELS, weights",Not Applicable,Weight,2024M9,2
"RESTAURANTS AND HOTELS, weights",Not Applicable,Weight,2024M10,2
"RESTAURANTS AND HOTELS, weights",Not Applicable,Weight,2024M11,2
"RESTAURANTS AND HOTELS, weights",Not Applicable,Weight,2024M12,2
"MISCELLANEOUS GOODS AND SERVICES, weights",Not Applicable,Weight,2014M12,2.77
"MISCELLANEOUS GOODS AND SERVICES, weights",Not Applicable,Weight,2015M1,2.77
"MISCELLANEOUS GOODS AND SERVICES, weights",Not Applicable,Weight,2015M2,2.77
"MISCELLANEOUS GOODS AND SERVICES, weights",Not Applicable,Weight,2015M3,2.77
"MISCELLANEOUS GOODS AND SERVICES, weights",Not Applicable,Weight,2015M4,2.77
"MISCELLANEOUS GOODS AND SERVICES, weights",Not Applicable,Weight,2015M5,2.77
"MISCELLANEOUS GOODS AND SERVICES, weights",Not Applicable,Weight,2015M6,2.77
"MISCELLANEOUS GOODS AND SERVICES, weights",Not Applicable,Weight,2015M7,2.77
"MISCELLANEOUS GOODS AND SERVICES, weights",Not Applicable,Weight,2015M8,2.77
"MISCELLANEOUS GOODS AND SERVICES, weights",Not Applicable,Weight,2015M9,2.77
"MISCELLANEOUS GOODS AND SERVICES, weights",Not Applicable,Weight,2015M10,2.77
"MISCELLANEOUS GOODS AND SERVICES, weights",Not Applicable,Weight,2015M11,2.77
"MISCELLANEOUS GOODS AND SERVICES, weights",Not Applicable,Weight,2015M12,2.77
"MISCELLANEOUS GOODS AND SERVICES, weights",Not Applicable,Weight,2016M1,2.77
"MISCELLANEOUS GOODS AND SERVICES, weights",Not Applicable,Weight,2016M2,2.77
"MISCELLANEOUS GOODS AND SERVICES, weights",Not Applicable,Weight,2016M3,2.77
"MISCELLANEOUS GOODS AND SERVICES, weights",Not Applicable,Weight,2016M4,2.77
"MISCELLANEOUS GOODS AND SERVICES, weights",Not Applicable,Weight,2016M5,2.77
"MISCELLANEOUS GOODS AND SERVICES, weights",Not Applicable,Weight,2016M6,2.77
"MISCELLANEOUS GOODS AND SERVICES, weights",Not Applicable,Weight,2016M7,2.77
"MISCELLANEOUS GOODS AND SERVICES, weights",Not Applicable,Weight,2016M8,2.77
"MISCELLANEOUS GOODS AND SERVICES, weights",Not Applicable,Weight,2016M9,2.77
"MISCELLANEOUS GOODS AND SERVICES, weights",Not Applicable,Weight,2016M10,2.77
"MISCELLANEOUS GOODS AND SERVICES, weights",Not Applicable,Weight,2016M11,2.77
"MISCELLANEOUS GOODS AND SERVICES, weights",Not Applicable,Weight,2016M12,2.77
"MISCELLANEOUS GOODS AND SERVICES, weights",Not Applicable,Weight,2017M1,2.77
"MISCELLANEOUS GOODS AND SERVICES, weights",Not Applicable,Weight,2017M2,2.77
"MISCELLANEOUS GOODS AND SERVICES, weights",Not Applicable,Weight,2017M3,2.77
"MISCELLANEOUS GOODS AND SERVICES, weights",Not Applicable,Weight,2017M4,2.77
"MISCELLANEOUS GOODS AND SERVICES, weights",Not Applicable,Weight,2017M5,2.77
"MISCELLANEOUS GOODS AND SERVICES, weights",Not Applicable,Weight,2017M6,2.77
"MISCELLANEOUS GOODS AND SERVICES, weights",Not Applicable,Weight,2017M7,2.77
"MISCELLANEOUS GOODS AND SERVICES, weights",Not Applicable,Weight,2017M8,2.77
"MISCELLANEOUS GOODS AND SERVICES, weights",Not Applicable,Weight,2017M9,2.77
"MISCELLANEOUS GOODS AND SERVICES, weights",Not Applicable,Weight,2017M10,2.77
"MISCELLANEOUS GOODS AND SERVICES, weights",Not Applicable,Weight,2017M11,2.77
"MISCELLANEOUS GOODS AND SERVICES, weights",Not Applicable,Weight,2017M12,2.77
"MISCELLANEOUS GOODS AND SERVICES, weights",Not Applicable,Weight,2018M1,2.77
"MISCELLANEOUS GOODS AND SERVICES, weights",Not Applicable,Weight,2018M2,2.77
"MISCELLANEOUS GOODS AND SERVICES, weights",Not Applicable,Weight,2018M3,2.77
"MISCELLANEOUS GOODS AND SERVICES, weights",Not Applicable,Weight,2018M4,2.77
"MISCELLANEOUS GOODS AND SERVICES, weights",Not Applicable,Weight,2018M5,2.77
"MISCELLANEOUS GOODS AND SERVICES, weights",Not Applicable,Weight,2018M6,2.77
"MISCELLANEOUS GOODS AND SERVICES, weights",Not Applicable,Weight,2018M7,2.77
"MISCELLANEOUS GOODS AND SERVICES, weights",Not Applicable,Weight,2018M8,2.77
"MISCELLANEOUS GOODS AND SERVICES, weights",Not Applicable,Weight,2018M9,2.77
"MISCELLANEOUS GOODS AND SERVICES, weights",Not Applicable,Weight,2018M10,2.77
"MISCELLANEOUS GOODS AND SERVICES, weights",Not Applicable,Weight,2018M11,2.77
"MISCELLANEOUS GOODS AND SERVICES, weights",Not Applicable,Weight,2018M12,2.77
"MISCELLANEOUS GOODS AND SERVICES, weights",Not Applicable,Weight,2019M1,2.77
"MISCELLANEOUS GOODS AND SERVICES, weights",Not Applicable,Weight,2019M2,2.77
"MISCELLANEOUS GOODS AND SERVICES, weights",Not Applicable,Weight,2019M3,2.77
"MISCELLANEOUS GOODS AND SERVICES, weights",Not Applicable,Weight,2019M4,2.77
"MISCELLANEOUS GOODS AND SERVICES, weights",Not Applicable,Weight,2019M5,2.77
"MISCELLANEOUS GOODS AND SERVICES, weights",Not Applicable,Weight,2019M6,2.77
"MISCELLANEOUS GOODS AND SERVICES, weights",Not Applicable,Weight,2019M7,2.77
"MISCELLANEOUS GOODS AND SERVICES, weights",Not Applicable,Weight,2019M8,2.77
"MISCELLANEOUS GOODS AND SERVICES, weights",Not Applicable,Weight,2019M9,2.77
"MISCELLANEOUS GOODS AND SERVICES, weights",Not Applicable,Weight,2019M10,2.77
"MISCELLANEOUS GOODS AND SERVICES, weights",Not Applicable,Weight,2019M11,2.77
"MISCELLANEOUS GOODS AND SERVICES, weights",Not Applicable,Weight,2019M12,2.77
"MISCELLANEOUS GOODS AND SERVICES, weights",Not Applicable,Weight,2020M1,2.77
"MISCELLANEOUS GOODS AND SERVICES, weights",Not Applicable,Weight,2020M2,2.77
"MISCELLANEOUS GOODS AND SERVICES, weights",Not Applicable,Weight,2020M3,2.77
"MISCELLANEOUS GOODS AND SERVICES, weights",Not Applicable,Weight,2020M4,2.77
"MISCELLANEOUS GOODS AND SERVICES, weights",Not Applicable,Weight,2020M5,2.77
"MISCELLANEOUS GOODS AND SERVICES, weights",Not Applicable,Weight,2020M6,2.77
"MISCELLANEOUS GOODS AND SERVICES, weights",Not Applicable,Weight,2020M7,2.77
"MISCELLANEOUS GOODS AND SERVICES, weights",Not Applicable,Weight,2020M8,2.77
"MISCELLANEOUS GOODS AND SERVICES, weights",Not Applicable,Weight,2020M9,2.77
"MISCELLANEOUS GOODS AND SERVICES, weights",Not Applicable,Weight,2020M10,2.77
"MISCELLANEOUS GOODS AND SERVICES, weights",Not Applicable,Weight,2020M11,2.77
"MISCELLANEOUS GOODS AND SERVICES, weights",Not Applicable,Weight,2020M12,2.77
"MISCELLANEOUS GOODS AND SERVICES, weights",Not Applicable,Weight,2021M1,2.77
"MISCELLANEOUS GOODS AND SERVICES, weights",Not Applicable,Weight,2021M2,2.77
"MISCELLANEOUS GOODS AND SERVICES, weights",Not Applicable,Weight,2021M3,2.77
"MISCELLANEOUS GOODS AND SERVICES, weights",Not Applicable,Weight,2021M4,2.77
"MISCELLANEOUS GOODS AND SERVICES, weights",Not Applicable,Weight,2021M5,2.77
"MISCELLANEOUS GOODS AND SERVICES, weights",Not Applicable,Weight,2021M6,2.77
"MISCELLANEOUS GOODS AND SERVICES, weights",Not Applicable,Weight,2021M7,2.77
"MISCELLANEOUS GOODS AND SERVICES, weights",Not Applicable,Weight,2021M8,2.77
"MISCELLANEOUS GOODS AND SERVICES, weights",Not Applicable,Weight,2021M9,2.77
"MISCELLANEOUS GOODS AND SERVICES, weights",Not Applicable,Weight,2021M10,2.77
"MISCELLANEOUS GOODS AND SERVICES, weights",Not Applicable,Weight,2021M11,2.77
"MISCELLANEOUS GOODS AND SERVICES, weights",Not Applicable,Weight,2021M12,2.77
"MISCELLANEOUS GOODS AND SERVICES, weights",Not Applicable,Weight,2022M1,2.77
"MISCELLANEOUS GOODS AND SERVICES, weights",Not Applicable,Weight,2022M2,2.77
"MISCELLANEOUS GOODS AND SERVICES, weights",Not Applicable,Weight,2022M3,2.77
"MISCELLANEOUS GOODS AND SERVICES, weights",Not Applicable,Weight,2022M4,2.77
"MISCELLANEOUS GOODS AND SERVICES, weights",Not Applicable,Weight,2022M5,2.77
"MISCELLANEOUS GOODS AND SERVICES, weights",Not Applicable,Weight,2022M6,2.77
"MISCELLANEOUS GOODS AND SERVICES, weights",Not Applicable,Weight,2022M7,2.77
"MISCELLANEOUS GOODS AND SERVICES, weights",Not Applicable,Weight,2022M8,2.77
"MISCELLANEOUS GOODS AND SERVICES, weights",Not Applicable,Weight,2022M9,2.77
"MISCELLANEOUS GOODS AND SERVICES, weights",Not Applicable,Weight,2022M10,2.77
"MISCELLANEOUS GOODS AND SERVICES, weights",Not Applicable,Weight,2022M11,2.77
"MISCELLANEOUS GOODS AND SERVICES, weights",Not Applicable,Weight,2022M12,2.77
"MISCELLANEOUS GOODS AND SERVICES, weights",Not Applicable,Weight,2023M1,2.77
"MISCELLANEOUS GOODS AND SERVICES, weights",Not Applicable,Weight,2023M2,2.77
"MISCELLANEOUS GOODS AND SERVICES, weights",Not Applicable,Weight,2023M3,2.77
"MISCELLANEOUS GOODS AND SERVICES, weights",Not Applicable,Weight,2023M4,2.77
"MISCELLANEOUS GOODS AND SERVICES, weights",Not Applicable,Weight,2023M5,2.77
"MISCELLANEOUS GOODS AND SERVICES, weights",Not Applicable,Weight,2023M6,2.77
"MISCELLANEOUS GOODS AND SERVICES, weights",Not Applicable,Weight,2023M7,2.77
"MISCELLANEOUS GOODS AND SERVICES, weights",Not Applicable,Weight,2023M8,2.77
"MISCELLANEOUS GOODS AND SERVICES, weights",Not Applicable,Weight,2023M9,2.77
"MISCELLANEOUS GOODS AND SERVICES, weights",Not Applicable,Weight,2023M10,2.77
"MISCELLANEOUS GOODS AND SERVICES, weights",Not Applicable,Weight,2023M11,2.77
"MISCELLANEOUS GOODS AND SERVICES, weights",Not Applicable,Weight,2023M12,2.77
"MISCELLANEOUS GOODS AND SERVICES, weights",Not Applicable,Weight,2024M1,2.77
"MISCELLANEOUS GOODS AND SERVICES, weights",Not Applicable,Weight,2024M2,2.77
"MISCELLANEOUS GOODS AND SERVICES, weights",Not Applicable,Weight,2024M3,2.77
"MISCELLANEOUS GOODS AND SERVICES, weights",Not Applicable,Weight,2024M4,2.77
"MISCELLANEOUS GOODS AND SERVICES, weights",Not Applicable,Weight,2024M5,2.77
"MISCELLANEOUS GOODS AND SERVICES, weights",Not Applicable,Weight,2024M6,2.77
"MISCELLANEOUS GOODS AND SERVICES, weights",Not Applicable,Weight,2024M7,2.77
"MISCELLANEOUS GOODS AND SERVICES, weights",Not Applicable,Weight,2024M8,2.77
"MISCELLANEOUS GOODS AND SERVICES, weights",Not Applicable,Weight,2024M9,2.77
"MISCELLANEOUS GOODS AND SERVICES, weights",Not Applicable,Weight,2024M10,2.77
"MISCELLANEOUS GOODS AND SERVICES, weights",Not Applicable,Weight,2024M11,2.77
"MISCELLANEOUS GOODS AND SERVICES, weights",Not Applicable,Weight,2024M12,2.77
