iso3,ipc phase cutoff,year,month,indicator,grouping,value
SOM,3,2010,1,Conflict,Typical,60
SOM,3,2010,1,Conflict,Heightened,2
SOM,3,2010,1,Conflict,Critical,12
SOM,3,2010,1,Drought NDVI,Typical,58
SOM,3,2010,1,Drought NDVI,Heightened,9
SOM,3,2010,1,Drought NDVI,Critical,7
SOM,3,2010,1,Drought rainfall,Typical,72
SOM,3,2010,1,Drought rainfall,Heightened,2
SOM,3,2010,1,Exchange rates,Typical,74
SOM,3,2010,1,Food prices,Typical,74
SOM,3,2010,1,Fuel prices,Typical,74
SOM,3,2010,1,Heavy rainfall,Typical,74
SOM,3,2010,2,Conflict,Typical,61
SOM,3,2010,2,Conflict,Heightened,10
SOM,3,2010,2,Conflict,Critical,3
SOM,3,2010,2,Drought NDVI,Typical,61
SOM,3,2010,2,Drought NDVI,Heightened,7
SOM,3,2010,2,Drought NDVI,Critical,6
SOM,3,2010,2,Drought rainfall,Typical,74
SOM,3,2010,2,Exchange rates,Typical,74
SOM,3,2010,2,Food prices,Typical,74
SOM,3,2010,2,Fuel prices,Typical,74
SOM,3,2010,2,Heavy rainfall,Typical,74
SOM,3,2010,3,Conflict,Typical,57
SOM,3,2010,3,Conflict,Heightened,11
SOM,3,2010,3,Conflict,Critical,6
SOM,3,2010,3,Drought NDVI,Typical,63
SOM,3,2010,3,Drought NDVI,Heightened,6
SOM,3,2010,3,Drought NDVI,Critical,5
SOM,3,2010,3,Drought rainfall,Typical,74
SOM,3,2010,3,Exchange rates,Typical,74
SOM,3,2010,3,Food prices,Typical,74
SOM,3,2010,3,Fuel prices,Typical,74
SOM,3,2010,3,Heavy rainfall,Typical,69
SOM,3,2010,3,Heavy rainfall,Heightened,5
SOM,3,2010,4,Conflict,Typical,49
SOM,3,2010,4,Conflict,Heightened,15
SOM,3,2010,4,Conflict,Critical,10
SOM,3,2010,4,Drought NDVI,Typical,69
SOM,3,2010,4,Drought NDVI,Heightened,1
SOM,3,2010,4,Drought NDVI,Critical,4
SOM,3,2010,4,Drought rainfall,Typical,74
SOM,3,2010,4,Exchange rates,Typical,74
SOM,3,2010,4,Food prices,Typical,74
SOM,3,2010,4,Fuel prices,Typical,74
SOM,3,2010,4,Heavy rainfall,Typical,67
SOM,3,2010,4,Heavy rainfall,Heightened,7
SOM,3,2010,5,Conflict,Typical,54
SOM,3,2010,5,Conflict,Heightened,14
SOM,3,2010,5,Conflict,Critical,6
SOM,3,2010,5,Drought NDVI,Typical,69
SOM,3,2010,5,Drought NDVI,Heightened,4
SOM,3,2010,5,Drought NDVI,Critical,1
SOM,3,2010,5,Drought rainfall,Typical,74
SOM,3,2010,5,Exchange rates,Typical,74
SOM,3,2010,5,Food prices,Typical,74
SOM,3,2010,5,Fuel prices,Typical,74
SOM,3,2010,5,Heavy rainfall,Typical,52
SOM,3,2010,5,Heavy rainfall,Heightened,19
SOM,3,2010,5,Heavy rainfall,Critical,3
SOM,3,2010,6,Conflict,Typical,58
SOM,3,2010,6,Conflict,Heightened,13
SOM,3,2010,6,Conflict,Critical,3
SOM,3,2010,6,Drought NDVI,Typical,74
SOM,3,2010,6,Drought rainfall,Typical,74
SOM,3,2010,6,Exchange rates,Typical,74
SOM,3,2010,6,Food prices,Typical,74
SOM,3,2010,6,Fuel prices,Typical,74
SOM,3,2010,6,Heavy rainfall,Typical,73
SOM,3,2010,6,Heavy rainfall,Heightened,1
SOM,3,2010,7,Conflict,Typical,64
SOM,3,2010,7,Conflict,Heightened,7
SOM,3,2010,7,Conflict,Critical,3
SOM,3,2010,7,Drought NDVI,Typical,74
SOM,3,2010,7,Drought rainfall,Typical,74
SOM,3,2010,7,Exchange rates,Typical,74
SOM,3,2010,7,Food prices,Typical,74
SOM,3,2010,7,Fuel prices,Typical,74
SOM,3,2010,7,Heavy rainfall,Typical,74
SOM,3,2010,8,Conflict,Typical,59
SOM,3,2010,8,Conflict,Heightened,9
SOM,3,2010,8,Conflict,Critical,6
SOM,3,2010,8,Drought NDVI,Typical,74
SOM,3,2010,8,Drought rainfall,Typical,74
SOM,3,2010,8,Exchange rates,Typical,74
SOM,3,2010,8,Food prices,Typical,74
SOM,3,2010,8,Fuel prices,Typical,74
SOM,3,2010,8,Heavy rainfall,Typical,74
SOM,3,2010,9,Conflict,Typical,65
SOM,3,2010,9,Conflict,Heightened,1
SOM,3,2010,9,Conflict,Critical,8
SOM,3,2010,9,Drought NDVI,Typical,74
SOM,3,2010,9,Drought rainfall,Typical,74
SOM,3,2010,9,Exchange rates,Typical,74
SOM,3,2010,9,Food prices,Typical,74
SOM,3,2010,9,Fuel prices,Typical,74
SOM,3,2010,9,Heavy rainfall,Typical,74
SOM,3,2010,10,Conflict,Typical,47
SOM,3,2010,10,Conflict,Heightened,22
SOM,3,2010,10,Conflict,Critical,5
SOM,3,2010,10,Drought NDVI,Typical,74
SOM,3,2010,10,Drought rainfall,Typical,72
SOM,3,2010,10,Drought rainfall,Heightened,2
SOM,3,2010,10,Exchange rates,Typical,74
SOM,3,2010,10,Food prices,Typical,74
SOM,3,2010,10,Fuel prices,Typical,74
SOM,3,2010,10,Heavy rainfall,Typical,74
SOM,3,2010,11,Conflict,Typical,50
SOM,3,2010,11,Conflict,Heightened,17
SOM,3,2010,11,Conflict,Critical,7
SOM,3,2010,11,Drought NDVI,Typical,68
SOM,3,2010,11,Drought NDVI,Heightened,2
SOM,3,2010,11,Drought NDVI,Critical,4
SOM,3,2010,11,Drought rainfall,Typical,69
SOM,3,2010,11,Drought rainfall,Heightened,4
SOM,3,2010,11,Drought rainfall,Critical,1
SOM,3,2010,11,Exchange rates,Typical,74
SOM,3,2010,11,Food prices,Typical,74
SOM,3,2010,11,Fuel prices,Typical,74
SOM,3,2010,11,Heavy rainfall,Typical,74
SOM,3,2010,12,Conflict,Typical,49
SOM,3,2010,12,Conflict,Heightened,21
SOM,3,2010,12,Conflict,Critical,4
SOM,3,2010,12,Drought NDVI,Typical,64
SOM,3,2010,12,Drought NDVI,Heightened,5
SOM,3,2010,12,Drought NDVI,Critical,5
SOM,3,2010,12,Drought rainfall,Typical,62
SOM,3,2010,12,Drought rainfall,Heightened,11
SOM,3,2010,12,Drought rainfall,Critical,1
SOM,3,2010,12,Exchange rates,Typical,74
SOM,3,2010,12,Food prices,Typical,74
SOM,3,2010,12,Fuel prices,Typical,74
SOM,3,2010,12,Heavy rainfall,Typical,74
SOM,3,2011,1,Conflict,Typical,68
SOM,3,2011,1,Conflict,Heightened,6
SOM,3,2011,1,Drought NDVI,Typical,62
SOM,3,2011,1,Drought NDVI,Heightened,7
SOM,3,2011,1,Drought NDVI,Critical,5
SOM,3,2011,1,Drought rainfall,Typical,68
SOM,3,2011,1,Drought rainfall,Heightened,6
SOM,3,2011,1,Exchange rates,Typical,74
SOM,3,2011,1,Food prices,Typical,65
SOM,3,2011,1,Food prices,Heightened,9
SOM,3,2011,1,Fuel prices,Typical,15
SOM,3,2011,1,Fuel prices,Heightened,59
SOM,3,2011,1,Heavy rainfall,Typical,74
SOM,3,2011,2,Conflict,Typical,71
SOM,3,2011,2,Conflict,Heightened,3
SOM,3,2011,2,Drought NDVI,Typical,59
SOM,3,2011,2,Drought NDVI,Heightened,8
SOM,3,2011,2,Drought NDVI,Critical,7
SOM,3,2011,2,Drought rainfall,Typical,67
SOM,3,2011,2,Drought rainfall,Heightened,7
SOM,3,2011,2,Exchange rates,Typical,74
SOM,3,2011,2,Food prices,Typical,11
SOM,3,2011,2,Food prices,Heightened,63
SOM,3,2011,2,Fuel prices,Typical,3
SOM,3,2011,2,Fuel prices,Heightened,70
SOM,3,2011,2,Fuel prices,Critical,1
SOM,3,2011,2,Heavy rainfall,Typical,74
SOM,3,2011,3,Conflict,Typical,72
SOM,3,2011,3,Conflict,Heightened,2
SOM,3,2011,3,Drought NDVI,Typical,48
SOM,3,2011,3,Drought NDVI,Heightened,13
SOM,3,2011,3,Drought NDVI,Critical,13
SOM,3,2011,3,Drought rainfall,Typical,63
SOM,3,2011,3,Drought rainfall,Heightened,11
SOM,3,2011,3,Exchange rates,Typical,74
SOM,3,2011,3,Food prices,Typical,6
SOM,3,2011,3,Food prices,Heightened,57
SOM,3,2011,3,Food prices,Critical,11
SOM,3,2011,3,Fuel prices,Typical,1
SOM,3,2011,3,Fuel prices,Heightened,68
SOM,3,2011,3,Fuel prices,Critical,5
SOM,3,2011,3,Heavy rainfall,Typical,74
SOM,3,2011,4,Conflict,Typical,63
SOM,3,2011,4,Conflict,Heightened,9
SOM,3,2011,4,Conflict,Critical,2
SOM,3,2011,4,Drought NDVI,Typical,41
SOM,3,2011,4,Drought NDVI,Heightened,7
SOM,3,2011,4,Drought NDVI,Critical,26
SOM,3,2011,4,Drought rainfall,Typical,18
SOM,3,2011,4,Drought rainfall,Heightened,38
SOM,3,2011,4,Drought rainfall,Critical,18
SOM,3,2011,4,Exchange rates,Typical,74
SOM,3,2011,4,Food prices,Typical,6
SOM,3,2011,4,Food prices,Heightened,24
SOM,3,2011,4,Food prices,Critical,44
SOM,3,2011,4,Fuel prices,Typical,1
SOM,3,2011,4,Fuel prices,Heightened,48
SOM,3,2011,4,Fuel prices,Critical,25
SOM,3,2011,4,Heavy rainfall,Typical,74
SOM,3,2011,5,Conflict,Typical,61
SOM,3,2011,5,Conflict,Heightened,10
SOM,3,2011,5,Conflict,Critical,3
SOM,3,2011,5,Drought NDVI,Typical,37
SOM,3,2011,5,Drought NDVI,Heightened,6
SOM,3,2011,5,Drought NDVI,Critical,31
SOM,3,2011,5,Drought rainfall,Typical,33
SOM,3,2011,5,Drought rainfall,Heightened,30
SOM,3,2011,5,Drought rainfall,Critical,11
SOM,3,2011,5,Exchange rates,Typical,74
SOM,3,2011,5,Food prices,Typical,6
SOM,3,2011,5,Food prices,Heightened,4
SOM,3,2011,5,Food prices,Critical,64
SOM,3,2011,5,Fuel prices,Typical,1
SOM,3,2011,5,Fuel prices,Heightened,17
SOM,3,2011,5,Fuel prices,Critical,56
SOM,3,2011,5,Heavy rainfall,Typical,73
SOM,3,2011,5,Heavy rainfall,Heightened,1
SOM,3,2011,6,Conflict,Typical,58
SOM,3,2011,6,Conflict,Heightened,15
SOM,3,2011,6,Conflict,Critical,1
SOM,3,2011,6,Drought NDVI,Typical,34
SOM,3,2011,6,Drought NDVI,Heightened,8
SOM,3,2011,6,Drought NDVI,Critical,32
SOM,3,2011,6,Drought rainfall,Typical,24
SOM,3,2011,6,Drought rainfall,Heightened,32
SOM,3,2011,6,Drought rainfall,Critical,18
SOM,3,2011,6,Exchange rates,Typical,74
SOM,3,2011,6,Food prices,Typical,6
SOM,3,2011,6,Food prices,Heightened,5
SOM,3,2011,6,Food prices,Critical,63
SOM,3,2011,6,Fuel prices,Typical,1
SOM,3,2011,6,Fuel prices,Heightened,22
SOM,3,2011,6,Fuel prices,Critical,51
SOM,3,2011,6,Heavy rainfall,Typical,74
SOM,3,2011,7,Conflict,Typical,59
SOM,3,2011,7,Conflict,Heightened,15
SOM,3,2011,7,Drought NDVI,Typical,33
SOM,3,2011,7,Drought NDVI,Heightened,8
SOM,3,2011,7,Drought NDVI,Critical,33
SOM,3,2011,7,Drought rainfall,Typical,52
SOM,3,2011,7,Drought rainfall,Heightened,10
SOM,3,2011,7,Drought rainfall,Critical,12
SOM,3,2011,7,Exchange rates,Typical,74
SOM,3,2011,7,Food prices,Typical,5
SOM,3,2011,7,Food prices,Heightened,5
SOM,3,2011,7,Food prices,Critical,64
SOM,3,2011,7,Fuel prices,Heightened,21
SOM,3,2011,7,Fuel prices,Critical,53
SOM,3,2011,7,Heavy rainfall,Typical,74
SOM,3,2011,8,Conflict,Typical,58
SOM,3,2011,8,Conflict,Heightened,16
SOM,3,2011,8,Drought NDVI,Typical,34
SOM,3,2011,8,Drought NDVI,Heightened,8
SOM,3,2011,8,Drought NDVI,Critical,32
SOM,3,2011,8,Drought rainfall,Typical,56
SOM,3,2011,8,Drought rainfall,Heightened,12
SOM,3,2011,8,Drought rainfall,Critical,6
SOM,3,2011,8,Exchange rates,Typical,74
SOM,3,2011,8,Food prices,Typical,4
SOM,3,2011,8,Food prices,Heightened,4
SOM,3,2011,8,Food prices,Critical,66
SOM,3,2011,8,Fuel prices,Heightened,22
SOM,3,2011,8,Fuel prices,Critical,52
SOM,3,2011,8,Heavy rainfall,Typical,74
SOM,3,2011,9,Conflict,Typical,62
SOM,3,2011,9,Conflict,Heightened,8
SOM,3,2011,9,Conflict,Critical,4
SOM,3,2011,9,Drought NDVI,Typical,34
SOM,3,2011,9,Drought NDVI,Heightened,9
SOM,3,2011,9,Drought NDVI,Critical,31
SOM,3,2011,9,Drought rainfall,Typical,58
SOM,3,2011,9,Drought rainfall,Heightened,8
SOM,3,2011,9,Drought rainfall,Critical,8
SOM,3,2011,9,Exchange rates,Typical,74
SOM,3,2011,9,Food prices,Typical,4
SOM,3,2011,9,Food prices,Heightened,7
SOM,3,2011,9,Food prices,Critical,63
SOM,3,2011,9,Fuel prices,Heightened,32
SOM,3,2011,9,Fuel prices,Critical,42
SOM,3,2011,9,Heavy rainfall,Typical,74
SOM,3,2011,10,Conflict,Typical,46
SOM,3,2011,10,Conflict,Heightened,20
SOM,3,2011,10,Conflict,Critical,8
SOM,3,2011,10,Drought NDVI,Typical,41
SOM,3,2011,10,Drought NDVI,Heightened,5
SOM,3,2011,10,Drought NDVI,Critical,28
SOM,3,2011,10,Drought rainfall,Typical,71
SOM,3,2011,10,Drought rainfall,Heightened,3
SOM,3,2011,10,Exchange rates,Typical,74
SOM,3,2011,10,Food prices,Typical,5
SOM,3,2011,10,Food prices,Heightened,29
SOM,3,2011,10,Food prices,Critical,40
SOM,3,2011,10,Fuel prices,Heightened,61
SOM,3,2011,10,Fuel prices,Critical,13
SOM,3,2011,10,Heavy rainfall,Typical,33
SOM,3,2011,10,Heavy rainfall,Heightened,36
SOM,3,2011,10,Heavy rainfall,Critical,5
SOM,3,2011,11,Conflict,Typical,38
SOM,3,2011,11,Conflict,Heightened,24
SOM,3,2011,11,Conflict,Critical,12
SOM,3,2011,11,Drought NDVI,Typical,50
SOM,3,2011,11,Drought NDVI,Heightened,14
SOM,3,2011,11,Drought NDVI,Critical,10
SOM,3,2011,11,Drought rainfall,Typical,72
SOM,3,2011,11,Drought rainfall,Heightened,2
SOM,3,2011,11,Exchange rates,Typical,74
SOM,3,2011,11,Food prices,Typical,5
SOM,3,2011,11,Food prices,Heightened,53
SOM,3,2011,11,Food prices,Critical,16
SOM,3,2011,11,Fuel prices,Heightened,69
SOM,3,2011,11,Fuel prices,Critical,5
SOM,3,2011,11,Heavy rainfall,Typical,64
SOM,3,2011,11,Heavy rainfall,Heightened,10
SOM,3,2011,12,Conflict,Typical,47
SOM,3,2011,12,Conflict,Heightened,18
SOM,3,2011,12,Conflict,Critical,9
SOM,3,2011,12,Drought NDVI,Typical,68
SOM,3,2011,12,Drought NDVI,Heightened,5
SOM,3,2011,12,Drought NDVI,Critical,1
SOM,3,2011,12,Drought rainfall,Typical,72
SOM,3,2011,12,Drought rainfall,Heightened,2
SOM,3,2011,12,Exchange rates,Typical,74
SOM,3,2011,12,Food prices,Typical,10
SOM,3,2011,12,Food prices,Heightened,58
SOM,3,2011,12,Food prices,Critical,6
SOM,3,2011,12,Fuel prices,Typical,1
SOM,3,2011,12,Fuel prices,Heightened,73
SOM,3,2011,12,Heavy rainfall,Typical,74
SOM,3,2012,1,Conflict,Typical,49
SOM,3,2012,1,Conflict,Heightened,20
SOM,3,2012,1,Conflict,Critical,5
SOM,3,2012,1,Drought NDVI,Typical,74
SOM,3,2012,1,Drought rainfall,Typical,74
SOM,3,2012,1,Exchange rates,Typical,74
SOM,3,2012,1,Food prices,Typical,19
SOM,3,2012,1,Food prices,Heightened,50
SOM,3,2012,1,Food prices,Critical,5
SOM,3,2012,1,Fuel prices,Typical,3
SOM,3,2012,1,Fuel prices,Heightened,71
SOM,3,2012,1,Heavy rainfall,Typical,74
SOM,3,2012,2,Conflict,Typical,41
SOM,3,2012,2,Conflict,Heightened,29
SOM,3,2012,2,Conflict,Critical,4
SOM,3,2012,2,Drought NDVI,Typical,73
SOM,3,2012,2,Drought NDVI,Heightened,1
SOM,3,2012,2,Drought rainfall,Typical,74
SOM,3,2012,2,Exchange rates,Typical,74
SOM,3,2012,2,Food prices,Typical,60
SOM,3,2012,2,Food prices,Heightened,13
SOM,3,2012,2,Food prices,Critical,1
SOM,3,2012,2,Fuel prices,Typical,30
SOM,3,2012,2,Fuel prices,Heightened,44
SOM,3,2012,2,Heavy rainfall,Typical,74
SOM,3,2012,3,Conflict,Typical,52
SOM,3,2012,3,Conflict,Heightened,22
SOM,3,2012,3,Drought NDVI,Typical,74
SOM,3,2012,3,Drought rainfall,Typical,74
SOM,3,2012,3,Exchange rates,Typical,74
SOM,3,2012,3,Food prices,Typical,69
SOM,3,2012,3,Food prices,Heightened,5
SOM,3,2012,3,Fuel prices,Typical,28
SOM,3,2012,3,Fuel prices,Heightened,46
SOM,3,2012,3,Heavy rainfall,Typical,74
SOM,3,2012,4,Conflict,Typical,45
SOM,3,2012,4,Conflict,Heightened,22
SOM,3,2012,4,Conflict,Critical,7
SOM,3,2012,4,Drought NDVI,Typical,74
SOM,3,2012,4,Drought rainfall,Typical,74
SOM,3,2012,4,Exchange rates,Typical,74
SOM,3,2012,4,Food prices,Typical,65
SOM,3,2012,4,Food prices,Heightened,9
SOM,3,2012,4,Fuel prices,Typical,50
SOM,3,2012,4,Fuel prices,Heightened,24
SOM,3,2012,4,Heavy rainfall,Typical,73
SOM,3,2012,4,Heavy rainfall,Heightened,1
SOM,3,2012,5,Conflict,Typical,53
SOM,3,2012,5,Conflict,Heightened,16
SOM,3,2012,5,Conflict,Critical,5
SOM,3,2012,5,Drought NDVI,Typical,73
SOM,3,2012,5,Drought NDVI,Heightened,1
SOM,3,2012,5,Drought rainfall,Typical,73
SOM,3,2012,5,Drought rainfall,Heightened,1
SOM,3,2012,5,Exchange rates,Typical,74
SOM,3,2012,5,Food prices,Typical,65
SOM,3,2012,5,Food prices,Heightened,9
SOM,3,2012,5,Fuel prices,Typical,49
SOM,3,2012,5,Fuel prices,Heightened,25
SOM,3,2012,5,Heavy rainfall,Typical,72
SOM,3,2012,5,Heavy rainfall,Heightened,2
SOM,3,2012,6,Conflict,Typical,40
SOM,3,2012,6,Conflict,Heightened,27
SOM,3,2012,6,Conflict,Critical,7
SOM,3,2012,6,Drought NDVI,Typical,72
SOM,3,2012,6,Drought NDVI,Heightened,2
SOM,3,2012,6,Drought rainfall,Typical,73
SOM,3,2012,6,Drought rainfall,Heightened,1
SOM,3,2012,6,Exchange rates,Typical,74
SOM,3,2012,6,Food prices,Typical,69
SOM,3,2012,6,Food prices,Heightened,5
SOM,3,2012,6,Fuel prices,Typical,61
SOM,3,2012,6,Fuel prices,Heightened,13
SOM,3,2012,6,Heavy rainfall,Typical,74
SOM,3,2012,7,Conflict,Typical,46
SOM,3,2012,7,Conflict,Heightened,17
SOM,3,2012,7,Conflict,Critical,11
SOM,3,2012,7,Drought NDVI,Typical,73
SOM,3,2012,7,Drought NDVI,Heightened,1
SOM,3,2012,7,Drought rainfall,Typical,74
SOM,3,2012,7,Exchange rates,Typical,74
SOM,3,2012,7,Food prices,Typical,67
SOM,3,2012,7,Food prices,Heightened,7
SOM,3,2012,7,Fuel prices,Typical,55
SOM,3,2012,7,Fuel prices,Heightened,19
SOM,3,2012,7,Heavy rainfall,Typical,74
SOM,3,2012,8,Conflict,Typical,49
SOM,3,2012,8,Conflict,Heightened,11
SOM,3,2012,8,Conflict,Critical,14
SOM,3,2012,8,Drought NDVI,Typical,72
SOM,3,2012,8,Drought NDVI,Heightened,2
SOM,3,2012,8,Drought rainfall,Typical,72
SOM,3,2012,8,Drought rainfall,Heightened,2
SOM,3,2012,8,Exchange rates,Typical,74
SOM,3,2012,8,Food prices,Typical,69
SOM,3,2012,8,Food prices,Heightened,5
SOM,3,2012,8,Fuel prices,Typical,61
SOM,3,2012,8,Fuel prices,Heightened,13
SOM,3,2012,8,Heavy rainfall,Typical,74
SOM,3,2012,9,Conflict,Typical,49
SOM,3,2012,9,Conflict,Heightened,15
SOM,3,2012,9,Conflict,Critical,10
SOM,3,2012,9,Drought NDVI,Typical,72
SOM,3,2012,9,Drought NDVI,Heightened,2
SOM,3,2012,9,Drought rainfall,Typical,68
SOM,3,2012,9,Drought rainfall,Heightened,6
SOM,3,2012,9,Exchange rates,Typical,74
SOM,3,2012,9,Food prices,Typical,72
SOM,3,2012,9,Food prices,Heightened,2
SOM,3,2012,9,Fuel prices,Typical,72
SOM,3,2012,9,Fuel prices,Heightened,2
SOM,3,2012,9,Heavy rainfall,Typical,74
SOM,3,2012,10,Conflict,Typical,48
SOM,3,2012,10,Conflict,Heightened,18
SOM,3,2012,10,Conflict,Critical,8
SOM,3,2012,10,Drought NDVI,Typical,71
SOM,3,2012,10,Drought NDVI,Heightened,3
SOM,3,2012,10,Drought rainfall,Typical,69
SOM,3,2012,10,Drought rainfall,Heightened,5
SOM,3,2012,10,Exchange rates,Typical,74
SOM,3,2012,10,Food prices,Typical,69
SOM,3,2012,10,Food prices,Heightened,5
SOM,3,2012,10,Fuel prices,Typical,68
SOM,3,2012,10,Fuel prices,Heightened,6
SOM,3,2012,10,Heavy rainfall,Typical,55
SOM,3,2012,10,Heavy rainfall,Heightened,15
SOM,3,2012,10,Heavy rainfall,Critical,4
SOM,3,2012,11,Conflict,Typical,45
SOM,3,2012,11,Conflict,Heightened,24
SOM,3,2012,11,Conflict,Critical,5
SOM,3,2012,11,Drought NDVI,Typical,71
SOM,3,2012,11,Drought NDVI,Heightened,3
SOM,3,2012,11,Drought rainfall,Typical,69
SOM,3,2012,11,Drought rainfall,Heightened,5
SOM,3,2012,11,Exchange rates,Typical,74
SOM,3,2012,11,Food prices,Typical,70
SOM,3,2012,11,Food prices,Heightened,4
SOM,3,2012,11,Fuel prices,Typical,73
SOM,3,2012,11,Fuel prices,Heightened,1
SOM,3,2012,11,Heavy rainfall,Typical,74
SOM,3,2012,12,Conflict,Typical,42
SOM,3,2012,12,Conflict,Heightened,25
SOM,3,2012,12,Conflict,Critical,7
SOM,3,2012,12,Drought NDVI,Typical,68
SOM,3,2012,12,Drought NDVI,Heightened,6
SOM,3,2012,12,Drought rainfall,Typical,71
SOM,3,2012,12,Drought rainfall,Heightened,3
SOM,3,2012,12,Exchange rates,Typical,74
SOM,3,2012,12,Food prices,Typical,69
SOM,3,2012,12,Food prices,Heightened,5
SOM,3,2012,12,Fuel prices,Typical,73
SOM,3,2012,12,Fuel prices,Heightened,1
SOM,3,2012,12,Heavy rainfall,Typical,71
SOM,3,2012,12,Heavy rainfall,Heightened,3
SOM,3,2013,1,Conflict,Typical,45
SOM,3,2013,1,Conflict,Heightened,23
SOM,3,2013,1,Conflict,Critical,6
SOM,3,2013,1,Drought NDVI,Typical,70
SOM,3,2013,1,Drought NDVI,Heightened,2
SOM,3,2013,1,Drought NDVI,Critical,2
SOM,3,2013,1,Drought rainfall,Typical,73
SOM,3,2013,1,Drought rainfall,Heightened,1
SOM,3,2013,1,Exchange rates,Typical,74
SOM,3,2013,1,Food prices,Typical,70
SOM,3,2013,1,Food prices,Heightened,4
SOM,3,2013,1,Fuel prices,Typical,74
SOM,3,2013,1,Heavy rainfall,Typical,74
SOM,3,2013,2,Conflict,Typical,49
SOM,3,2013,2,Conflict,Heightened,21
SOM,3,2013,2,Conflict,Critical,4
SOM,3,2013,2,Drought NDVI,Typical,70
SOM,3,2013,2,Drought NDVI,Heightened,3
SOM,3,2013,2,Drought NDVI,Critical,1
SOM,3,2013,2,Drought rainfall,Typical,74
SOM,3,2013,2,Exchange rates,Typical,74
SOM,3,2013,2,Food prices,Typical,74
SOM,3,2013,2,Fuel prices,Typical,74
SOM,3,2013,2,Heavy rainfall,Typical,74
SOM,3,2013,3,Conflict,Typical,54
SOM,3,2013,3,Conflict,Heightened,18
SOM,3,2013,3,Conflict,Critical,2
SOM,3,2013,3,Drought NDVI,Typical,70
SOM,3,2013,3,Drought NDVI,Heightened,3
SOM,3,2013,3,Drought NDVI,Critical,1
SOM,3,2013,3,Drought rainfall,Typical,74
SOM,3,2013,3,Exchange rates,Typical,74
SOM,3,2013,3,Food prices,Typical,74
SOM,3,2013,3,Fuel prices,Typical,74
SOM,3,2013,3,Heavy rainfall,Typical,71
SOM,3,2013,3,Heavy rainfall,Heightened,3
SOM,3,2013,4,Conflict,Typical,56
SOM,3,2013,4,Conflict,Heightened,17
SOM,3,2013,4,Conflict,Critical,1
SOM,3,2013,4,Drought NDVI,Typical,72
SOM,3,2013,4,Drought NDVI,Heightened,2
SOM,3,2013,4,Drought rainfall,Typical,74
SOM,3,2013,4,Exchange rates,Typical,74
SOM,3,2013,4,Food prices,Typical,74
SOM,3,2013,4,Fuel prices,Typical,74
SOM,3,2013,4,Heavy rainfall,Typical,46
SOM,3,2013,4,Heavy rainfall,Heightened,28
SOM,3,2013,5,Conflict,Typical,55
SOM,3,2013,5,Conflict,Heightened,19
SOM,3,2013,5,Drought NDVI,Typical,73
SOM,3,2013,5,Drought NDVI,Heightened,1
SOM,3,2013,5,Drought rainfall,Typical,74
SOM,3,2013,5,Exchange rates,Typical,74
SOM,3,2013,5,Food prices,Typical,74
SOM,3,2013,5,Fuel prices,Typical,74
SOM,3,2013,5,Heavy rainfall,Typical,73
SOM,3,2013,5,Heavy rainfall,Heightened,1
SOM,3,2013,6,Conflict,Typical,48
SOM,3,2013,6,Conflict,Heightened,24
SOM,3,2013,6,Conflict,Critical,2
SOM,3,2013,6,Drought NDVI,Typical,74
SOM,3,2013,6,Drought rainfall,Typical,74
SOM,3,2013,6,Exchange rates,Typical,74
SOM,3,2013,6,Food prices,Typical,74
SOM,3,2013,6,Fuel prices,Typical,74
SOM,3,2013,6,Heavy rainfall,Typical,74
SOM,3,2013,7,Conflict,Typical,51
SOM,3,2013,7,Conflict,Heightened,21
SOM,3,2013,7,Conflict,Critical,2
SOM,3,2013,7,Drought NDVI,Typical,74
SOM,3,2013,7,Drought rainfall,Typical,74
SOM,3,2013,7,Exchange rates,Typical,74
SOM,3,2013,7,Food prices,Typical,74
SOM,3,2013,7,Fuel prices,Typical,74
SOM,3,2013,7,Heavy rainfall,Typical,74
SOM,3,2013,8,Conflict,Typical,45
SOM,3,2013,8,Conflict,Heightened,28
SOM,3,2013,8,Conflict,Critical,1
SOM,3,2013,8,Drought NDVI,Typical,74
SOM,3,2013,8,Drought rainfall,Typical,72
SOM,3,2013,8,Drought rainfall,Heightened,2
SOM,3,2013,8,Exchange rates,Typical,74
SOM,3,2013,8,Food prices,Typical,74
SOM,3,2013,8,Fuel prices,Typical,74
SOM,3,2013,8,Heavy rainfall,Typical,74
SOM,3,2013,9,Conflict,Typical,53
SOM,3,2013,9,Conflict,Heightened,21
SOM,3,2013,9,Drought NDVI,Typical,74
SOM,3,2013,9,Drought rainfall,Typical,74
SOM,3,2013,9,Exchange rates,Typical,74
SOM,3,2013,9,Food prices,Typical,74
SOM,3,2013,9,Fuel prices,Typical,74
SOM,3,2013,9,Heavy rainfall,Typical,74
SOM,3,2013,10,Conflict,Typical,47
SOM,3,2013,10,Conflict,Heightened,27
SOM,3,2013,10,Drought NDVI,Typical,74
SOM,3,2013,10,Drought rainfall,Typical,74
SOM,3,2013,10,Exchange rates,Typical,74
SOM,3,2013,10,Food prices,Typical,74
SOM,3,2013,10,Fuel prices,Typical,74
SOM,3,2013,10,Heavy rainfall,Typical,42
SOM,3,2013,10,Heavy rainfall,Heightened,31
SOM,3,2013,10,Heavy rainfall,Critical,1
SOM,3,2013,11,Conflict,Typical,43
SOM,3,2013,11,Conflict,Heightened,29
SOM,3,2013,11,Conflict,Critical,2
SOM,3,2013,11,Drought NDVI,Typical,74
SOM,3,2013,11,Drought rainfall,Typical,74
SOM,3,2013,11,Exchange rates,Typical,74
SOM,3,2013,11,Food prices,Typical,74
SOM,3,2013,11,Fuel prices,Typical,74
SOM,3,2013,11,Heavy rainfall,Typical,71
SOM,3,2013,11,Heavy rainfall,Heightened,3
SOM,3,2013,12,Conflict,Typical,50
SOM,3,2013,12,Conflict,Heightened,24
SOM,3,2013,12,Drought NDVI,Typical,74
SOM,3,2013,12,Drought rainfall,Typical,74
SOM,3,2013,12,Exchange rates,Typical,74
SOM,3,2013,12,Food prices,Typical,74
SOM,3,2013,12,Fuel prices,Typical,74
SOM,3,2013,12,Heavy rainfall,Typical,74
SOM,3,2014,1,Conflict,Typical,54
SOM,3,2014,1,Conflict,Heightened,20
SOM,3,2014,1,Drought NDVI,Typical,74
SOM,3,2014,1,Drought rainfall,Typical,74
SOM,3,2014,1,Exchange rates,Typical,74
SOM,3,2014,1,Food prices,Typical,73
SOM,3,2014,1,Food prices,Heightened,1
SOM,3,2014,1,Fuel prices,Typical,74
SOM,3,2014,1,Heavy rainfall,Typical,74
SOM,3,2014,2,Conflict,Typical,54
SOM,3,2014,2,Conflict,Heightened,19
SOM,3,2014,2,Conflict,Critical,1
SOM,3,2014,2,Drought NDVI,Typical,74
SOM,3,2014,2,Drought rainfall,Typical,74
SOM,3,2014,2,Exchange rates,Typical,74
SOM,3,2014,2,Food prices,Typical,74
SOM,3,2014,2,Fuel prices,Typical,74
SOM,3,2014,2,Heavy rainfall,Typical,74
SOM,3,2014,3,Conflict,Typical,45
SOM,3,2014,3,Conflict,Heightened,24
SOM,3,2014,3,Conflict,Critical,5
SOM,3,2014,3,Drought NDVI,Typical,74
SOM,3,2014,3,Drought rainfall,Typical,74
SOM,3,2014,3,Exchange rates,Typical,74
SOM,3,2014,3,Food prices,Typical,73
SOM,3,2014,3,Food prices,Heightened,1
SOM,3,2014,3,Fuel prices,Typical,74
SOM,3,2014,3,Heavy rainfall,Typical,74
SOM,3,2014,4,Conflict,Typical,48
SOM,3,2014,4,Conflict,Heightened,24
SOM,3,2014,4,Conflict,Critical,2
SOM,3,2014,4,Drought NDVI,Typical,74
SOM,3,2014,4,Drought rainfall,Typical,74
SOM,3,2014,4,Exchange rates,Typical,74
SOM,3,2014,4,Food prices,Typical,70
SOM,3,2014,4,Food prices,Heightened,4
SOM,3,2014,4,Fuel prices,Typical,73
SOM,3,2014,4,Fuel prices,Heightened,1
SOM,3,2014,4,Heavy rainfall,Typical,74
SOM,3,2014,5,Conflict,Typical,44
SOM,3,2014,5,Conflict,Heightened,28
SOM,3,2014,5,Conflict,Critical,2
SOM,3,2014,5,Drought NDVI,Typical,74
SOM,3,2014,5,Drought rainfall,Typical,74
SOM,3,2014,5,Exchange rates,Typical,74
SOM,3,2014,5,Food prices,Typical,60
SOM,3,2014,5,Food prices,Heightened,14
SOM,3,2014,5,Fuel prices,Typical,72
SOM,3,2014,5,Fuel prices,Heightened,2
SOM,3,2014,5,Heavy rainfall,Typical,71
SOM,3,2014,5,Heavy rainfall,Heightened,3
SOM,3,2014,6,Conflict,Typical,42
SOM,3,2014,6,Conflict,Heightened,25
SOM,3,2014,6,Conflict,Critical,7
SOM,3,2014,6,Drought NDVI,Typical,74
SOM,3,2014,6,Drought rainfall,Typical,74
SOM,3,2014,6,Exchange rates,Typical,74
SOM,3,2014,6,Food prices,Typical,57
SOM,3,2014,6,Food prices,Heightened,17
SOM,3,2014,6,Fuel prices,Typical,71
SOM,3,2014,6,Fuel prices,Heightened,3
SOM,3,2014,6,Heavy rainfall,Typical,74
SOM,3,2014,7,Conflict,Typical,38
SOM,3,2014,7,Conflict,Heightened,34
SOM,3,2014,7,Conflict,Critical,2
SOM,3,2014,7,Drought NDVI,Typical,74
SOM,3,2014,7,Drought rainfall,Typical,73
SOM,3,2014,7,Drought rainfall,Heightened,1
SOM,3,2014,7,Exchange rates,Typical,74
SOM,3,2014,7,Food prices,Typical,50
SOM,3,2014,7,Food prices,Heightened,24
SOM,3,2014,7,Fuel prices,Typical,71
SOM,3,2014,7,Fuel prices,Heightened,3
SOM,3,2014,7,Heavy rainfall,Typical,74
SOM,3,2014,8,Conflict,Typical,38
SOM,3,2014,8,Conflict,Heightened,28
SOM,3,2014,8,Conflict,Critical,8
SOM,3,2014,8,Drought NDVI,Typical,74
SOM,3,2014,8,Drought rainfall,Typical,67
SOM,3,2014,8,Drought rainfall,Heightened,5
SOM,3,2014,8,Drought rainfall,Critical,2
SOM,3,2014,8,Exchange rates,Typical,74
SOM,3,2014,8,Food prices,Typical,45
SOM,3,2014,8,Food prices,Heightened,29
SOM,3,2014,8,Fuel prices,Typical,65
SOM,3,2014,8,Fuel prices,Heightened,9
SOM,3,2014,8,Heavy rainfall,Typical,74
SOM,3,2014,9,Conflict,Typical,48
SOM,3,2014,9,Conflict,Heightened,26
SOM,3,2014,9,Drought NDVI,Typical,74
SOM,3,2014,9,Drought rainfall,Typical,70
SOM,3,2014,9,Drought rainfall,Heightened,3
SOM,3,2014,9,Drought rainfall,Critical,1
SOM,3,2014,9,Exchange rates,Typical,74
SOM,3,2014,9,Food prices,Typical,58
SOM,3,2014,9,Food prices,Heightened,16
SOM,3,2014,9,Fuel prices,Typical,73
SOM,3,2014,9,Fuel prices,Heightened,1
SOM,3,2014,9,Heavy rainfall,Typical,74
SOM,3,2014,10,Conflict,Typical,45
SOM,3,2014,10,Conflict,Heightened,29
SOM,3,2014,10,Drought NDVI,Typical,73
SOM,3,2014,10,Drought NDVI,Critical,1
SOM,3,2014,10,Drought rainfall,Typical,71
SOM,3,2014,10,Drought rainfall,Heightened,3
SOM,3,2014,10,Exchange rates,Typical,74
SOM,3,2014,10,Food prices,Typical,54
SOM,3,2014,10,Food prices,Heightened,20
SOM,3,2014,10,Fuel prices,Typical,73
SOM,3,2014,10,Fuel prices,Heightened,1
SOM,3,2014,10,Heavy rainfall,Typical,70
SOM,3,2014,10,Heavy rainfall,Heightened,4
SOM,3,2014,11,Conflict,Typical,48
SOM,3,2014,11,Conflict,Heightened,23
SOM,3,2014,11,Conflict,Critical,3
SOM,3,2014,11,Drought NDVI,Typical,73
SOM,3,2014,11,Drought NDVI,Heightened,1
SOM,3,2014,11,Drought rainfall,Typical,70
SOM,3,2014,11,Drought rainfall,Heightened,4
SOM,3,2014,11,Exchange rates,Typical,74
SOM,3,2014,11,Food prices,Typical,47
SOM,3,2014,11,Food prices,Heightened,27
SOM,3,2014,11,Fuel prices,Typical,64
SOM,3,2014,11,Fuel prices,Heightened,10
SOM,3,2014,11,Heavy rainfall,Typical,74
SOM,3,2014,12,Conflict,Typical,40
SOM,3,2014,12,Conflict,Heightened,33
SOM,3,2014,12,Conflict,Critical,1
SOM,3,2014,12,Drought NDVI,Typical,72
SOM,3,2014,12,Drought NDVI,Heightened,2
SOM,3,2014,12,Drought rainfall,Typical,72
SOM,3,2014,12,Drought rainfall,Heightened,2
SOM,3,2014,12,Exchange rates,Typical,74
SOM,3,2014,12,Food prices,Typical,49
SOM,3,2014,12,Food prices,Heightened,25
SOM,3,2014,12,Fuel prices,Typical,67
SOM,3,2014,12,Fuel prices,Heightened,7
SOM,3,2014,12,Heavy rainfall,Typical,74
SOM,3,2015,1,Conflict,Typical,43
SOM,3,2015,1,Conflict,Heightened,28
SOM,3,2015,1,Conflict,Critical,3
SOM,3,2015,1,Drought NDVI,Typical,72
SOM,3,2015,1,Drought NDVI,Heightened,2
SOM,3,2015,1,Drought rainfall,Typical,74
SOM,3,2015,1,Exchange rates,Typical,74
SOM,3,2015,1,Food prices,Typical,53
SOM,3,2015,1,Food prices,Heightened,21
SOM,3,2015,1,Fuel prices,Typical,71
SOM,3,2015,1,Fuel prices,Heightened,3
SOM,3,2015,1,Heavy rainfall,Typical,74
SOM,3,2015,2,Conflict,Typical,43
SOM,3,2015,2,Conflict,Heightened,26
SOM,3,2015,2,Conflict,Critical,5
SOM,3,2015,2,Drought NDVI,Typical,71
SOM,3,2015,2,Drought NDVI,Heightened,3
SOM,3,2015,2,Drought rainfall,Typical,74
SOM,3,2015,2,Exchange rates,Typical,74
SOM,3,2015,2,Food prices,Typical,61
SOM,3,2015,2,Food prices,Heightened,13
SOM,3,2015,2,Fuel prices,Typical,73
SOM,3,2015,2,Fuel prices,Heightened,1
SOM,3,2015,2,Heavy rainfall,Typical,74
SOM,3,2015,3,Conflict,Typical,53
SOM,3,2015,3,Conflict,Heightened,21
SOM,3,2015,3,Drought NDVI,Typical,72
SOM,3,2015,3,Drought NDVI,Heightened,2
SOM,3,2015,3,Drought rainfall,Typical,74
SOM,3,2015,3,Exchange rates,Typical,74
SOM,3,2015,3,Food prices,Typical,68
SOM,3,2015,3,Food prices,Heightened,6
SOM,3,2015,3,Fuel prices,Typical,73
SOM,3,2015,3,Fuel prices,Heightened,1
SOM,3,2015,3,Heavy rainfall,Typical,73
SOM,3,2015,3,Heavy rainfall,Heightened,1
SOM,3,2015,4,Conflict,Typical,64
SOM,3,2015,4,Conflict,Heightened,10
SOM,3,2015,4,Drought NDVI,Typical,72
SOM,3,2015,4,Drought NDVI,Heightened,2
SOM,3,2015,4,Drought rainfall,Typical,74
SOM,3,2015,4,Exchange rates,Typical,74
SOM,3,2015,4,Food prices,Typical,63
SOM,3,2015,4,Food prices,Heightened,11
SOM,3,2015,4,Fuel prices,Typical,73
SOM,3,2015,4,Fuel prices,Heightened,1
SOM,3,2015,4,Heavy rainfall,Typical,71
SOM,3,2015,4,Heavy rainfall,Heightened,3
SOM,3,2015,5,Conflict,Typical,59
SOM,3,2015,5,Conflict,Heightened,15
SOM,3,2015,5,Drought NDVI,Typical,73
SOM,3,2015,5,Drought NDVI,Heightened,1
SOM,3,2015,5,Drought rainfall,Typical,74
SOM,3,2015,5,Exchange rates,Typical,74
SOM,3,2015,5,Food prices,Typical,67
SOM,3,2015,5,Food prices,Heightened,7
SOM,3,2015,5,Fuel prices,Typical,71
SOM,3,2015,5,Fuel prices,Heightened,3
SOM,3,2015,5,Heavy rainfall,Typical,74
SOM,3,2015,6,Conflict,Typical,59
SOM,3,2015,6,Conflict,Heightened,15
SOM,3,2015,6,Drought NDVI,Typical,73
SOM,3,2015,6,Drought NDVI,Critical,1
SOM,3,2015,6,Drought rainfall,Typical,74
SOM,3,2015,6,Exchange rates,Typical,74
SOM,3,2015,6,Food prices,Typical,70
SOM,3,2015,6,Food prices,Heightened,4
SOM,3,2015,6,Fuel prices,Typical,73
SOM,3,2015,6,Fuel prices,Heightened,1
SOM,3,2015,6,Heavy rainfall,Typical,74
SOM,3,2015,7,Conflict,Typical,46
SOM,3,2015,7,Conflict,Heightened,28
SOM,3,2015,7,Drought NDVI,Typical,73
SOM,3,2015,7,Drought NDVI,Critical,1
SOM,3,2015,7,Drought rainfall,Typical,74
SOM,3,2015,7,Exchange rates,Typical,74
SOM,3,2015,7,Food prices,Typical,71
SOM,3,2015,7,Food prices,Heightened,3
SOM,3,2015,7,Fuel prices,Typical,72
SOM,3,2015,7,Fuel prices,Heightened,2
SOM,3,2015,7,Heavy rainfall,Typical,74
SOM,3,2015,8,Conflict,Typical,42
SOM,3,2015,8,Conflict,Heightened,27
SOM,3,2015,8,Conflict,Critical,5
SOM,3,2015,8,Drought NDVI,Typical,73
SOM,3,2015,8,Drought NDVI,Heightened,1
SOM,3,2015,8,Drought rainfall,Typical,71
SOM,3,2015,8,Drought rainfall,Heightened,3
SOM,3,2015,8,Exchange rates,Typical,74
SOM,3,2015,8,Food prices,Typical,69
SOM,3,2015,8,Food prices,Heightened,5
SOM,3,2015,8,Fuel prices,Typical,72
SOM,3,2015,8,Fuel prices,Heightened,2
SOM,3,2015,8,Heavy rainfall,Typical,74
SOM,3,2015,9,Conflict,Typical,35
SOM,3,2015,9,Conflict,Heightened,35
SOM,3,2015,9,Conflict,Critical,4
SOM,3,2015,9,Drought NDVI,Typical,73
SOM,3,2015,9,Drought NDVI,Heightened,1
SOM,3,2015,9,Drought rainfall,Typical,71
SOM,3,2015,9,Drought rainfall,Heightened,3
SOM,3,2015,9,Exchange rates,Typical,74
SOM,3,2015,9,Food prices,Typical,66
SOM,3,2015,9,Food prices,Heightened,8
SOM,3,2015,9,Fuel prices,Typical,66
SOM,3,2015,9,Fuel prices,Heightened,7
SOM,3,2015,9,Fuel prices,Critical,1
SOM,3,2015,9,Heavy rainfall,Typical,74
SOM,3,2015,10,Conflict,Typical,48
SOM,3,2015,10,Conflict,Heightened,26
SOM,3,2015,10,Drought NDVI,Typical,72
SOM,3,2015,10,Drought NDVI,Heightened,1
SOM,3,2015,10,Drought NDVI,Critical,1
SOM,3,2015,10,Drought rainfall,Typical,69
SOM,3,2015,10,Drought rainfall,Heightened,3
SOM,3,2015,10,Drought rainfall,Critical,2
SOM,3,2015,10,Exchange rates,Typical,74
SOM,3,2015,10,Food prices,Typical,47
SOM,3,2015,10,Food prices,Heightened,27
SOM,3,2015,10,Fuel prices,Typical,62
SOM,3,2015,10,Fuel prices,Heightened,12
SOM,3,2015,10,Heavy rainfall,Typical,59
SOM,3,2015,10,Heavy rainfall,Heightened,15
SOM,3,2015,11,Conflict,Typical,43
SOM,3,2015,11,Conflict,Heightened,28
SOM,3,2015,11,Conflict,Critical,3
SOM,3,2015,11,Drought NDVI,Typical,72
SOM,3,2015,11,Drought NDVI,Heightened,1
SOM,3,2015,11,Drought NDVI,Critical,1
SOM,3,2015,11,Drought rainfall,Typical,69
SOM,3,2015,11,Drought rainfall,Heightened,4
SOM,3,2015,11,Drought rainfall,Critical,1
SOM,3,2015,11,Exchange rates,Typical,74
SOM,3,2015,11,Food prices,Typical,67
SOM,3,2015,11,Food prices,Heightened,7
SOM,3,2015,11,Fuel prices,Typical,53
SOM,3,2015,11,Fuel prices,Heightened,21
SOM,3,2015,11,Heavy rainfall,Typical,71
SOM,3,2015,11,Heavy rainfall,Heightened,3
SOM,3,2015,12,Conflict,Typical,48
SOM,3,2015,12,Conflict,Heightened,23
SOM,3,2015,12,Conflict,Critical,3
SOM,3,2015,12,Drought NDVI,Typical,72
SOM,3,2015,12,Drought NDVI,Critical,2
SOM,3,2015,12,Drought rainfall,Typical,69
SOM,3,2015,12,Drought rainfall,Heightened,5
SOM,3,2015,12,Exchange rates,Typical,74
SOM,3,2015,12,Food prices,Typical,67
SOM,3,2015,12,Food prices,Heightened,7
SOM,3,2015,12,Fuel prices,Typical,54
SOM,3,2015,12,Fuel prices,Heightened,19
SOM,3,2015,12,Fuel prices,Critical,1
SOM,3,2015,12,Heavy rainfall,Typical,74
SOM,3,2016,1,Conflict,Typical,57
SOM,3,2016,1,Conflict,Heightened,17
SOM,3,2016,1,Drought NDVI,Typical,72
SOM,3,2016,1,Drought NDVI,Heightened,1
SOM,3,2016,1,Drought NDVI,Critical,1
SOM,3,2016,1,Drought rainfall,Typical,74
SOM,3,2016,1,Exchange rates,Typical,74
SOM,3,2016,1,Food prices,Typical,69
SOM,3,2016,1,Food prices,Heightened,5
SOM,3,2016,1,Fuel prices,Typical,70
SOM,3,2016,1,Fuel prices,Heightened,4
SOM,3,2016,1,Heavy rainfall,Typical,74
SOM,3,2016,2,Conflict,Typical,50
SOM,3,2016,2,Conflict,Heightened,24
SOM,3,2016,2,Drought NDVI,Typical,72
SOM,3,2016,2,Drought NDVI,Heightened,2
SOM,3,2016,2,Drought rainfall,Typical,74
SOM,3,2016,2,Exchange rates,Typical,74
SOM,3,2016,2,Food prices,Typical,74
SOM,3,2016,2,Fuel prices,Typical,74
SOM,3,2016,2,Heavy rainfall,Typical,74
SOM,3,2016,3,Conflict,Typical,39
SOM,3,2016,3,Conflict,Heightened,24
SOM,3,2016,3,Conflict,Critical,11
SOM,3,2016,3,Drought NDVI,Typical,72
SOM,3,2016,3,Drought NDVI,Heightened,1
SOM,3,2016,3,Drought NDVI,Critical,1
SOM,3,2016,3,Drought rainfall,Typical,73
SOM,3,2016,3,Drought rainfall,Heightened,1
SOM,3,2016,3,Exchange rates,Typical,74
SOM,3,2016,3,Food prices,Typical,74
SOM,3,2016,3,Fuel prices,Typical,74
SOM,3,2016,3,Heavy rainfall,Typical,74
SOM,3,2016,4,Conflict,Typical,39
SOM,3,2016,4,Conflict,Heightened,33
SOM,3,2016,4,Conflict,Critical,2
SOM,3,2016,4,Drought NDVI,Typical,74
SOM,3,2016,4,Drought rainfall,Typical,74
SOM,3,2016,4,Exchange rates,Typical,74
SOM,3,2016,4,Food prices,Typical,74
SOM,3,2016,4,Fuel prices,Typical,74
SOM,3,2016,4,Heavy rainfall,Typical,68
SOM,3,2016,4,Heavy rainfall,Heightened,2
SOM,3,2016,4,Heavy rainfall,Critical,4
SOM,3,2016,5,Conflict,Typical,36
SOM,3,2016,5,Conflict,Heightened,38
SOM,3,2016,5,Drought NDVI,Typical,74
SOM,3,2016,5,Drought rainfall,Typical,73
SOM,3,2016,5,Drought rainfall,Heightened,1
SOM,3,2016,5,Exchange rates,Typical,74
SOM,3,2016,5,Food prices,Typical,74
SOM,3,2016,5,Fuel prices,Typical,74
SOM,3,2016,5,Heavy rainfall,Typical,73
SOM,3,2016,5,Heavy rainfall,Heightened,1
SOM,3,2016,6,Conflict,Typical,31
SOM,3,2016,6,Conflict,Heightened,42
SOM,3,2016,6,Conflict,Critical,1
SOM,3,2016,6,Drought NDVI,Typical,74
SOM,3,2016,6,Drought rainfall,Typical,72
SOM,3,2016,6,Drought rainfall,Heightened,2
SOM,3,2016,6,Exchange rates,Typical,74
SOM,3,2016,6,Food prices,Typical,74
SOM,3,2016,6,Fuel prices,Typical,74
SOM,3,2016,6,Heavy rainfall,Typical,74
SOM,3,2016,7,Conflict,Typical,37
SOM,3,2016,7,Conflict,Heightened,37
SOM,3,2016,7,Drought NDVI,Typical,74
SOM,3,2016,7,Drought rainfall,Typical,73
SOM,3,2016,7,Drought rainfall,Heightened,1
SOM,3,2016,7,Exchange rates,Typical,74
SOM,3,2016,7,Food prices,Typical,74
SOM,3,2016,7,Fuel prices,Typical,74
SOM,3,2016,7,Heavy rainfall,Typical,74
SOM,3,2016,8,Conflict,Typical,41
SOM,3,2016,8,Conflict,Heightened,33
SOM,3,2016,8,Drought NDVI,Typical,74
SOM,3,2016,8,Drought rainfall,Typical,66
SOM,3,2016,8,Drought rainfall,Heightened,8
SOM,3,2016,8,Exchange rates,Typical,74
SOM,3,2016,8,Food prices,Typical,73
SOM,3,2016,8,Food prices,Heightened,1
SOM,3,2016,8,Fuel prices,Typical,74
SOM,3,2016,8,Heavy rainfall,Typical,74
SOM,3,2016,9,Conflict,Typical,57
SOM,3,2016,9,Conflict,Heightened,17
SOM,3,2016,9,Drought NDVI,Typical,74
SOM,3,2016,9,Drought rainfall,Typical,62
SOM,3,2016,9,Drought rainfall,Heightened,10
SOM,3,2016,9,Drought rainfall,Critical,2
SOM,3,2016,9,Exchange rates,Typical,74
SOM,3,2016,9,Food prices,Typical,74
SOM,3,2016,9,Fuel prices,Typical,74
SOM,3,2016,9,Heavy rainfall,Typical,74
SOM,3,2016,10,Conflict,Typical,43
SOM,3,2016,10,Conflict,Heightened,29
SOM,3,2016,10,Conflict,Critical,2
SOM,3,2016,10,Drought NDVI,Typical,71
SOM,3,2016,10,Drought NDVI,Heightened,3
SOM,3,2016,10,Drought rainfall,Typical,37
SOM,3,2016,10,Drought rainfall,Heightened,18
SOM,3,2016,10,Drought rainfall,Critical,19
SOM,3,2016,10,Exchange rates,Typical,74
SOM,3,2016,10,Food prices,Typical,74
SOM,3,2016,10,Fuel prices,Typical,74
SOM,3,2016,10,Heavy rainfall,Typical,74
SOM,3,2016,11,Conflict,Typical,49
SOM,3,2016,11,Conflict,Heightened,22
SOM,3,2016,11,Conflict,Critical,3
SOM,3,2016,11,Drought NDVI,Typical,66
SOM,3,2016,11,Drought NDVI,Heightened,2
SOM,3,2016,11,Drought NDVI,Critical,6
SOM,3,2016,11,Drought rainfall,Typical,23
SOM,3,2016,11,Drought rainfall,Heightened,26
SOM,3,2016,11,Drought rainfall,Critical,25
SOM,3,2016,11,Exchange rates,Typical,74
SOM,3,2016,11,Food prices,Typical,72
SOM,3,2016,11,Food prices,Heightened,2
SOM,3,2016,11,Fuel prices,Typical,73
SOM,3,2016,11,Fuel prices,Heightened,1
SOM,3,2016,11,Heavy rainfall,Typical,74
SOM,3,2016,12,Conflict,Typical,48
SOM,3,2016,12,Conflict,Heightened,25
SOM,3,2016,12,Conflict,Critical,1
SOM,3,2016,12,Drought NDVI,Typical,58
SOM,3,2016,12,Drought NDVI,Heightened,8
SOM,3,2016,12,Drought NDVI,Critical,8
SOM,3,2016,12,Drought rainfall,Typical,40
SOM,3,2016,12,Drought rainfall,Heightened,32
SOM,3,2016,12,Drought rainfall,Critical,2
SOM,3,2016,12,Exchange rates,Typical,74
SOM,3,2016,12,Food prices,Typical,50
SOM,3,2016,12,Food prices,Heightened,24
SOM,3,2016,12,Fuel prices,Typical,71
SOM,3,2016,12,Fuel prices,Heightened,3
SOM,3,2016,12,Heavy rainfall,Typical,69
SOM,3,2016,12,Heavy rainfall,Heightened,2
SOM,3,2016,12,Heavy rainfall,Critical,3
SOM,3,2017,1,Conflict,Typical,43
SOM,3,2017,1,Conflict,Heightened,30
SOM,3,2017,1,Conflict,Critical,1
SOM,3,2017,1,Drought NDVI,Typical,56
SOM,3,2017,1,Drought NDVI,Heightened,12
SOM,3,2017,1,Drought NDVI,Critical,6
SOM,3,2017,1,Drought rainfall,Typical,55
SOM,3,2017,1,Drought rainfall,Heightened,19
SOM,3,2017,1,Exchange rates,Typical,74
SOM,3,2017,1,Food prices,Typical,18
SOM,3,2017,1,Food prices,Heightened,56
SOM,3,2017,1,Fuel prices,Typical,66
SOM,3,2017,1,Fuel prices,Heightened,8
SOM,3,2017,1,Heavy rainfall,Typical,74
SOM,3,2017,2,Conflict,Typical,58
SOM,3,2017,2,Conflict,Heightened,16
SOM,3,2017,2,Drought NDVI,Typical,57
SOM,3,2017,2,Drought NDVI,Heightened,12
SOM,3,2017,2,Drought NDVI,Critical,5
SOM,3,2017,2,Drought rainfall,Typical,66
SOM,3,2017,2,Drought rainfall,Heightened,8
SOM,3,2017,2,Exchange rates,Typical,74
SOM,3,2017,2,Food prices,Typical,12
SOM,3,2017,2,Food prices,Heightened,61
SOM,3,2017,2,Food prices,Critical,1
SOM,3,2017,2,Fuel prices,Typical,17
SOM,3,2017,2,Fuel prices,Heightened,56
SOM,3,2017,2,Fuel prices,Critical,1
SOM,3,2017,2,Heavy rainfall,Typical,74
SOM,3,2017,3,Conflict,Typical,59
SOM,3,2017,3,Conflict,Heightened,15
SOM,3,2017,3,Drought NDVI,Typical,54
SOM,3,2017,3,Drought NDVI,Heightened,14
SOM,3,2017,3,Drought NDVI,Critical,6
SOM,3,2017,3,Drought rainfall,Typical,56
SOM,3,2017,3,Drought rainfall,Heightened,18
SOM,3,2017,3,Exchange rates,Typical,74
SOM,3,2017,3,Food prices,Typical,6
SOM,3,2017,3,Food prices,Heightened,67
SOM,3,2017,3,Food prices,Critical,1
SOM,3,2017,3,Fuel prices,Typical,6
SOM,3,2017,3,Fuel prices,Heightened,67
SOM,3,2017,3,Fuel prices,Critical,1
SOM,3,2017,3,Heavy rainfall,Typical,74
SOM,3,2017,4,Conflict,Typical,46
SOM,3,2017,4,Conflict,Heightened,28
SOM,3,2017,4,Drought NDVI,Typical,44
SOM,3,2017,4,Drought NDVI,Heightened,20
SOM,3,2017,4,Drought NDVI,Critical,10
SOM,3,2017,4,Drought rainfall,Typical,25
SOM,3,2017,4,Drought rainfall,Heightened,34
SOM,3,2017,4,Drought rainfall,Critical,15
SOM,3,2017,4,Exchange rates,Typical,74
SOM,3,2017,4,Food prices,Typical,6
SOM,3,2017,4,Food prices,Heightened,63
SOM,3,2017,4,Food prices,Critical,5
SOM,3,2017,4,Fuel prices,Typical,11
SOM,3,2017,4,Fuel prices,Heightened,57
SOM,3,2017,4,Fuel prices,Critical,6
SOM,3,2017,4,Heavy rainfall,Typical,74
SOM,3,2017,5,Conflict,Typical,54
SOM,3,2017,5,Conflict,Heightened,20
SOM,3,2017,5,Drought NDVI,Typical,35
SOM,3,2017,5,Drought NDVI,Heightened,23
SOM,3,2017,5,Drought NDVI,Critical,16
SOM,3,2017,5,Drought rainfall,Typical,36
SOM,3,2017,5,Drought rainfall,Heightened,22
SOM,3,2017,5,Drought rainfall,Critical,16
SOM,3,2017,5,Exchange rates,Typical,74
SOM,3,2017,5,Food prices,Typical,3
SOM,3,2017,5,Food prices,Heightened,70
SOM,3,2017,5,Food prices,Critical,1
SOM,3,2017,5,Fuel prices,Typical,8
SOM,3,2017,5,Fuel prices,Heightened,60
SOM,3,2017,5,Fuel prices,Critical,6
SOM,3,2017,5,Heavy rainfall,Typical,67
SOM,3,2017,5,Heavy rainfall,Heightened,6
SOM,3,2017,5,Heavy rainfall,Critical,1
SOM,3,2017,6,Conflict,Typical,57
SOM,3,2017,6,Conflict,Heightened,13
SOM,3,2017,6,Conflict,Critical,4
SOM,3,2017,6,Drought NDVI,Typical,30
SOM,3,2017,6,Drought NDVI,Heightened,22
SOM,3,2017,6,Drought NDVI,Critical,22
SOM,3,2017,6,Drought rainfall,Typical,36
SOM,3,2017,6,Drought rainfall,Heightened,16
SOM,3,2017,6,Drought rainfall,Critical,22
SOM,3,2017,6,Exchange rates,Typical,74
SOM,3,2017,6,Food prices,Typical,9
SOM,3,2017,6,Food prices,Heightened,59
SOM,3,2017,6,Food prices,Critical,6
SOM,3,2017,6,Fuel prices,Typical,7
SOM,3,2017,6,Fuel prices,Heightened,60
SOM,3,2017,6,Fuel prices,Critical,7
SOM,3,2017,6,Heavy rainfall,Typical,74
SOM,3,2017,7,Conflict,Typical,53
SOM,3,2017,7,Conflict,Heightened,21
SOM,3,2017,7,Drought NDVI,Typical,33
SOM,3,2017,7,Drought NDVI,Heightened,26
SOM,3,2017,7,Drought NDVI,Critical,15
SOM,3,2017,7,Drought rainfall,Typical,46
SOM,3,2017,7,Drought rainfall,Heightened,19
SOM,3,2017,7,Drought rainfall,Critical,9
SOM,3,2017,7,Exchange rates,Typical,74
SOM,3,2017,7,Food prices,Typical,8
SOM,3,2017,7,Food prices,Heightened,65
SOM,3,2017,7,Food prices,Critical,1
SOM,3,2017,7,Fuel prices,Typical,13
SOM,3,2017,7,Fuel prices,Heightened,59
SOM,3,2017,7,Fuel prices,Critical,2
SOM,3,2017,7,Heavy rainfall,Typical,74
SOM,3,2017,8,Conflict,Typical,53
SOM,3,2017,8,Conflict,Heightened,21
SOM,3,2017,8,Drought NDVI,Typical,34
SOM,3,2017,8,Drought NDVI,Heightened,23
SOM,3,2017,8,Drought NDVI,Critical,17
SOM,3,2017,8,Drought rainfall,Typical,42
SOM,3,2017,8,Drought rainfall,Heightened,21
SOM,3,2017,8,Drought rainfall,Critical,11
SOM,3,2017,8,Exchange rates,Typical,74
SOM,3,2017,8,Food prices,Typical,8
SOM,3,2017,8,Food prices,Heightened,61
SOM,3,2017,8,Food prices,Critical,5
SOM,3,2017,8,Fuel prices,Typical,12
SOM,3,2017,8,Fuel prices,Heightened,62
SOM,3,2017,8,Heavy rainfall,Typical,74
SOM,3,2017,9,Conflict,Typical,49
SOM,3,2017,9,Conflict,Heightened,25
SOM,3,2017,9,Drought NDVI,Typical,39
SOM,3,2017,9,Drought NDVI,Heightened,18
SOM,3,2017,9,Drought NDVI,Critical,17
SOM,3,2017,9,Drought rainfall,Typical,46
SOM,3,2017,9,Drought rainfall,Heightened,18
SOM,3,2017,9,Drought rainfall,Critical,10
SOM,3,2017,9,Exchange rates,Typical,74
SOM,3,2017,9,Food prices,Typical,7
SOM,3,2017,9,Food prices,Heightened,65
SOM,3,2017,9,Food prices,Critical,2
SOM,3,2017,9,Fuel prices,Typical,24
SOM,3,2017,9,Fuel prices,Heightened,50
SOM,3,2017,9,Heavy rainfall,Typical,73
SOM,3,2017,9,Heavy rainfall,Heightened,1
SOM,3,2017,10,Conflict,Typical,51
SOM,3,2017,10,Conflict,Heightened,20
SOM,3,2017,10,Conflict,Critical,3
SOM,3,2017,10,Drought NDVI,Typical,43
SOM,3,2017,10,Drought NDVI,Heightened,14
SOM,3,2017,10,Drought NDVI,Critical,17
SOM,3,2017,10,Drought rainfall,Typical,38
SOM,3,2017,10,Drought rainfall,Heightened,11
SOM,3,2017,10,Drought rainfall,Critical,25
SOM,3,2017,10,Exchange rates,Typical,74
SOM,3,2017,10,Food prices,Typical,18
SOM,3,2017,10,Food prices,Heightened,55
SOM,3,2017,10,Food prices,Critical,1
SOM,3,2017,10,Fuel prices,Typical,47
SOM,3,2017,10,Fuel prices,Heightened,26
SOM,3,2017,10,Fuel prices,Critical,1
SOM,3,2017,10,Heavy rainfall,Typical,74
SOM,3,2017,11,Conflict,Typical,38
SOM,3,2017,11,Conflict,Heightened,30
SOM,3,2017,11,Conflict,Critical,6
SOM,3,2017,11,Drought NDVI,Typical,36
SOM,3,2017,11,Drought NDVI,Heightened,20
SOM,3,2017,11,Drought NDVI,Critical,18
SOM,3,2017,11,Drought rainfall,Typical,51
SOM,3,2017,11,Drought rainfall,Heightened,19
SOM,3,2017,11,Drought rainfall,Critical,4
SOM,3,2017,11,Exchange rates,Typical,74
SOM,3,2017,11,Food prices,Typical,24
SOM,3,2017,11,Food prices,Heightened,49
SOM,3,2017,11,Food prices,Critical,1
SOM,3,2017,11,Fuel prices,Typical,65
SOM,3,2017,11,Fuel prices,Heightened,8
SOM,3,2017,11,Fuel prices,Critical,1
SOM,3,2017,11,Heavy rainfall,Typical,70
SOM,3,2017,11,Heavy rainfall,Heightened,4
SOM,3,2017,12,Conflict,Typical,46
SOM,3,2017,12,Conflict,Heightened,28
SOM,3,2017,12,Drought NDVI,Typical,35
SOM,3,2017,12,Drought NDVI,Heightened,19
SOM,3,2017,12,Drought NDVI,Critical,20
SOM,3,2017,12,Drought rainfall,Typical,60
SOM,3,2017,12,Drought rainfall,Heightened,10
SOM,3,2017,12,Drought rainfall,Critical,4
SOM,3,2017,12,Exchange rates,Typical,74
SOM,3,2017,12,Food prices,Typical,31
SOM,3,2017,12,Food prices,Heightened,43
SOM,3,2017,12,Fuel prices,Typical,68
SOM,3,2017,12,Fuel prices,Heightened,5
SOM,3,2017,12,Fuel prices,Critical,1
SOM,3,2017,12,Heavy rainfall,Typical,74
SOM,3,2018,1,Conflict,Typical,44
SOM,3,2018,1,Conflict,Heightened,27
SOM,3,2018,1,Conflict,Critical,3
SOM,3,2018,1,Drought NDVI,Typical,40
SOM,3,2018,1,Drought NDVI,Heightened,21
SOM,3,2018,1,Drought NDVI,Critical,13
SOM,3,2018,1,Drought rainfall,Typical,74
SOM,3,2018,1,Exchange rates,Typical,74
SOM,3,2018,1,Food prices,Typical,17
SOM,3,2018,1,Food prices,Heightened,51
SOM,3,2018,1,Food prices,Critical,6
SOM,3,2018,1,Fuel prices,Typical,45
SOM,3,2018,1,Fuel prices,Heightened,27
SOM,3,2018,1,Fuel prices,Critical,2
SOM,3,2018,1,Heavy rainfall,Typical,74
SOM,3,2018,2,Conflict,Typical,57
SOM,3,2018,2,Conflict,Heightened,17
SOM,3,2018,2,Drought NDVI,Typical,46
SOM,3,2018,2,Drought NDVI,Heightened,14
SOM,3,2018,2,Drought NDVI,Critical,14
SOM,3,2018,2,Drought rainfall,Typical,73
SOM,3,2018,2,Drought rainfall,Heightened,1
SOM,3,2018,2,Exchange rates,Typical,74
SOM,3,2018,2,Food prices,Typical,6
SOM,3,2018,2,Food prices,Heightened,61
SOM,3,2018,2,Food prices,Critical,7
SOM,3,2018,2,Fuel prices,Typical,11
SOM,3,2018,2,Fuel prices,Heightened,61
SOM,3,2018,2,Fuel prices,Critical,2
SOM,3,2018,2,Heavy rainfall,Typical,74
SOM,3,2018,3,Conflict,Typical,53
SOM,3,2018,3,Conflict,Heightened,20
SOM,3,2018,3,Conflict,Critical,1
SOM,3,2018,3,Drought NDVI,Typical,53
SOM,3,2018,3,Drought NDVI,Heightened,10
SOM,3,2018,3,Drought NDVI,Critical,11
SOM,3,2018,3,Drought rainfall,Typical,73
SOM,3,2018,3,Drought rainfall,Heightened,1
SOM,3,2018,3,Exchange rates,Typical,74
SOM,3,2018,3,Food prices,Typical,10
SOM,3,2018,3,Food prices,Heightened,64
SOM,3,2018,3,Fuel prices,Typical,7
SOM,3,2018,3,Fuel prices,Heightened,66
SOM,3,2018,3,Fuel prices,Critical,1
SOM,3,2018,3,Heavy rainfall,Typical,74
SOM,3,2018,4,Conflict,Typical,49
SOM,3,2018,4,Conflict,Heightened,25
SOM,3,2018,4,Drought NDVI,Typical,61
SOM,3,2018,4,Drought NDVI,Heightened,7
SOM,3,2018,4,Drought NDVI,Critical,6
SOM,3,2018,4,Drought rainfall,Typical,73
SOM,3,2018,4,Drought rainfall,Critical,1
SOM,3,2018,4,Exchange rates,Typical,74
SOM,3,2018,4,Food prices,Typical,7
SOM,3,2018,4,Food prices,Heightened,65
SOM,3,2018,4,Food prices,Critical,2
SOM,3,2018,4,Fuel prices,Typical,7
SOM,3,2018,4,Fuel prices,Heightened,60
SOM,3,2018,4,Fuel prices,Critical,7
SOM,3,2018,4,Heavy rainfall,Typical,49
SOM,3,2018,4,Heavy rainfall,Heightened,23
SOM,3,2018,4,Heavy rainfall,Critical,2
SOM,3,2018,5,Conflict,Typical,46
SOM,3,2018,5,Conflict,Heightened,25
SOM,3,2018,5,Conflict,Critical,3
SOM,3,2018,5,Drought NDVI,Typical,66
SOM,3,2018,5,Drought NDVI,Heightened,6
SOM,3,2018,5,Drought NDVI,Critical,2
SOM,3,2018,5,Drought rainfall,Typical,73
SOM,3,2018,5,Drought rainfall,Heightened,1
SOM,3,2018,5,Exchange rates,Typical,74
SOM,3,2018,5,Food prices,Typical,18
SOM,3,2018,5,Food prices,Heightened,55
SOM,3,2018,5,Food prices,Critical,1
SOM,3,2018,5,Fuel prices,Typical,8
SOM,3,2018,5,Fuel prices,Heightened,57
SOM,3,2018,5,Fuel prices,Critical,9
SOM,3,2018,5,Heavy rainfall,Typical,62
SOM,3,2018,5,Heavy rainfall,Heightened,9
SOM,3,2018,5,Heavy rainfall,Critical,3
SOM,3,2018,6,Conflict,Typical,41
SOM,3,2018,6,Conflict,Heightened,33
SOM,3,2018,6,Drought NDVI,Typical,70
SOM,3,2018,6,Drought NDVI,Heightened,3
SOM,3,2018,6,Drought NDVI,Critical,1
SOM,3,2018,6,Drought rainfall,Typical,73
SOM,3,2018,6,Drought rainfall,Heightened,1
SOM,3,2018,6,Exchange rates,Typical,74
SOM,3,2018,6,Food prices,Typical,48
SOM,3,2018,6,Food prices,Heightened,25
SOM,3,2018,6,Food prices,Critical,1
SOM,3,2018,6,Fuel prices,Typical,45
SOM,3,2018,6,Fuel prices,Heightened,19
SOM,3,2018,6,Fuel prices,Critical,10
SOM,3,2018,6,Heavy rainfall,Typical,74
SOM,3,2018,7,Conflict,Typical,53
SOM,3,2018,7,Conflict,Heightened,21
SOM,3,2018,7,Drought NDVI,Typical,71
SOM,3,2018,7,Drought NDVI,Heightened,2
SOM,3,2018,7,Drought NDVI,Critical,1
SOM,3,2018,7,Drought rainfall,Typical,73
SOM,3,2018,7,Drought rainfall,Heightened,1
SOM,3,2018,7,Exchange rates,Typical,74
SOM,3,2018,7,Food prices,Typical,62
SOM,3,2018,7,Food prices,Heightened,11
SOM,3,2018,7,Food prices,Critical,1
SOM,3,2018,7,Fuel prices,Typical,59
SOM,3,2018,7,Fuel prices,Heightened,7
SOM,3,2018,7,Fuel prices,Critical,8
SOM,3,2018,7,Heavy rainfall,Typical,74
SOM,3,2018,8,Conflict,Typical,58
SOM,3,2018,8,Conflict,Heightened,16
SOM,3,2018,8,Drought NDVI,Typical,71
SOM,3,2018,8,Drought NDVI,Heightened,2
SOM,3,2018,8,Drought NDVI,Critical,1
SOM,3,2018,8,Drought rainfall,Typical,74
SOM,3,2018,8,Exchange rates,Typical,74
SOM,3,2018,8,Food prices,Typical,63
SOM,3,2018,8,Food prices,Heightened,11
SOM,3,2018,8,Fuel prices,Typical,59
SOM,3,2018,8,Fuel prices,Heightened,7
SOM,3,2018,8,Fuel prices,Critical,8
SOM,3,2018,8,Heavy rainfall,Typical,74
SOM,3,2018,9,Conflict,Typical,45
SOM,3,2018,9,Conflict,Heightened,29
SOM,3,2018,9,Drought NDVI,Typical,70
SOM,3,2018,9,Drought NDVI,Heightened,3
SOM,3,2018,9,Drought NDVI,Critical,1
SOM,3,2018,9,Drought rainfall,Typical,74
SOM,3,2018,9,Exchange rates,Typical,74
SOM,3,2018,9,Food prices,Typical,64
SOM,3,2018,9,Food prices,Heightened,10
SOM,3,2018,9,Fuel prices,Typical,53
SOM,3,2018,9,Fuel prices,Heightened,10
SOM,3,2018,9,Fuel prices,Critical,11
SOM,3,2018,9,Heavy rainfall,Typical,74
SOM,3,2018,10,Conflict,Typical,46
SOM,3,2018,10,Conflict,Heightened,28
SOM,3,2018,10,Drought NDVI,Typical,69
SOM,3,2018,10,Drought NDVI,Heightened,3
SOM,3,2018,10,Drought NDVI,Critical,2
SOM,3,2018,10,Drought rainfall,Typical,73
SOM,3,2018,10,Drought rainfall,Heightened,1
SOM,3,2018,10,Exchange rates,Typical,74
SOM,3,2018,10,Food prices,Typical,59
SOM,3,2018,10,Food prices,Heightened,14
SOM,3,2018,10,Food prices,Critical,1
SOM,3,2018,10,Fuel prices,Typical,22
SOM,3,2018,10,Fuel prices,Heightened,41
SOM,3,2018,10,Fuel prices,Critical,11
SOM,3,2018,10,Heavy rainfall,Typical,74
SOM,3,2018,11,Conflict,Typical,56
SOM,3,2018,11,Conflict,Heightened,18
SOM,3,2018,11,Drought NDVI,Typical,68
SOM,3,2018,11,Drought NDVI,Heightened,4
SOM,3,2018,11,Drought NDVI,Critical,2
SOM,3,2018,11,Drought rainfall,Typical,74
SOM,3,2018,11,Exchange rates,Heightened,74
SOM,3,2018,11,Food prices,Typical,61
SOM,3,2018,11,Food prices,Heightened,12
SOM,3,2018,11,Food prices,Critical,1
SOM,3,2018,11,Fuel prices,Typical,39
SOM,3,2018,11,Fuel prices,Heightened,24
SOM,3,2018,11,Fuel prices,Critical,11
SOM,3,2018,11,Heavy rainfall,Typical,74
SOM,3,2018,12,Conflict,Typical,45
SOM,3,2018,12,Conflict,Heightened,29
SOM,3,2018,12,Drought NDVI,Typical,70
SOM,3,2018,12,Drought NDVI,Critical,4
SOM,3,2018,12,Drought rainfall,Typical,74
SOM,3,2018,12,Exchange rates,Typical,74
SOM,3,2018,12,Food prices,Typical,61
SOM,3,2018,12,Food prices,Heightened,13
SOM,3,2018,12,Fuel prices,Typical,47
SOM,3,2018,12,Fuel prices,Heightened,17
SOM,3,2018,12,Fuel prices,Critical,10
SOM,3,2018,12,Heavy rainfall,Typical,70
SOM,3,2018,12,Heavy rainfall,Heightened,4
SOM,3,2019,1,Conflict,Typical,46
SOM,3,2019,1,Conflict,Heightened,28
SOM,3,2019,1,Drought NDVI,Typical,70
SOM,3,2019,1,Drought NDVI,Heightened,1
SOM,3,2019,1,Drought NDVI,Critical,3
SOM,3,2019,1,Drought rainfall,Typical,74
SOM,3,2019,1,Exchange rates,Typical,74
SOM,3,2019,1,Food prices,Typical,62
SOM,3,2019,1,Food prices,Heightened,12
SOM,3,2019,1,Fuel prices,Typical,54
SOM,3,2019,1,Fuel prices,Heightened,9
SOM,3,2019,1,Fuel prices,Critical,11
SOM,3,2019,1,Heavy rainfall,Typical,74
SOM,3,2019,2,Conflict,Typical,50
SOM,3,2019,2,Conflict,Heightened,24
SOM,3,2019,2,Drought NDVI,Typical,70
SOM,3,2019,2,Drought NDVI,Heightened,1
SOM,3,2019,2,Drought NDVI,Critical,3
SOM,3,2019,2,Drought rainfall,Typical,74
SOM,3,2019,2,Exchange rates,Typical,74
SOM,3,2019,2,Food prices,Typical,63
SOM,3,2019,2,Food prices,Heightened,11
SOM,3,2019,2,Fuel prices,Typical,54
SOM,3,2019,2,Fuel prices,Heightened,15
SOM,3,2019,2,Fuel prices,Critical,5
SOM,3,2019,2,Heavy rainfall,Typical,74
SOM,3,2019,3,Conflict,Typical,55
SOM,3,2019,3,Conflict,Heightened,19
SOM,3,2019,3,Drought NDVI,Typical,70
SOM,3,2019,3,Drought NDVI,Heightened,1
SOM,3,2019,3,Drought NDVI,Critical,3
SOM,3,2019,3,Drought rainfall,Typical,74
SOM,3,2019,3,Exchange rates,Typical,74
SOM,3,2019,3,Food prices,Typical,68
SOM,3,2019,3,Food prices,Heightened,6
SOM,3,2019,3,Fuel prices,Typical,57
SOM,3,2019,3,Fuel prices,Heightened,13
SOM,3,2019,3,Fuel prices,Critical,4
SOM,3,2019,3,Heavy rainfall,Typical,74
SOM,3,2019,4,Conflict,Typical,67
SOM,3,2019,4,Conflict,Heightened,7
SOM,3,2019,4,Drought NDVI,Typical,69
SOM,3,2019,4,Drought NDVI,Heightened,4
SOM,3,2019,4,Drought NDVI,Critical,1
SOM,3,2019,4,Drought rainfall,Typical,42
SOM,3,2019,4,Drought rainfall,Heightened,29
SOM,3,2019,4,Drought rainfall,Critical,3
SOM,3,2019,4,Exchange rates,Typical,74
SOM,3,2019,4,Food prices,Typical,68
SOM,3,2019,4,Food prices,Heightened,6
SOM,3,2019,4,Fuel prices,Typical,57
SOM,3,2019,4,Fuel prices,Heightened,14
SOM,3,2019,4,Fuel prices,Critical,3
SOM,3,2019,4,Heavy rainfall,Typical,74
SOM,3,2019,5,Conflict,Typical,63
SOM,3,2019,5,Conflict,Heightened,9
SOM,3,2019,5,Conflict,Critical,2
SOM,3,2019,5,Drought NDVI,Typical,69
SOM,3,2019,5,Drought NDVI,Heightened,4
SOM,3,2019,5,Drought NDVI,Critical,1
SOM,3,2019,5,Drought rainfall,Typical,66
SOM,3,2019,5,Drought rainfall,Heightened,8
SOM,3,2019,5,Exchange rates,Typical,74
SOM,3,2019,5,Food prices,Typical,69
SOM,3,2019,5,Food prices,Heightened,5
SOM,3,2019,5,Fuel prices,Typical,60
SOM,3,2019,5,Fuel prices,Heightened,10
SOM,3,2019,5,Fuel prices,Critical,4
SOM,3,2019,5,Heavy rainfall,Typical,63
SOM,3,2019,5,Heavy rainfall,Heightened,11
SOM,3,2019,6,Conflict,Typical,61
SOM,3,2019,6,Conflict,Heightened,11
SOM,3,2019,6,Conflict,Critical,2
SOM,3,2019,6,Drought NDVI,Typical,70
SOM,3,2019,6,Drought NDVI,Heightened,4
SOM,3,2019,6,Drought rainfall,Typical,62
SOM,3,2019,6,Drought rainfall,Heightened,11
SOM,3,2019,6,Drought rainfall,Critical,1
SOM,3,2019,6,Exchange rates,Typical,74
SOM,3,2019,6,Food prices,Typical,68
SOM,3,2019,6,Food prices,Heightened,6
SOM,3,2019,6,Fuel prices,Typical,58
SOM,3,2019,6,Fuel prices,Heightened,13
SOM,3,2019,6,Fuel prices,Critical,3
SOM,3,2019,6,Heavy rainfall,Typical,66
SOM,3,2019,6,Heavy rainfall,Heightened,8
SOM,3,2019,7,Conflict,Typical,54
SOM,3,2019,7,Conflict,Heightened,19
SOM,3,2019,7,Conflict,Critical,1
SOM,3,2019,7,Drought NDVI,Typical,74
SOM,3,2019,7,Drought rainfall,Typical,65
SOM,3,2019,7,Drought rainfall,Heightened,4
SOM,3,2019,7,Drought rainfall,Critical,5
SOM,3,2019,7,Exchange rates,Typical,74
SOM,3,2019,7,Food prices,Typical,65
SOM,3,2019,7,Food prices,Heightened,9
SOM,3,2019,7,Fuel prices,Typical,57
SOM,3,2019,7,Fuel prices,Heightened,13
SOM,3,2019,7,Fuel prices,Critical,4
SOM,3,2019,7,Heavy rainfall,Typical,74
SOM,3,2019,8,Conflict,Typical,56
SOM,3,2019,8,Conflict,Heightened,18
SOM,3,2019,8,Drought NDVI,Typical,74
SOM,3,2019,8,Drought rainfall,Typical,66
SOM,3,2019,8,Drought rainfall,Heightened,4
SOM,3,2019,8,Drought rainfall,Critical,4
SOM,3,2019,8,Exchange rates,Typical,74
SOM,3,2019,8,Food prices,Typical,68
SOM,3,2019,8,Food prices,Heightened,6
SOM,3,2019,8,Fuel prices,Typical,55
SOM,3,2019,8,Fuel prices,Heightened,14
SOM,3,2019,8,Fuel prices,Critical,5
SOM,3,2019,8,Heavy rainfall,Typical,74
SOM,3,2019,9,Conflict,Typical,62
SOM,3,2019,9,Conflict,Heightened,12
SOM,3,2019,9,Drought NDVI,Typical,73
SOM,3,2019,9,Drought NDVI,Heightened,1
SOM,3,2019,9,Drought rainfall,Typical,63
SOM,3,2019,9,Drought rainfall,Heightened,5
SOM,3,2019,9,Drought rainfall,Critical,6
SOM,3,2019,9,Exchange rates,Typical,74
SOM,3,2019,9,Food prices,Typical,68
SOM,3,2019,9,Food prices,Heightened,6
SOM,3,2019,9,Fuel prices,Typical,58
SOM,3,2019,9,Fuel prices,Heightened,10
SOM,3,2019,9,Fuel prices,Critical,6
SOM,3,2019,9,Heavy rainfall,Typical,72
SOM,3,2019,9,Heavy rainfall,Heightened,2
SOM,3,2019,10,Conflict,Typical,68
SOM,3,2019,10,Conflict,Heightened,6
SOM,3,2019,10,Drought NDVI,Typical,73
SOM,3,2019,10,Drought NDVI,Critical,1
SOM,3,2019,10,Drought rainfall,Typical,68
SOM,3,2019,10,Drought rainfall,Heightened,2
SOM,3,2019,10,Drought rainfall,Critical,4
SOM,3,2019,10,Exchange rates,Heightened,74
SOM,3,2019,10,Food prices,Typical,73
SOM,3,2019,10,Food prices,Heightened,1
SOM,3,2019,10,Fuel prices,Typical,60
SOM,3,2019,10,Fuel prices,Heightened,3
SOM,3,2019,10,Fuel prices,Critical,11
SOM,3,2019,10,Heavy rainfall,Typical,37
SOM,3,2019,10,Heavy rainfall,Heightened,28
SOM,3,2019,10,Heavy rainfall,Critical,9
SOM,3,2019,11,Conflict,Typical,67
SOM,3,2019,11,Conflict,Heightened,7
SOM,3,2019,11,Drought NDVI,Typical,73
SOM,3,2019,11,Drought NDVI,Critical,1
SOM,3,2019,11,Drought rainfall,Typical,69
SOM,3,2019,11,Drought rainfall,Heightened,3
SOM,3,2019,11,Drought rainfall,Critical,2
SOM,3,2019,11,Exchange rates,Heightened,74
SOM,3,2019,11,Food prices,Typical,73
SOM,3,2019,11,Food prices,Heightened,1
SOM,3,2019,11,Fuel prices,Typical,62
SOM,3,2019,11,Fuel prices,Heightened,7
SOM,3,2019,11,Fuel prices,Critical,5
SOM,3,2019,11,Heavy rainfall,Typical,46
SOM,3,2019,11,Heavy rainfall,Heightened,26
SOM,3,2019,11,Heavy rainfall,Critical,2
SOM,3,2019,12,Conflict,Typical,61
SOM,3,2019,12,Conflict,Heightened,13
SOM,3,2019,12,Drought NDVI,Typical,73
SOM,3,2019,12,Drought NDVI,Heightened,1
SOM,3,2019,12,Drought rainfall,Typical,72
SOM,3,2019,12,Drought rainfall,Critical,2
SOM,3,2019,12,Exchange rates,Heightened,74
SOM,3,2019,12,Food prices,Typical,73
SOM,3,2019,12,Food prices,Heightened,1
SOM,3,2019,12,Fuel prices,Typical,64
SOM,3,2019,12,Fuel prices,Heightened,7
SOM,3,2019,12,Fuel prices,Critical,3
SOM,3,2019,12,Heavy rainfall,Typical,68
SOM,3,2019,12,Heavy rainfall,Heightened,4
SOM,3,2019,12,Heavy rainfall,Critical,2
SOM,3,2020,1,Conflict,Typical,67
SOM,3,2020,1,Conflict,Heightened,7
SOM,3,2020,1,Drought NDVI,Typical,73
SOM,3,2020,1,Drought NDVI,Heightened,1
SOM,3,2020,1,Drought rainfall,Typical,72
SOM,3,2020,1,Drought rainfall,Heightened,2
SOM,3,2020,1,Exchange rates,Heightened,74
SOM,3,2020,1,Food prices,Typical,72
SOM,3,2020,1,Food prices,Heightened,2
SOM,3,2020,1,Fuel prices,Typical,64
SOM,3,2020,1,Fuel prices,Heightened,6
SOM,3,2020,1,Fuel prices,Critical,4
SOM,3,2020,1,Heavy rainfall,Typical,74
SOM,3,2020,2,Conflict,Typical,67
SOM,3,2020,2,Conflict,Heightened,7
SOM,3,2020,2,Drought NDVI,Typical,73
SOM,3,2020,2,Drought NDVI,Heightened,1
SOM,3,2020,2,Drought rainfall,Typical,74
SOM,3,2020,2,Exchange rates,Typical,74
SOM,3,2020,2,Food prices,Typical,72
SOM,3,2020,2,Food prices,Heightened,2
SOM,3,2020,2,Fuel prices,Typical,65
SOM,3,2020,2,Fuel prices,Heightened,6
SOM,3,2020,2,Fuel prices,Critical,3
SOM,3,2020,2,Heavy rainfall,Typical,74
SOM,3,2020,3,Conflict,Typical,73
SOM,3,2020,3,Conflict,Heightened,1
SOM,3,2020,3,Drought NDVI,Typical,73
SOM,3,2020,3,Drought NDVI,Heightened,1
SOM,3,2020,3,Drought rainfall,Typical,74
SOM,3,2020,3,Exchange rates,Heightened,74
SOM,3,2020,3,Food prices,Typical,71
SOM,3,2020,3,Food prices,Heightened,3
SOM,3,2020,3,Fuel prices,Typical,60
SOM,3,2020,3,Fuel prices,Heightened,11
SOM,3,2020,3,Fuel prices,Critical,3
SOM,3,2020,3,Heavy rainfall,Typical,68
SOM,3,2020,3,Heavy rainfall,Heightened,6
SOM,3,2020,4,Conflict,Typical,62
SOM,3,2020,4,Conflict,Heightened,12
SOM,3,2020,4,Drought NDVI,Typical,73
SOM,3,2020,4,Drought NDVI,Heightened,1
SOM,3,2020,4,Drought rainfall,Typical,74
SOM,3,2020,4,Exchange rates,Heightened,74
SOM,3,2020,4,Food prices,Typical,55
SOM,3,2020,4,Food prices,Heightened,19
SOM,3,2020,4,Fuel prices,Typical,25
SOM,3,2020,4,Fuel prices,Heightened,48
SOM,3,2020,4,Fuel prices,Critical,1
SOM,3,2020,4,Heavy rainfall,Typical,50
SOM,3,2020,4,Heavy rainfall,Heightened,18
SOM,3,2020,4,Heavy rainfall,Critical,6
SOM,3,2020,5,Conflict,Typical,61
SOM,3,2020,5,Conflict,Heightened,13
SOM,3,2020,5,Drought NDVI,Typical,74
SOM,3,2020,5,Drought rainfall,Typical,74
SOM,3,2020,5,Exchange rates,Heightened,74
SOM,3,2020,5,Food prices,Typical,25
SOM,3,2020,5,Food prices,Heightened,49
SOM,3,2020,5,Fuel prices,Typical,22
SOM,3,2020,5,Fuel prices,Heightened,52
SOM,3,2020,5,Heavy rainfall,Typical,74
SOM,3,2020,6,Conflict,Typical,66
SOM,3,2020,6,Conflict,Heightened,8
SOM,3,2020,6,Drought NDVI,Typical,74
SOM,3,2020,6,Drought rainfall,Typical,74
SOM,3,2020,6,Exchange rates,Heightened,74
SOM,3,2020,6,Food prices,Typical,14
SOM,3,2020,6,Food prices,Heightened,57
SOM,3,2020,6,Food prices,Critical,3
SOM,3,2020,6,Fuel prices,Typical,16
SOM,3,2020,6,Fuel prices,Heightened,56
SOM,3,2020,6,Fuel prices,Critical,2
SOM,3,2020,6,Heavy rainfall,Typical,74
SOM,3,2020,7,Conflict,Typical,61
SOM,3,2020,7,Conflict,Heightened,11
SOM,3,2020,7,Conflict,Critical,2
SOM,3,2020,7,Drought NDVI,Typical,74
SOM,3,2020,7,Drought rainfall,Typical,74
SOM,3,2020,7,Exchange rates,Heightened,74
SOM,3,2020,7,Food prices,Typical,10
SOM,3,2020,7,Food prices,Heightened,61
SOM,3,2020,7,Food prices,Critical,3
SOM,3,2020,7,Fuel prices,Typical,15
SOM,3,2020,7,Fuel prices,Heightened,58
SOM,3,2020,7,Fuel prices,Critical,1
SOM,3,2020,7,Heavy rainfall,Typical,73
SOM,3,2020,7,Heavy rainfall,Heightened,1
SOM,3,2020,8,Conflict,Typical,57
SOM,3,2020,8,Conflict,Heightened,17
SOM,3,2020,8,Drought NDVI,Typical,74
SOM,3,2020,8,Drought rainfall,Typical,74
SOM,3,2020,8,Exchange rates,Heightened,74
SOM,3,2020,8,Food prices,Typical,8
SOM,3,2020,8,Food prices,Heightened,63
SOM,3,2020,8,Food prices,Critical,3
SOM,3,2020,8,Fuel prices,Typical,15
SOM,3,2020,8,Fuel prices,Heightened,57
SOM,3,2020,8,Fuel prices,Critical,2
SOM,3,2020,8,Heavy rainfall,Typical,74
SOM,3,2020,9,Conflict,Typical,57
SOM,3,2020,9,Conflict,Heightened,17
SOM,3,2020,9,Drought NDVI,Typical,74
SOM,3,2020,9,Drought rainfall,Typical,74
SOM,3,2020,9,Exchange rates,Heightened,74
SOM,3,2020,9,Food prices,Typical,9
SOM,3,2020,9,Food prices,Heightened,62
SOM,3,2020,9,Food prices,Critical,3
SOM,3,2020,9,Fuel prices,Typical,15
SOM,3,2020,9,Fuel prices,Heightened,59
SOM,3,2020,9,Heavy rainfall,Typical,71
SOM,3,2020,9,Heavy rainfall,Heightened,3
SOM,3,2020,10,Conflict,Typical,70
SOM,3,2020,10,Conflict,Heightened,4
SOM,3,2020,10,Drought NDVI,Typical,74
SOM,3,2020,10,Drought rainfall,Typical,74
SOM,3,2020,10,Exchange rates,Critical,74
SOM,3,2020,10,Food prices,Typical,6
SOM,3,2020,10,Food prices,Heightened,64
SOM,3,2020,10,Food prices,Critical,4
SOM,3,2020,10,Fuel prices,Typical,16
SOM,3,2020,10,Fuel prices,Heightened,58
SOM,3,2020,10,Heavy rainfall,Typical,74
SOM,3,2020,11,Conflict,Typical,69
SOM,3,2020,11,Conflict,Heightened,5
SOM,3,2020,11,Drought NDVI,Typical,74
SOM,3,2020,11,Drought rainfall,Typical,74
SOM,3,2020,11,Exchange rates,Critical,74
SOM,3,2020,11,Food prices,Typical,3
SOM,3,2020,11,Food prices,Heightened,64
SOM,3,2020,11,Food prices,Critical,7
SOM,3,2020,11,Fuel prices,Typical,15
SOM,3,2020,11,Fuel prices,Heightened,57
SOM,3,2020,11,Fuel prices,Critical,2
SOM,3,2020,11,Heavy rainfall,Typical,72
SOM,3,2020,11,Heavy rainfall,Heightened,2
SOM,3,2020,12,Conflict,Typical,62
SOM,3,2020,12,Conflict,Heightened,12
SOM,3,2020,12,Drought NDVI,Typical,74
SOM,3,2020,12,Drought rainfall,Typical,73
SOM,3,2020,12,Drought rainfall,Heightened,1
SOM,3,2020,12,Exchange rates,Critical,74
SOM,3,2020,12,Food prices,Typical,2
SOM,3,2020,12,Food prices,Heightened,63
SOM,3,2020,12,Food prices,Critical,9
SOM,3,2020,12,Fuel prices,Typical,15
SOM,3,2020,12,Fuel prices,Heightened,57
SOM,3,2020,12,Fuel prices,Critical,2
SOM,3,2020,12,Heavy rainfall,Typical,74
SOM,3,2021,1,Conflict,Typical,58
SOM,3,2021,1,Conflict,Heightened,16
SOM,3,2021,1,Drought NDVI,Typical,74
SOM,3,2021,1,Drought rainfall,Typical,72
SOM,3,2021,1,Drought rainfall,Heightened,2
SOM,3,2021,1,Exchange rates,Heightened,74
SOM,3,2021,1,Food prices,Typical,2
SOM,3,2021,1,Food prices,Heightened,53
SOM,3,2021,1,Food prices,Critical,19
SOM,3,2021,1,Fuel prices,Typical,15
SOM,3,2021,1,Fuel prices,Heightened,48
SOM,3,2021,1,Fuel prices,Critical,11
SOM,3,2021,1,Heavy rainfall,Typical,74
SOM,3,2021,2,Conflict,Typical,62
SOM,3,2021,2,Conflict,Heightened,12
SOM,3,2021,2,Drought NDVI,Typical,74
SOM,3,2021,2,Drought rainfall,Typical,74
SOM,3,2021,2,Exchange rates,Critical,74
SOM,3,2021,2,Food prices,Typical,2
SOM,3,2021,2,Food prices,Heightened,49
SOM,3,2021,2,Food prices,Critical,23
SOM,3,2021,2,Fuel prices,Typical,15
SOM,3,2021,2,Fuel prices,Heightened,39
SOM,3,2021,2,Fuel prices,Critical,20
SOM,3,2021,2,Heavy rainfall,Typical,74
SOM,3,2021,3,Conflict,Typical,62
SOM,3,2021,3,Conflict,Heightened,12
SOM,3,2021,3,Drought NDVI,Typical,74
SOM,3,2021,3,Drought rainfall,Typical,74
SOM,3,2021,3,Exchange rates,Heightened,74
SOM,3,2021,3,Food prices,Typical,2
SOM,3,2021,3,Food prices,Heightened,50
SOM,3,2021,3,Food prices,Critical,22
SOM,3,2021,3,Fuel prices,Typical,13
SOM,3,2021,3,Fuel prices,Heightened,17
SOM,3,2021,3,Fuel prices,Critical,44
SOM,3,2021,3,Heavy rainfall,Typical,74
SOM,3,2021,4,Conflict,Typical,65
SOM,3,2021,4,Conflict,Heightened,9
SOM,3,2021,4,Drought NDVI,Typical,74
SOM,3,2021,4,Drought rainfall,Typical,71
SOM,3,2021,4,Drought rainfall,Heightened,3
SOM,3,2021,4,Exchange rates,Heightened,74
SOM,3,2021,4,Food prices,Typical,1
SOM,3,2021,4,Food prices,Heightened,47
SOM,3,2021,4,Food prices,Critical,26
SOM,3,2021,4,Fuel prices,Typical,12
SOM,3,2021,4,Fuel prices,Heightened,15
SOM,3,2021,4,Fuel prices,Critical,47
SOM,3,2021,4,Heavy rainfall,Typical,74
SOM,3,2021,5,Conflict,Typical,63
SOM,3,2021,5,Conflict,Heightened,11
SOM,3,2021,5,Drought NDVI,Typical,74
SOM,3,2021,5,Drought rainfall,Typical,71
SOM,3,2021,5,Drought rainfall,Heightened,1
SOM,3,2021,5,Drought rainfall,Critical,2
SOM,3,2021,5,Exchange rates,Heightened,74
SOM,3,2021,5,Food prices,Typical,1
SOM,3,2021,5,Food prices,Heightened,43
SOM,3,2021,5,Food prices,Critical,30
SOM,3,2021,5,Fuel prices,Typical,12
SOM,3,2021,5,Fuel prices,Heightened,16
SOM,3,2021,5,Fuel prices,Critical,46
SOM,3,2021,5,Heavy rainfall,Typical,71
SOM,3,2021,5,Heavy rainfall,Heightened,3
SOM,3,2021,6,Conflict,Typical,51
SOM,3,2021,6,Conflict,Heightened,20
SOM,3,2021,6,Conflict,Critical,3
SOM,3,2021,6,Drought NDVI,Typical,74
SOM,3,2021,6,Drought rainfall,Typical,61
SOM,3,2021,6,Drought rainfall,Heightened,10
SOM,3,2021,6,Drought rainfall,Critical,3
SOM,3,2021,6,Exchange rates,Heightened,74
SOM,3,2021,6,Food prices,Heightened,35
SOM,3,2021,6,Food prices,Critical,39
SOM,3,2021,6,Fuel prices,Typical,11
SOM,3,2021,6,Fuel prices,Heightened,9
SOM,3,2021,6,Fuel prices,Critical,54
SOM,3,2021,6,Heavy rainfall,Typical,74
SOM,3,2021,7,Conflict,Typical,53
SOM,3,2021,7,Conflict,Heightened,21
SOM,3,2021,7,Drought NDVI,Typical,74
SOM,3,2021,7,Drought rainfall,Typical,62
SOM,3,2021,7,Drought rainfall,Heightened,9
SOM,3,2021,7,Drought rainfall,Critical,3
SOM,3,2021,7,Exchange rates,Heightened,74
SOM,3,2021,7,Food prices,Heightened,36
SOM,3,2021,7,Food prices,Critical,38
SOM,3,2021,7,Fuel prices,Typical,11
SOM,3,2021,7,Fuel prices,Heightened,8
SOM,3,2021,7,Fuel prices,Critical,55
SOM,3,2021,7,Heavy rainfall,Typical,74
SOM,3,2021,8,Conflict,Typical,59
SOM,3,2021,8,Conflict,Heightened,11
SOM,3,2021,8,Conflict,Critical,4
SOM,3,2021,8,Drought NDVI,Typical,74
SOM,3,2021,8,Drought rainfall,Typical,68
SOM,3,2021,8,Drought rainfall,Heightened,4
SOM,3,2021,8,Drought rainfall,Critical,2
SOM,3,2021,8,Exchange rates,Heightened,74
SOM,3,2021,8,Food prices,Heightened,33
SOM,3,2021,8,Food prices,Critical,41
SOM,3,2021,8,Fuel prices,Typical,5
SOM,3,2021,8,Fuel prices,Heightened,15
SOM,3,2021,8,Fuel prices,Critical,54
SOM,3,2021,8,Heavy rainfall,Typical,74
SOM,3,2021,9,Conflict,Typical,66
SOM,3,2021,9,Conflict,Heightened,8
SOM,3,2021,9,Drought NDVI,Typical,74
SOM,3,2021,9,Drought rainfall,Typical,71
SOM,3,2021,9,Drought rainfall,Heightened,1
SOM,3,2021,9,Drought rainfall,Critical,2
SOM,3,2021,9,Exchange rates,Heightened,74
SOM,3,2021,9,Food prices,Heightened,36
SOM,3,2021,9,Food prices,Critical,38
SOM,3,2021,9,Fuel prices,Typical,7
SOM,3,2021,9,Fuel prices,Heightened,12
SOM,3,2021,9,Fuel prices,Critical,55
SOM,3,2021,9,Heavy rainfall,Typical,74
SOM,3,2021,10,Conflict,Typical,67
SOM,3,2021,10,Conflict,Heightened,7
SOM,3,2021,10,Drought NDVI,Typical,73
SOM,3,2021,10,Drought NDVI,Heightened,1
SOM,3,2021,10,Drought rainfall,Typical,48
SOM,3,2021,10,Drought rainfall,Heightened,20
SOM,3,2021,10,Drought rainfall,Critical,6
SOM,3,2021,10,Exchange rates,Heightened,74
SOM,3,2021,10,Food prices,Heightened,30
SOM,3,2021,10,Food prices,Critical,44
SOM,3,2021,10,Fuel prices,Typical,5
SOM,3,2021,10,Fuel prices,Heightened,11
SOM,3,2021,10,Fuel prices,Critical,58
SOM,3,2021,10,Heavy rainfall,Typical,73
SOM,3,2021,10,Heavy rainfall,Heightened,1
SOM,3,2021,11,Conflict,Typical,73
SOM,3,2021,11,Conflict,Heightened,1
SOM,3,2021,11,Drought NDVI,Typical,65
SOM,3,2021,11,Drought NDVI,Heightened,5
SOM,3,2021,11,Drought NDVI,Critical,4
SOM,3,2021,11,Drought rainfall,Typical,38
SOM,3,2021,11,Drought rainfall,Heightened,24
SOM,3,2021,11,Drought rainfall,Critical,12
SOM,3,2021,11,Exchange rates,Heightened,74
SOM,3,2021,11,Food prices,Heightened,25
SOM,3,2021,11,Food prices,Critical,49
SOM,3,2021,11,Fuel prices,Typical,4
SOM,3,2021,11,Fuel prices,Heightened,3
SOM,3,2021,11,Fuel prices,Critical,67
SOM,3,2021,11,Heavy rainfall,Typical,72
SOM,3,2021,11,Heavy rainfall,Heightened,2
SOM,3,2021,12,Conflict,Typical,73
SOM,3,2021,12,Conflict,Heightened,1
SOM,3,2021,12,Drought NDVI,Typical,62
SOM,3,2021,12,Drought NDVI,Heightened,3
SOM,3,2021,12,Drought NDVI,Critical,9
SOM,3,2021,12,Drought rainfall,Typical,50
SOM,3,2021,12,Drought rainfall,Heightened,20
SOM,3,2021,12,Drought rainfall,Critical,4
SOM,3,2021,12,Exchange rates,Heightened,74
SOM,3,2021,12,Food prices,Heightened,18
SOM,3,2021,12,Food prices,Critical,56
SOM,3,2021,12,Fuel prices,Typical,1
SOM,3,2021,12,Fuel prices,Heightened,4
SOM,3,2021,12,Fuel prices,Critical,69
SOM,3,2021,12,Heavy rainfall,Typical,74
SOM,3,2022,1,Conflict,Typical,58
SOM,3,2022,1,Conflict,Heightened,11
SOM,3,2022,1,Conflict,Critical,5
SOM,3,2022,1,Drought NDVI,Typical,63
SOM,3,2022,1,Drought NDVI,Heightened,3
SOM,3,2022,1,Drought NDVI,Critical,8
SOM,3,2022,1,Drought rainfall,Typical,69
SOM,3,2022,1,Drought rainfall,Heightened,5
SOM,3,2022,1,Exchange rates,Heightened,74
SOM,3,2022,1,Food prices,Heightened,5
SOM,3,2022,1,Food prices,Critical,69
SOM,3,2022,1,Fuel prices,Heightened,3
SOM,3,2022,1,Fuel prices,Critical,71
SOM,3,2022,1,Heavy rainfall,Typical,74
SOM,3,2022,2,Conflict,Typical,59
SOM,3,2022,2,Conflict,Heightened,15
SOM,3,2022,2,Drought NDVI,Typical,61
SOM,3,2022,2,Drought NDVI,Heightened,7
SOM,3,2022,2,Drought NDVI,Critical,6
SOM,3,2022,2,Drought rainfall,Typical,68
SOM,3,2022,2,Drought rainfall,Heightened,6
SOM,3,2022,2,Exchange rates,Critical,74
SOM,3,2022,2,Food prices,Heightened,5
SOM,3,2022,2,Food prices,Critical,69
SOM,3,2022,2,Fuel prices,Heightened,2
SOM,3,2022,2,Fuel prices,Critical,72
SOM,3,2022,2,Heavy rainfall,Typical,74
SOM,3,2022,3,Conflict,Typical,58
SOM,3,2022,3,Conflict,Heightened,15
SOM,3,2022,3,Conflict,Critical,1
SOM,3,2022,3,Drought NDVI,Typical,56
SOM,3,2022,3,Drought NDVI,Heightened,6
SOM,3,2022,3,Drought NDVI,Critical,12
SOM,3,2022,3,Drought rainfall,Typical,71
SOM,3,2022,3,Drought rainfall,Heightened,3
SOM,3,2022,3,Exchange rates,Critical,74
SOM,3,2022,3,Food prices,Heightened,3
SOM,3,2022,3,Food prices,Critical,71
SOM,3,2022,3,Fuel prices,Critical,74
SOM,3,2022,3,Heavy rainfall,Typical,74
SOM,3,2022,4,Conflict,Typical,62
SOM,3,2022,4,Conflict,Heightened,12
SOM,3,2022,4,Drought NDVI,Typical,54
SOM,3,2022,4,Drought NDVI,Heightened,6
SOM,3,2022,4,Drought NDVI,Critical,14
SOM,3,2022,4,Drought rainfall,Typical,36
SOM,3,2022,4,Drought rainfall,Heightened,34
SOM,3,2022,4,Drought rainfall,Critical,4
SOM,3,2022,4,Exchange rates,Heightened,74
SOM,3,2022,4,Food prices,Heightened,4
SOM,3,2022,4,Food prices,Critical,70
SOM,3,2022,4,Fuel prices,Critical,74
SOM,3,2022,4,Heavy rainfall,Typical,74
SOM,3,2022,5,Conflict,Typical,61
SOM,3,2022,5,Conflict,Heightened,13
SOM,3,2022,5,Drought NDVI,Typical,48
SOM,3,2022,5,Drought NDVI,Heightened,14
SOM,3,2022,5,Drought NDVI,Critical,12
SOM,3,2022,5,Drought rainfall,Typical,22
SOM,3,2022,5,Drought rainfall,Heightened,37
SOM,3,2022,5,Drought rainfall,Critical,15
SOM,3,2022,5,Exchange rates,Heightened,74
SOM,3,2022,5,Food prices,Heightened,7
SOM,3,2022,5,Food prices,Critical,67
SOM,3,2022,5,Fuel prices,Critical,74
SOM,3,2022,5,Heavy rainfall,Typical,74
SOM,3,2022,6,Conflict,Typical,61
SOM,3,2022,6,Conflict,Heightened,13
SOM,3,2022,6,Drought NDVI,Typical,47
SOM,3,2022,6,Drought NDVI,Heightened,13
SOM,3,2022,6,Drought NDVI,Critical,14
SOM,3,2022,6,Drought rainfall,Typical,19
SOM,3,2022,6,Drought rainfall,Heightened,25
SOM,3,2022,6,Drought rainfall,Critical,30
SOM,3,2022,6,Exchange rates,Heightened,74
SOM,3,2022,6,Food prices,Heightened,6
SOM,3,2022,6,Food prices,Critical,68
SOM,3,2022,6,Fuel prices,Critical,74
SOM,3,2022,6,Heavy rainfall,Typical,74
SOM,3,2022,7,Conflict,Typical,57
SOM,3,2022,7,Conflict,Heightened,14
SOM,3,2022,7,Conflict,Critical,3
SOM,3,2022,7,Drought NDVI,Typical,50
SOM,3,2022,7,Drought NDVI,Heightened,10
SOM,3,2022,7,Drought NDVI,Critical,14
SOM,3,2022,7,Drought rainfall,Typical,25
SOM,3,2022,7,Drought rainfall,Heightened,23
SOM,3,2022,7,Drought rainfall,Critical,26
SOM,3,2022,7,Exchange rates,Heightened,74
SOM,3,2022,7,Food prices,Heightened,8
SOM,3,2022,7,Food prices,Critical,66
SOM,3,2022,7,Fuel prices,Critical,74
SOM,3,2022,7,Heavy rainfall,Typical,74
SOM,3,2022,8,Conflict,Typical,50
SOM,3,2022,8,Conflict,Heightened,22
SOM,3,2022,8,Conflict,Critical,2
SOM,3,2022,8,Drought NDVI,Typical,49
SOM,3,2022,8,Drought NDVI,Heightened,12
SOM,3,2022,8,Drought NDVI,Critical,13
SOM,3,2022,8,Drought rainfall,Typical,29
SOM,3,2022,8,Drought rainfall,Heightened,21
SOM,3,2022,8,Drought rainfall,Critical,24
SOM,3,2022,8,Exchange rates,Heightened,74
SOM,3,2022,8,Food prices,Heightened,6
SOM,3,2022,8,Food prices,Critical,68
SOM,3,2022,8,Fuel prices,Critical,74
SOM,3,2022,8,Heavy rainfall,Typical,74
SOM,3,2022,9,Conflict,Typical,40
SOM,3,2022,9,Conflict,Heightened,25
SOM,3,2022,9,Conflict,Critical,9
SOM,3,2022,9,Drought NDVI,Typical,44
SOM,3,2022,9,Drought NDVI,Heightened,19
SOM,3,2022,9,Drought NDVI,Critical,11
SOM,3,2022,9,Drought rainfall,Typical,30
SOM,3,2022,9,Drought rainfall,Heightened,24
SOM,3,2022,9,Drought rainfall,Critical,20
SOM,3,2022,9,Exchange rates,Heightened,74
SOM,3,2022,9,Food prices,Heightened,11
SOM,3,2022,9,Food prices,Critical,63
SOM,3,2022,9,Fuel prices,Critical,74
SOM,3,2022,9,Heavy rainfall,Typical,74
SOM,3,2022,10,Conflict,Typical,46
SOM,3,2022,10,Conflict,Heightened,16
SOM,3,2022,10,Conflict,Critical,12
SOM,3,2022,10,Drought NDVI,Typical,45
SOM,3,2022,10,Drought NDVI,Heightened,16
SOM,3,2022,10,Drought NDVI,Critical,13
SOM,3,2022,10,Drought rainfall,Typical,28
SOM,3,2022,10,Drought rainfall,Heightened,21
SOM,3,2022,10,Drought rainfall,Critical,25
SOM,3,2022,10,Exchange rates,Heightened,74
SOM,3,2022,10,Food prices,Heightened,28
SOM,3,2022,10,Food prices,Critical,46
SOM,3,2022,10,Fuel prices,Critical,74
SOM,3,2022,10,Heavy rainfall,Typical,72
SOM,3,2022,10,Heavy rainfall,Heightened,2
SOM,3,2022,11,Conflict,Typical,44
SOM,3,2022,11,Conflict,Heightened,21
SOM,3,2022,11,Conflict,Critical,9
SOM,3,2022,11,Drought NDVI,Typical,47
SOM,3,2022,11,Drought NDVI,Heightened,10
SOM,3,2022,11,Drought NDVI,Critical,17
SOM,3,2022,11,Drought rainfall,Typical,20
SOM,3,2022,11,Drought rainfall,Heightened,28
SOM,3,2022,11,Drought rainfall,Critical,26
SOM,3,2022,11,Exchange rates,Heightened,74
SOM,3,2022,11,Food prices,Heightened,56
SOM,3,2022,11,Food prices,Critical,18
SOM,3,2022,11,Fuel prices,Heightened,11
SOM,3,2022,11,Fuel prices,Critical,63
SOM,3,2022,11,Heavy rainfall,Typical,74
SOM,3,2022,12,Conflict,Typical,41
SOM,3,2022,12,Conflict,Heightened,28
SOM,3,2022,12,Conflict,Critical,5
SOM,3,2022,12,Drought NDVI,Typical,45
SOM,3,2022,12,Drought NDVI,Heightened,10
SOM,3,2022,12,Drought NDVI,Critical,19
SOM,3,2022,12,Drought rainfall,Typical,34
SOM,3,2022,12,Drought rainfall,Heightened,28
SOM,3,2022,12,Drought rainfall,Critical,12
SOM,3,2022,12,Exchange rates,Heightened,74
SOM,3,2022,12,Food prices,Heightened,58
SOM,3,2022,12,Food prices,Critical,16
SOM,3,2022,12,Fuel prices,Heightened,17
SOM,3,2022,12,Fuel prices,Critical,57
SOM,3,2022,12,Heavy rainfall,Typical,69
SOM,3,2022,12,Heavy rainfall,Heightened,3
SOM,3,2022,12,Heavy rainfall,Critical,2
SOM,3,2023,1,Conflict,Typical,44
SOM,3,2023,1,Conflict,Heightened,27
SOM,3,2023,1,Conflict,Critical,3
SOM,3,2023,1,Drought NDVI,Typical,48
SOM,3,2023,1,Drought NDVI,Heightened,13
SOM,3,2023,1,Drought NDVI,Critical,13
SOM,3,2023,1,Drought rainfall,Typical,72
SOM,3,2023,1,Drought rainfall,Heightened,2
SOM,3,2023,1,Exchange rates,Typical,74
SOM,3,2023,1,Food prices,Heightened,61
SOM,3,2023,1,Food prices,Critical,13
SOM,3,2023,1,Fuel prices,Heightened,49
SOM,3,2023,1,Fuel prices,Critical,25
SOM,3,2023,1,Heavy rainfall,Typical,74
SOM,3,2023,2,Conflict,Typical,37
SOM,3,2023,2,Conflict,Heightened,25
SOM,3,2023,2,Conflict,Critical,12
SOM,3,2023,2,Drought NDVI,Typical,55
SOM,3,2023,2,Drought NDVI,Heightened,9
SOM,3,2023,2,Drought NDVI,Critical,10
SOM,3,2023,2,Drought rainfall,Typical,74
SOM,3,2023,2,Exchange rates,Typical,74
SOM,3,2023,2,Food prices,Heightened,61
SOM,3,2023,2,Food prices,Critical,13
SOM,3,2023,2,Fuel prices,Heightened,50
SOM,3,2023,2,Fuel prices,Critical,24
SOM,3,2023,2,Heavy rainfall,Typical,74
SOM,3,2023,3,Conflict,Typical,33
SOM,3,2023,3,Conflict,Heightened,29
SOM,3,2023,3,Conflict,Critical,12
SOM,3,2023,3,Drought NDVI,Typical,61
SOM,3,2023,3,Drought NDVI,Heightened,8
SOM,3,2023,3,Drought NDVI,Critical,5
SOM,3,2023,3,Drought rainfall,Typical,74
SOM,3,2023,3,Exchange rates,Typical,74
SOM,3,2023,3,Food prices,Typical,2
SOM,3,2023,3,Food prices,Heightened,63
SOM,3,2023,3,Food prices,Critical,9
SOM,3,2023,3,Fuel prices,Heightened,50
SOM,3,2023,3,Fuel prices,Critical,24
SOM,3,2023,3,Heavy rainfall,Typical,60
SOM,3,2023,3,Heavy rainfall,Heightened,12
SOM,3,2023,3,Heavy rainfall,Critical,2
SOM,3,2023,4,Conflict,Typical,44
SOM,3,2023,4,Conflict,Heightened,25
SOM,3,2023,4,Conflict,Critical,5
SOM,3,2023,4,Drought NDVI,Typical,69
SOM,3,2023,4,Drought NDVI,Heightened,5
SOM,3,2023,4,Drought rainfall,Typical,74
SOM,3,2023,4,Exchange rates,Typical,74
SOM,3,2023,4,Food prices,Typical,5
SOM,3,2023,4,Food prices,Heightened,65
SOM,3,2023,4,Food prices,Critical,4
SOM,3,2023,4,Fuel prices,Heightened,57
SOM,3,2023,4,Fuel prices,Critical,17
SOM,3,2023,4,Heavy rainfall,Typical,59
SOM,3,2023,4,Heavy rainfall,Heightened,14
SOM,3,2023,4,Heavy rainfall,Critical,1
SOM,3,2023,5,Conflict,Typical,43
SOM,3,2023,5,Conflict,Heightened,31
SOM,3,2023,5,Drought NDVI,Typical,73
SOM,3,2023,5,Drought NDVI,Heightened,1
SOM,3,2023,5,Drought rainfall,Typical,74
SOM,3,2023,5,Exchange rates,Typical,74
SOM,3,2023,5,Food prices,Typical,8
SOM,3,2023,5,Food prices,Heightened,59
SOM,3,2023,5,Food prices,Critical,7
SOM,3,2023,5,Fuel prices,Typical,3
SOM,3,2023,5,Fuel prices,Heightened,56
SOM,3,2023,5,Fuel prices,Critical,15
SOM,3,2023,5,Heavy rainfall,Typical,64
SOM,3,2023,5,Heavy rainfall,Heightened,10
SOM,3,2023,6,Conflict,Typical,42
SOM,3,2023,6,Conflict,Heightened,31
SOM,3,2023,6,Conflict,Critical,1
SOM,3,2023,6,Drought NDVI,Typical,71
SOM,3,2023,6,Drought NDVI,Heightened,2
SOM,3,2023,6,Drought NDVI,Critical,1
SOM,3,2023,6,Drought rainfall,Typical,74
SOM,3,2023,6,Exchange rates,Typical,74
SOM,3,2023,6,Food prices,Typical,13
SOM,3,2023,6,Food prices,Heightened,59
SOM,3,2023,6,Food prices,Critical,2
SOM,3,2023,6,Fuel prices,Typical,3
SOM,3,2023,6,Fuel prices,Heightened,56
SOM,3,2023,6,Fuel prices,Critical,15
SOM,3,2023,6,Heavy rainfall,Typical,74
SOM,3,2023,7,Conflict,Typical,42
SOM,3,2023,7,Conflict,Heightened,28
SOM,3,2023,7,Conflict,Critical,4
SOM,3,2023,7,Drought NDVI,Typical,69
SOM,3,2023,7,Drought NDVI,Heightened,4
SOM,3,2023,7,Drought NDVI,Critical,1
SOM,3,2023,7,Drought rainfall,Typical,74
SOM,3,2023,7,Exchange rates,Typical,74
SOM,3,2023,7,Food prices,Typical,21
SOM,3,2023,7,Food prices,Heightened,51
SOM,3,2023,7,Food prices,Critical,2
SOM,3,2023,7,Fuel prices,Typical,6
SOM,3,2023,7,Fuel prices,Heightened,49
SOM,3,2023,7,Fuel prices,Critical,19
SOM,3,2023,7,Heavy rainfall,Typical,74
SOM,3,2023,8,Conflict,Typical,41
SOM,3,2023,8,Conflict,Heightened,29
SOM,3,2023,8,Conflict,Critical,4
SOM,3,2023,8,Drought NDVI,Typical,67
SOM,3,2023,8,Drought NDVI,Heightened,5
SOM,3,2023,8,Drought NDVI,Critical,2
SOM,3,2023,8,Drought rainfall,Typical,74
SOM,3,2023,8,Exchange rates,Typical,74
SOM,3,2023,8,Food prices,Typical,27
SOM,3,2023,8,Food prices,Heightened,45
SOM,3,2023,8,Food prices,Critical,2
SOM,3,2023,8,Fuel prices,Typical,27
SOM,3,2023,8,Fuel prices,Heightened,30
SOM,3,2023,8,Fuel prices,Critical,17
SOM,3,2023,8,Heavy rainfall,Typical,74
SOM,3,2023,9,Conflict,Typical,31
SOM,3,2023,9,Conflict,Heightened,38
SOM,3,2023,9,Conflict,Critical,5
SOM,3,2023,9,Drought NDVI,Typical,65
SOM,3,2023,9,Drought NDVI,Heightened,8
SOM,3,2023,9,Drought NDVI,Critical,1
SOM,3,2023,9,Drought rainfall,Typical,74
SOM,3,2023,9,Exchange rates,Typical,74
SOM,3,2023,9,Food prices,Typical,23
SOM,3,2023,9,Food prices,Heightened,48
SOM,3,2023,9,Food prices,Critical,3
SOM,3,2023,9,Fuel prices,Typical,31
SOM,3,2023,9,Fuel prices,Heightened,27
SOM,3,2023,9,Fuel prices,Critical,16
SOM,3,2023,9,Heavy rainfall,Typical,72
SOM,3,2023,9,Heavy rainfall,Heightened,2
SOM,3,2023,10,Conflict,Typical,45
SOM,3,2023,10,Conflict,Heightened,29
SOM,3,2023,10,Drought NDVI,Typical,71
SOM,3,2023,10,Drought NDVI,Heightened,2
SOM,3,2023,10,Drought NDVI,Critical,1
SOM,3,2023,10,Drought rainfall,Typical,74
SOM,3,2023,10,Exchange rates,Typical,74
SOM,3,2023,10,Food prices,Typical,33
SOM,3,2023,10,Food prices,Heightened,39
SOM,3,2023,10,Food prices,Critical,2
SOM,3,2023,10,Fuel prices,Typical,32
SOM,3,2023,10,Fuel prices,Heightened,27
SOM,3,2023,10,Fuel prices,Critical,15
SOM,3,2023,10,Heavy rainfall,Typical,24
SOM,3,2023,10,Heavy rainfall,Heightened,37
SOM,3,2023,10,Heavy rainfall,Critical,13
SOM,3,2023,11,Conflict,Typical,55
SOM,3,2023,11,Conflict,Heightened,18
SOM,3,2023,11,Conflict,Critical,1
SOM,3,2023,11,Drought NDVI,Typical,72
SOM,3,2023,11,Drought NDVI,Heightened,2
SOM,3,2023,11,Drought rainfall,Typical,74
SOM,3,2023,11,Exchange rates,Typical,74
SOM,3,2023,11,Food prices,Typical,50
SOM,3,2023,11,Food prices,Heightened,21
SOM,3,2023,11,Food prices,Critical,3
SOM,3,2023,11,Fuel prices,Typical,54
SOM,3,2023,11,Fuel prices,Heightened,3
SOM,3,2023,11,Fuel prices,Critical,17
SOM,3,2023,11,Heavy rainfall,Typical,11
SOM,3,2023,11,Heavy rainfall,Heightened,23
SOM,3,2023,11,Heavy rainfall,Critical,40
SOM,3,2023,12,Conflict,Typical,59
SOM,3,2023,12,Conflict,Heightened,15
SOM,3,2023,12,Drought NDVI,Typical,73
SOM,3,2023,12,Drought NDVI,Heightened,1
SOM,3,2023,12,Drought rainfall,Typical,74
SOM,3,2023,12,Exchange rates,Typical,74
SOM,3,2023,12,Food prices,Typical,51
SOM,3,2023,12,Food prices,Heightened,20
SOM,3,2023,12,Food prices,Critical,3
SOM,3,2023,12,Fuel prices,Typical,53
SOM,3,2023,12,Fuel prices,Heightened,4
SOM,3,2023,12,Fuel prices,Critical,17
SOM,3,2023,12,Heavy rainfall,Typical,74
SOM,3,2024,1,Conflict,Typical,67
SOM,3,2024,1,Conflict,Heightened,7
SOM,3,2024,1,Drought NDVI,Typical,74
SOM,3,2024,1,Drought rainfall,Typical,74
SOM,3,2024,1,Exchange rates,Heightened,74
SOM,3,2024,1,Food prices,Typical,60
SOM,3,2024,1,Food prices,Heightened,14
SOM,3,2024,1,Fuel prices,Typical,55
SOM,3,2024,1,Fuel prices,Heightened,3
SOM,3,2024,1,Fuel prices,Critical,16
SOM,3,2024,1,Heavy rainfall,Typical,74
SOM,3,2024,2,Conflict,Typical,66
SOM,3,2024,2,Conflict,Heightened,8
SOM,3,2024,2,Drought NDVI,Typical,74
SOM,3,2024,2,Drought rainfall,Typical,74
SOM,3,2024,2,Exchange rates,Typical,74
SOM,3,2024,2,Food prices,Typical,67
SOM,3,2024,2,Food prices,Heightened,6
SOM,3,2024,2,Food prices,Critical,1
SOM,3,2024,2,Fuel prices,Typical,63
SOM,3,2024,2,Fuel prices,Heightened,2
SOM,3,2024,2,Fuel prices,Critical,9
SOM,3,2024,2,Heavy rainfall,Typical,74
SOM,3,2024,3,Conflict,Typical,64
SOM,3,2024,3,Conflict,Heightened,10
SOM,3,2024,3,Drought NDVI,Typical,74
SOM,3,2024,3,Drought rainfall,Typical,73
SOM,3,2024,3,Drought rainfall,Heightened,1
SOM,3,2024,3,Exchange rates,Heightened,74
SOM,3,2024,3,Food prices,Typical,68
SOM,3,2024,3,Food prices,Heightened,5
SOM,3,2024,3,Food prices,Critical,1
SOM,3,2024,3,Fuel prices,Typical,65
SOM,3,2024,3,Fuel prices,Heightened,4
SOM,3,2024,3,Fuel prices,Critical,5
SOM,3,2024,3,Heavy rainfall,Typical,74
SOM,3,2024,4,Conflict,Typical,61
SOM,3,2024,4,Conflict,Heightened,13
SOM,3,2024,4,Drought NDVI,Typical,74
SOM,3,2024,4,Drought rainfall,Typical,74
SOM,3,2024,4,Exchange rates,Heightened,74
SOM,3,2024,4,Food prices,Typical,72
SOM,3,2024,4,Food prices,Heightened,2
SOM,3,2024,4,Fuel prices,Typical,66
SOM,3,2024,4,Fuel prices,Heightened,4
SOM,3,2024,4,Fuel prices,Critical,4
SOM,3,2024,4,Heavy rainfall,Typical,48
SOM,3,2024,4,Heavy rainfall,Heightened,26
SOM,3,2024,5,Conflict,Typical,62
SOM,3,2024,5,Conflict,Heightened,12
SOM,3,2024,5,Drought NDVI,Typical,74
SOM,3,2024,5,Drought rainfall,Typical,74
SOM,3,2024,5,Exchange rates,Heightened,74
SOM,3,2024,5,Food prices,Typical,72
SOM,3,2024,5,Food prices,Heightened,2
SOM,3,2024,5,Fuel prices,Typical,67
SOM,3,2024,5,Fuel prices,Heightened,3
SOM,3,2024,5,Fuel prices,Critical,4
SOM,3,2024,5,Heavy rainfall,Typical,70
SOM,3,2024,5,Heavy rainfall,Heightened,4
SOM,3,2024,6,Conflict,Typical,63
SOM,3,2024,6,Conflict,Heightened,11
SOM,3,2024,6,Drought NDVI,Typical,74
SOM,3,2024,6,Drought rainfall,Typical,74
SOM,3,2024,6,Exchange rates,Heightened,74
SOM,3,2024,6,Food prices,Typical,73
SOM,3,2024,6,Food prices,Heightened,1
SOM,3,2024,6,Fuel prices,Typical,68
SOM,3,2024,6,Fuel prices,Heightened,2
SOM,3,2024,6,Fuel prices,Critical,4
SOM,3,2024,6,Heavy rainfall,Typical,71
SOM,3,2024,6,Heavy rainfall,Heightened,3
SOM,3,2024,7,Conflict,Typical,61
SOM,3,2024,7,Conflict,Heightened,13
SOM,3,2024,7,Drought NDVI,Typical,74
SOM,3,2024,7,Drought rainfall,Typical,74
SOM,3,2024,7,Exchange rates,Typical,74
SOM,3,2024,7,Food prices,Typical,74
SOM,3,2024,7,Fuel prices,Typical,71
SOM,3,2024,7,Fuel prices,Heightened,2
SOM,3,2024,7,Fuel prices,Critical,1
SOM,3,2024,7,Heavy rainfall,Typical,71
SOM,3,2024,7,Heavy rainfall,Heightened,3
SOM,3,2024,8,Conflict,Typical,64
SOM,3,2024,8,Conflict,Heightened,10
SOM,3,2024,8,Drought NDVI,Typical,74
SOM,3,2024,8,Drought rainfall,Typical,74
SOM,3,2024,8,Exchange rates,Typical,74
SOM,3,2024,8,Food prices,Typical,73
SOM,3,2024,8,Food prices,Heightened,1
SOM,3,2024,8,Fuel prices,Typical,71
SOM,3,2024,8,Fuel prices,Heightened,2
SOM,3,2024,8,Fuel prices,Critical,1
SOM,3,2024,8,Heavy rainfall,Typical,71
SOM,3,2024,8,Heavy rainfall,Heightened,3
SOM,3,2024,9,Conflict,Typical,67
SOM,3,2024,9,Conflict,Heightened,7
SOM,3,2024,9,Drought NDVI,Typical,74
SOM,3,2024,9,Drought rainfall,Typical,74
SOM,3,2024,9,Exchange rates,Typical,74
SOM,3,2024,9,Food prices,Typical,73
SOM,3,2024,9,Food prices,Heightened,1
SOM,3,2024,9,Fuel prices,Typical,73
SOM,3,2024,9,Fuel prices,Critical,1
SOM,3,2024,9,Heavy rainfall,Typical,74
SOM,3,2024,10,Conflict,Typical,71
SOM,3,2024,10,Conflict,Heightened,3
SOM,3,2024,10,Drought NDVI,Typical,74
SOM,3,2024,10,Drought rainfall,Typical,73
SOM,3,2024,10,Drought rainfall,Heightened,1
SOM,3,2024,10,Exchange rates,Typical,74
SOM,3,2024,10,Food prices,Typical,74
SOM,3,2024,10,Fuel prices,Typical,72
SOM,3,2024,10,Fuel prices,Heightened,2
SOM,3,2024,10,Heavy rainfall,Typical,70
SOM,3,2024,10,Heavy rainfall,Heightened,4
SOM,3,2024,11,Conflict,Typical,67
SOM,3,2024,11,Conflict,Heightened,7
SOM,3,2024,11,Drought NDVI,Typical,74
SOM,3,2024,11,Drought rainfall,Typical,72
SOM,3,2024,11,Drought rainfall,Heightened,2
SOM,3,2024,11,Exchange rates,Heightened,74
SOM,3,2024,11,Food prices,Typical,70
SOM,3,2024,11,Food prices,Heightened,4
SOM,3,2024,11,Fuel prices,Typical,70
SOM,3,2024,11,Fuel prices,Heightened,3
SOM,3,2024,11,Fuel prices,Critical,1
SOM,3,2024,11,Heavy rainfall,Typical,70
SOM,3,2024,11,Heavy rainfall,Heightened,4
SOM,3,2024,12,Conflict,Typical,54
SOM,3,2024,12,Conflict,Heightened,16
SOM,3,2024,12,Conflict,Critical,4
SOM,3,2024,12,Drought NDVI,Typical,74
SOM,3,2024,12,Drought rainfall,Typical,72
SOM,3,2024,12,Drought rainfall,Heightened,2
SOM,3,2024,12,Exchange rates,Typical,74
SOM,3,2024,12,Food prices,Typical,70
SOM,3,2024,12,Food prices,Heightened,4
SOM,3,2024,12,Fuel prices,Typical,69
SOM,3,2024,12,Fuel prices,Heightened,3
SOM,3,2024,12,Fuel prices,Critical,2
SOM,3,2024,12,Heavy rainfall,Typical,74
SOM,3,2025,1,Conflict,Typical,52
SOM,3,2025,1,Conflict,Heightened,18
SOM,3,2025,1,Conflict,Critical,4
SOM,3,2025,1,Drought NDVI,Typical,74
SOM,3,2025,1,Drought rainfall,Typical,74
SOM,3,2025,1,Exchange rates,Typical,74
SOM,3,2025,1,Food prices,Typical,72
SOM,3,2025,1,Food prices,Heightened,2
SOM,3,2025,1,Fuel prices,Typical,69
SOM,3,2025,1,Fuel prices,Heightened,2
SOM,3,2025,1,Fuel prices,Critical,3
SOM,3,2025,1,Heavy rainfall,Typical,74
SOM,3,2025,2,Conflict,Typical,51
SOM,3,2025,2,Conflict,Heightened,19
SOM,3,2025,2,Conflict,Critical,4
SOM,3,2025,2,Drought NDVI,Typical,74
SOM,3,2025,2,Drought rainfall,Typical,74
SOM,3,2025,2,Exchange rates,Typical,74
SOM,3,2025,2,Food prices,Typical,74
SOM,3,2025,2,Fuel prices,Typical,69
SOM,3,2025,2,Fuel prices,Heightened,2
SOM,3,2025,2,Fuel prices,Critical,3
SOM,3,2025,2,Heavy rainfall,Typical,74
SOM,3,2025,3,Conflict,Typical,39
SOM,3,2025,3,Conflict,Heightened,24
SOM,3,2025,3,Conflict,Critical,11
SOM,3,2025,3,Drought NDVI,Typical,74
SOM,3,2025,3,Drought rainfall,Typical,74
SOM,3,2025,3,Exchange rates,Typical,74
SOM,3,2025,3,Food prices,Typical,73
SOM,3,2025,3,Food prices,Heightened,1
SOM,3,2025,3,Fuel prices,Typical,71
SOM,3,2025,3,Fuel prices,Heightened,3
SOM,3,2025,3,Heavy rainfall,Typical,74
SOM,3,2025,4,Conflict,Typical,40
SOM,3,2025,4,Conflict,Heightened,30
SOM,3,2025,4,Conflict,Critical,4
SOM,3,2025,4,Drought NDVI,Typical,74
SOM,3,2025,4,Drought rainfall,Typical,74
SOM,3,2025,4,Exchange rates,Typical,74
SOM,3,2025,4,Food prices,Typical,71
SOM,3,2025,4,Food prices,Heightened,3
SOM,3,2025,4,Fuel prices,Typical,72
SOM,3,2025,4,Fuel prices,Heightened,2
SOM,3,2025,4,Heavy rainfall,Typical,70
SOM,3,2025,4,Heavy rainfall,Heightened,4
SOM,3,2025,5,Conflict,Typical,38
SOM,3,2025,5,Conflict,Heightened,34
SOM,3,2025,5,Conflict,Critical,2
SOM,3,2025,5,Drought NDVI,Typical,74
SOM,3,2025,5,Drought rainfall,Typical,64
SOM,3,2025,5,Drought rainfall,Heightened,9
SOM,3,2025,5,Drought rainfall,Critical,1
SOM,3,2025,5,Exchange rates,Typical,74
SOM,3,2025,5,Food prices,Typical,73
SOM,3,2025,5,Food prices,Heightened,1
SOM,3,2025,5,Fuel prices,Typical,65
SOM,3,2025,5,Fuel prices,Heightened,9
SOM,3,2025,5,Heavy rainfall,Typical,72
SOM,3,2025,5,Heavy rainfall,Heightened,2
SOM,3,2025,6,Conflict,Typical,44
SOM,3,2025,6,Conflict,Heightened,27
SOM,3,2025,6,Conflict,Critical,3
SOM,3,2025,6,Drought NDVI,Typical,74
SOM,3,2025,6,Drought rainfall,Typical,67
SOM,3,2025,6,Drought rainfall,Heightened,7
SOM,3,2025,6,Exchange rates,Typical,74
SOM,3,2025,6,Food prices,Typical,73
SOM,3,2025,6,Food prices,Heightened,1
SOM,3,2025,6,Fuel prices,Typical,69
SOM,3,2025,6,Fuel prices,Heightened,5
SOM,3,2025,6,Heavy rainfall,Typical,74
SOM,3,2025,7,Conflict,Typical,44
SOM,3,2025,7,Conflict,Heightened,25
SOM,3,2025,7,Conflict,Critical,5
SOM,3,2025,7,Drought NDVI,Typical,74
SOM,3,2025,7,Drought rainfall,Typical,59
SOM,3,2025,7,Drought rainfall,Heightened,11
SOM,3,2025,7,Drought rainfall,Critical,4
SOM,3,2025,7,Exchange rates,Typical,74
SOM,3,2025,7,Food prices,Typical,72
SOM,3,2025,7,Food prices,Heightened,2
SOM,3,2025,7,Fuel prices,Typical,69
SOM,3,2025,7,Fuel prices,Heightened,5
SOM,3,2025,7,Heavy rainfall,Typical,74
SOM,3,2025,8,Conflict,Typical,53
SOM,3,2025,8,Conflict,Heightened,16
SOM,3,2025,8,Conflict,Critical,5
SOM,3,2025,8,Drought NDVI,Typical,74
SOM,3,2025,8,Drought rainfall,Typical,58
SOM,3,2025,8,Drought rainfall,Heightened,8
SOM,3,2025,8,Drought rainfall,Critical,8
SOM,3,2025,8,Exchange rates,Typical,74
SOM,3,2025,8,Food prices,Typical,72
SOM,3,2025,8,Food prices,Heightened,2
SOM,3,2025,8,Fuel prices,Typical,69
SOM,3,2025,8,Fuel prices,Heightened,5
SOM,3,2025,8,Heavy rainfall,Typical,74
SOM,3,2025,9,Conflict,Typical,51
SOM,3,2025,9,Conflict,Heightened,22
SOM,3,2025,9,Conflict,Critical,1
SOM,3,2025,9,Drought NDVI,Typical,73
SOM,3,2025,9,Drought NDVI,Heightened,1
SOM,3,2025,9,Drought rainfall,Typical,62
SOM,3,2025,9,Drought rainfall,Heightened,9
SOM,3,2025,9,Drought rainfall,Critical,3
SOM,3,2025,9,Exchange rates,Typical,74
SOM,3,2025,9,Food prices,Typical,72
SOM,3,2025,9,Food prices,Heightened,2
SOM,3,2025,9,Fuel prices,Typical,71
SOM,3,2025,9,Fuel prices,Heightened,3
SOM,3,2025,9,Heavy rainfall,Typical,72
SOM,3,2025,9,Heavy rainfall,Heightened,2
SOM,3,2025,10,Conflict,Typical,57
SOM,3,2025,10,Conflict,Heightened,17
SOM,3,2025,10,Drought NDVI,Typical,73
SOM,3,2025,10,Drought NDVI,Heightened,1
SOM,3,2025,10,Drought rainfall,Typical,56
SOM,3,2025,10,Drought rainfall,Heightened,11
SOM,3,2025,10,Drought rainfall,Critical,7
SOM,3,2025,10,Exchange rates,Typical,74
SOM,3,2025,10,Food prices,Typical,67
SOM,3,2025,10,Food prices,Heightened,7
SOM,3,2025,10,Fuel prices,Typical,70
SOM,3,2025,10,Fuel prices,Heightened,4
SOM,3,2025,10,Heavy rainfall,Typical,74
SOM,3,2025,11,Conflict,Typical,64
SOM,3,2025,11,Conflict,Heightened,10
SOM,3,2025,11,Drought NDVI,Typical,73
SOM,3,2025,11,Drought NDVI,Heightened,1
SOM,3,2025,11,Drought rainfall,Typical,47
SOM,3,2025,11,Drought rainfall,Heightened,16
SOM,3,2025,11,Drought rainfall,Critical,11
SOM,3,2025,11,Exchange rates,Typical,74
SOM,3,2025,11,Food prices,Typical,72
SOM,3,2025,11,Food prices,Heightened,2
SOM,3,2025,11,Fuel prices,Typical,69
SOM,3,2025,11,Fuel prices,Heightened,5
SOM,3,2025,11,Heavy rainfall,Typical,74
SOM,4,2010,1,Conflict,Typical,60
SOM,4,2010,1,Conflict,Heightened,3
SOM,4,2010,1,Conflict,Critical,11
SOM,4,2010,1,Drought NDVI,Typical,73
SOM,4,2010,1,Drought NDVI,Critical,1
SOM,4,2010,1,Drought rainfall,Typical,74
SOM,4,2010,1,Exchange rates,Typical,74
SOM,4,2010,1,Food prices,Typical,74
SOM,4,2010,1,Fuel prices,Typical,74
SOM,4,2010,1,Heavy rainfall,Typical,74
SOM,4,2010,2,Conflict,Typical,61
SOM,4,2010,2,Conflict,Heightened,10
SOM,4,2010,2,Conflict,Critical,3
SOM,4,2010,2,Drought NDVI,Typical,74
SOM,4,2010,2,Drought rainfall,Typical,74
SOM,4,2010,2,Exchange rates,Typical,74
SOM,4,2010,2,Food prices,Typical,74
SOM,4,2010,2,Fuel prices,Typical,74
SOM,4,2010,2,Heavy rainfall,Typical,74
SOM,4,2010,3,Conflict,Typical,57
SOM,4,2010,3,Conflict,Heightened,12
SOM,4,2010,3,Conflict,Critical,5
SOM,4,2010,3,Drought NDVI,Typical,74
SOM,4,2010,3,Drought rainfall,Typical,74
SOM,4,2010,3,Exchange rates,Typical,74
SOM,4,2010,3,Food prices,Typical,74
SOM,4,2010,3,Fuel prices,Typical,74
SOM,4,2010,3,Heavy rainfall,Typical,71
SOM,4,2010,3,Heavy rainfall,Heightened,3
SOM,4,2010,4,Conflict,Typical,49
SOM,4,2010,4,Conflict,Heightened,15
SOM,4,2010,4,Conflict,Critical,10
SOM,4,2010,4,Drought NDVI,Typical,74
SOM,4,2010,4,Drought rainfall,Typical,74
SOM,4,2010,4,Exchange rates,Typical,74
SOM,4,2010,4,Food prices,Typical,74
SOM,4,2010,4,Fuel prices,Typical,74
SOM,4,2010,4,Heavy rainfall,Typical,69
SOM,4,2010,4,Heavy rainfall,Heightened,5
SOM,4,2010,5,Conflict,Typical,56
SOM,4,2010,5,Conflict,Heightened,11
SOM,4,2010,5,Conflict,Critical,7
SOM,4,2010,5,Drought NDVI,Typical,74
SOM,4,2010,5,Drought rainfall,Typical,74
SOM,4,2010,5,Exchange rates,Typical,74
SOM,4,2010,5,Food prices,Typical,74
SOM,4,2010,5,Fuel prices,Typical,74
SOM,4,2010,5,Heavy rainfall,Typical,71
SOM,4,2010,5,Heavy rainfall,Heightened,3
SOM,4,2010,6,Conflict,Typical,60
SOM,4,2010,6,Conflict,Heightened,11
SOM,4,2010,6,Conflict,Critical,3
SOM,4,2010,6,Drought NDVI,Typical,72
SOM,4,2010,6,Drought NDVI,Heightened,2
SOM,4,2010,6,Drought rainfall,Typical,74
SOM,4,2010,6,Exchange rates,Typical,74
SOM,4,2010,6,Food prices,Typical,74
SOM,4,2010,6,Fuel prices,Typical,74
SOM,4,2010,6,Heavy rainfall,Typical,74
SOM,4,2010,7,Conflict,Typical,64
SOM,4,2010,7,Conflict,Heightened,7
SOM,4,2010,7,Conflict,Critical,3
SOM,4,2010,7,Drought NDVI,Typical,72
SOM,4,2010,7,Drought NDVI,Heightened,2
SOM,4,2010,7,Drought rainfall,Typical,74
SOM,4,2010,7,Exchange rates,Typical,74
SOM,4,2010,7,Food prices,Typical,74
SOM,4,2010,7,Fuel prices,Typical,65
SOM,4,2010,7,Fuel prices,Heightened,8
SOM,4,2010,7,Fuel prices,Critical,1
SOM,4,2010,7,Heavy rainfall,Typical,74
SOM,4,2010,8,Conflict,Typical,60
SOM,4,2010,8,Conflict,Heightened,8
SOM,4,2010,8,Conflict,Critical,6
SOM,4,2010,8,Drought NDVI,Typical,73
SOM,4,2010,8,Drought NDVI,Heightened,1
SOM,4,2010,8,Drought rainfall,Typical,74
SOM,4,2010,8,Exchange rates,Typical,74
SOM,4,2010,8,Food prices,Typical,72
SOM,4,2010,8,Food prices,Heightened,2
SOM,4,2010,8,Fuel prices,Typical,61
SOM,4,2010,8,Fuel prices,Heightened,11
SOM,4,2010,8,Fuel prices,Critical,2
SOM,4,2010,8,Heavy rainfall,Typical,73
SOM,4,2010,8,Heavy rainfall,Heightened,1
SOM,4,2010,9,Conflict,Typical,66
SOM,4,2010,9,Conflict,Heightened,8
SOM,4,2010,9,Drought NDVI,Typical,69
SOM,4,2010,9,Drought NDVI,Heightened,5
SOM,4,2010,9,Drought rainfall,Typical,74
SOM,4,2010,9,Exchange rates,Typical,74
SOM,4,2010,9,Food prices,Typical,71
SOM,4,2010,9,Food prices,Heightened,3
SOM,4,2010,9,Fuel prices,Typical,33
SOM,4,2010,9,Fuel prices,Heightened,34
SOM,4,2010,9,Fuel prices,Critical,7
SOM,4,2010,9,Heavy rainfall,Typical,74
SOM,4,2010,10,Conflict,Typical,44
SOM,4,2010,10,Conflict,Heightened,25
SOM,4,2010,10,Conflict,Critical,5
SOM,4,2010,10,Drought NDVI,Typical,43
SOM,4,2010,10,Drought NDVI,Heightened,7
SOM,4,2010,10,Drought NDVI,Critical,24
SOM,4,2010,10,Drought rainfall,Typical,58
SOM,4,2010,10,Drought rainfall,Heightened,12
SOM,4,2010,10,Drought rainfall,Critical,4
SOM,4,2010,10,Exchange rates,Typical,74
SOM,4,2010,10,Food prices,Typical,57
SOM,4,2010,10,Food prices,Heightened,14
SOM,4,2010,10,Food prices,Critical,3
SOM,4,2010,10,Fuel prices,Typical,15
SOM,4,2010,10,Fuel prices,Heightened,46
SOM,4,2010,10,Fuel prices,Critical,13
SOM,4,2010,10,Heavy rainfall,Typical,74
SOM,4,2010,11,Conflict,Typical,50
SOM,4,2010,11,Conflict,Heightened,17
SOM,4,2010,11,Conflict,Critical,7
SOM,4,2010,11,Drought NDVI,Typical,24
SOM,4,2010,11,Drought NDVI,Heightened,8
SOM,4,2010,11,Drought NDVI,Critical,42
SOM,4,2010,11,Drought rainfall,Typical,39
SOM,4,2010,11,Drought rainfall,Heightened,24
SOM,4,2010,11,Drought rainfall,Critical,11
SOM,4,2010,11,Exchange rates,Typical,74
SOM,4,2010,11,Food prices,Typical,46
SOM,4,2010,11,Food prices,Heightened,25
SOM,4,2010,11,Food prices,Critical,3
SOM,4,2010,11,Fuel prices,Typical,15
SOM,4,2010,11,Fuel prices,Heightened,33
SOM,4,2010,11,Fuel prices,Critical,26
SOM,4,2010,11,Heavy rainfall,Typical,74
SOM,4,2010,12,Conflict,Typical,52
SOM,4,2010,12,Conflict,Heightened,17
SOM,4,2010,12,Conflict,Critical,5
SOM,4,2010,12,Drought NDVI,Typical,32
SOM,4,2010,12,Drought NDVI,Heightened,6
SOM,4,2010,12,Drought NDVI,Critical,36
SOM,4,2010,12,Drought rainfall,Typical,36
SOM,4,2010,12,Drought rainfall,Heightened,30
SOM,4,2010,12,Drought rainfall,Critical,8
SOM,4,2010,12,Exchange rates,Typical,74
SOM,4,2010,12,Food prices,Typical,13
SOM,4,2010,12,Food prices,Heightened,21
SOM,4,2010,12,Food prices,Critical,40
SOM,4,2010,12,Fuel prices,Typical,10
SOM,4,2010,12,Fuel prices,Heightened,16
SOM,4,2010,12,Fuel prices,Critical,48
SOM,4,2010,12,Heavy rainfall,Typical,74
SOM,4,2011,1,Conflict,Typical,70
SOM,4,2011,1,Conflict,Heightened,4
SOM,4,2011,1,Drought NDVI,Typical,45
SOM,4,2011,1,Drought NDVI,Heightened,12
SOM,4,2011,1,Drought NDVI,Critical,17
SOM,4,2011,1,Drought rainfall,Typical,62
SOM,4,2011,1,Drought rainfall,Heightened,11
SOM,4,2011,1,Drought rainfall,Critical,1
SOM,4,2011,1,Exchange rates,Typical,74
SOM,4,2011,1,Food prices,Typical,9
SOM,4,2011,1,Food prices,Heightened,4
SOM,4,2011,1,Food prices,Critical,61
SOM,4,2011,1,Fuel prices,Typical,5
SOM,4,2011,1,Fuel prices,Heightened,11
SOM,4,2011,1,Fuel prices,Critical,58
SOM,4,2011,1,Heavy rainfall,Typical,74
SOM,4,2011,2,Conflict,Typical,72
SOM,4,2011,2,Conflict,Heightened,2
SOM,4,2011,2,Drought NDVI,Typical,59
SOM,4,2011,2,Drought NDVI,Heightened,11
SOM,4,2011,2,Drought NDVI,Critical,4
SOM,4,2011,2,Drought rainfall,Typical,37
SOM,4,2011,2,Drought rainfall,Heightened,29
SOM,4,2011,2,Drought rainfall,Critical,8
SOM,4,2011,2,Exchange rates,Typical,74
SOM,4,2011,2,Food prices,Typical,6
SOM,4,2011,2,Food prices,Heightened,5
SOM,4,2011,2,Food prices,Critical,63
SOM,4,2011,2,Fuel prices,Typical,5
SOM,4,2011,2,Fuel prices,Heightened,9
SOM,4,2011,2,Fuel prices,Critical,60
SOM,4,2011,2,Heavy rainfall,Typical,74
SOM,4,2011,3,Conflict,Typical,74
SOM,4,2011,3,Drought NDVI,Typical,47
SOM,4,2011,3,Drought NDVI,Heightened,17
SOM,4,2011,3,Drought NDVI,Critical,10
SOM,4,2011,3,Drought rainfall,Typical,66
SOM,4,2011,3,Drought rainfall,Heightened,8
SOM,4,2011,3,Exchange rates,Typical,74
SOM,4,2011,3,Food prices,Typical,6
SOM,4,2011,3,Food prices,Heightened,1
SOM,4,2011,3,Food prices,Critical,67
SOM,4,2011,3,Fuel prices,Typical,1
SOM,4,2011,3,Fuel prices,Heightened,4
SOM,4,2011,3,Fuel prices,Critical,69
SOM,4,2011,3,Heavy rainfall,Typical,74
SOM,4,2011,4,Conflict,Typical,61
SOM,4,2011,4,Conflict,Heightened,9
SOM,4,2011,4,Conflict,Critical,4
SOM,4,2011,4,Drought NDVI,Typical,31
SOM,4,2011,4,Drought NDVI,Heightened,7
SOM,4,2011,4,Drought NDVI,Critical,36
SOM,4,2011,4,Drought rainfall,Typical,29
SOM,4,2011,4,Drought rainfall,Heightened,17
SOM,4,2011,4,Drought rainfall,Critical,28
SOM,4,2011,4,Exchange rates,Typical,74
SOM,4,2011,4,Food prices,Typical,6
SOM,4,2011,4,Food prices,Heightened,1
SOM,4,2011,4,Food prices,Critical,67
SOM,4,2011,4,Fuel prices,Typical,1
SOM,4,2011,4,Fuel prices,Heightened,10
SOM,4,2011,4,Fuel prices,Critical,63
SOM,4,2011,4,Heavy rainfall,Typical,74
SOM,4,2011,5,Conflict,Typical,61
SOM,4,2011,5,Conflict,Heightened,10
SOM,4,2011,5,Conflict,Critical,3
SOM,4,2011,5,Drought NDVI,Typical,40
SOM,4,2011,5,Drought NDVI,Heightened,5
SOM,4,2011,5,Drought NDVI,Critical,29
SOM,4,2011,5,Drought rainfall,Typical,53
SOM,4,2011,5,Drought rainfall,Heightened,4
SOM,4,2011,5,Drought rainfall,Critical,17
SOM,4,2011,5,Exchange rates,Typical,74
SOM,4,2011,5,Food prices,Typical,5
SOM,4,2011,5,Food prices,Heightened,1
SOM,4,2011,5,Food prices,Critical,68
SOM,4,2011,5,Fuel prices,Typical,1
SOM,4,2011,5,Fuel prices,Heightened,5
SOM,4,2011,5,Fuel prices,Critical,68
SOM,4,2011,5,Heavy rainfall,Typical,74
SOM,4,2011,6,Conflict,Typical,57
SOM,4,2011,6,Conflict,Heightened,16
SOM,4,2011,6,Conflict,Critical,1
SOM,4,2011,6,Drought NDVI,Typical,54
SOM,4,2011,6,Drought NDVI,Heightened,3
SOM,4,2011,6,Drought NDVI,Critical,17
SOM,4,2011,6,Drought rainfall,Typical,53
SOM,4,2011,6,Drought rainfall,Heightened,4
SOM,4,2011,6,Drought rainfall,Critical,17
SOM,4,2011,6,Exchange rates,Typical,74
SOM,4,2011,6,Food prices,Typical,5
SOM,4,2011,6,Food prices,Critical,69
SOM,4,2011,6,Fuel prices,Heightened,6
SOM,4,2011,6,Fuel prices,Critical,68
SOM,4,2011,6,Heavy rainfall,Typical,74
SOM,4,2011,7,Conflict,Typical,57
SOM,4,2011,7,Conflict,Heightened,17
SOM,4,2011,7,Drought NDVI,Typical,59
SOM,4,2011,7,Drought NDVI,Heightened,6
SOM,4,2011,7,Drought NDVI,Critical,9
SOM,4,2011,7,Drought rainfall,Typical,53
SOM,4,2011,7,Drought rainfall,Heightened,5
SOM,4,2011,7,Drought rainfall,Critical,16
SOM,4,2011,7,Exchange rates,Typical,74
SOM,4,2011,7,Food prices,Typical,5
SOM,4,2011,7,Food prices,Critical,69
SOM,4,2011,7,Fuel prices,Heightened,2
SOM,4,2011,7,Fuel prices,Critical,72
SOM,4,2011,7,Heavy rainfall,Typical,66
SOM,4,2011,7,Heavy rainfall,Heightened,6
SOM,4,2011,7,Heavy rainfall,Critical,2
SOM,4,2011,8,Conflict,Typical,60
SOM,4,2011,8,Conflict,Heightened,14
SOM,4,2011,8,Drought NDVI,Typical,60
SOM,4,2011,8,Drought NDVI,Heightened,7
SOM,4,2011,8,Drought NDVI,Critical,7
SOM,4,2011,8,Drought rainfall,Typical,55
SOM,4,2011,8,Drought rainfall,Heightened,3
SOM,4,2011,8,Drought rainfall,Critical,16
SOM,4,2011,8,Exchange rates,Typical,74
SOM,4,2011,8,Food prices,Typical,5
SOM,4,2011,8,Food prices,Critical,69
SOM,4,2011,8,Fuel prices,Typical,1
SOM,4,2011,8,Fuel prices,Heightened,2
SOM,4,2011,8,Fuel prices,Critical,71
SOM,4,2011,8,Heavy rainfall,Typical,73
SOM,4,2011,8,Heavy rainfall,Heightened,1
SOM,4,2011,9,Conflict,Typical,61
SOM,4,2011,9,Conflict,Heightened,8
SOM,4,2011,9,Conflict,Critical,5
SOM,4,2011,9,Drought NDVI,Typical,72
SOM,4,2011,9,Drought NDVI,Heightened,2
SOM,4,2011,9,Drought rainfall,Typical,74
SOM,4,2011,9,Exchange rates,Typical,74
SOM,4,2011,9,Food prices,Typical,1
SOM,4,2011,9,Food prices,Heightened,5
SOM,4,2011,9,Food prices,Critical,68
SOM,4,2011,9,Fuel prices,Heightened,3
SOM,4,2011,9,Fuel prices,Critical,71
SOM,4,2011,9,Heavy rainfall,Typical,74
SOM,4,2011,10,Conflict,Typical,43
SOM,4,2011,10,Conflict,Heightened,23
SOM,4,2011,10,Conflict,Critical,8
SOM,4,2011,10,Drought NDVI,Typical,72
SOM,4,2011,10,Drought NDVI,Heightened,2
SOM,4,2011,10,Drought rainfall,Typical,73
SOM,4,2011,10,Drought rainfall,Heightened,1
SOM,4,2011,10,Exchange rates,Typical,74
SOM,4,2011,10,Food prices,Typical,1
SOM,4,2011,10,Food prices,Heightened,5
SOM,4,2011,10,Food prices,Critical,68
SOM,4,2011,10,Fuel prices,Heightened,5
SOM,4,2011,10,Fuel prices,Critical,69
SOM,4,2011,10,Heavy rainfall,Typical,52
SOM,4,2011,10,Heavy rainfall,Heightened,22
SOM,4,2011,11,Conflict,Typical,40
SOM,4,2011,11,Conflict,Heightened,27
SOM,4,2011,11,Conflict,Critical,7
SOM,4,2011,11,Drought NDVI,Typical,71
SOM,4,2011,11,Drought NDVI,Heightened,3
SOM,4,2011,11,Drought rainfall,Typical,74
SOM,4,2011,11,Exchange rates,Typical,74
SOM,4,2011,11,Food prices,Typical,2
SOM,4,2011,11,Food prices,Heightened,26
SOM,4,2011,11,Food prices,Critical,46
SOM,4,2011,11,Fuel prices,Heightened,22
SOM,4,2011,11,Fuel prices,Critical,52
SOM,4,2011,11,Heavy rainfall,Typical,74
SOM,4,2011,12,Conflict,Typical,49
SOM,4,2011,12,Conflict,Heightened,21
SOM,4,2011,12,Conflict,Critical,4
SOM,4,2011,12,Drought NDVI,Typical,73
SOM,4,2011,12,Drought NDVI,Critical,1
SOM,4,2011,12,Drought rainfall,Typical,74
SOM,4,2011,12,Exchange rates,Typical,74
SOM,4,2011,12,Food prices,Typical,14
SOM,4,2011,12,Food prices,Heightened,47
SOM,4,2011,12,Food prices,Critical,13
SOM,4,2011,12,Fuel prices,Typical,6
SOM,4,2011,12,Fuel prices,Heightened,50
SOM,4,2011,12,Fuel prices,Critical,18
SOM,4,2011,12,Heavy rainfall,Typical,74
SOM,4,2012,1,Conflict,Typical,50
SOM,4,2012,1,Conflict,Heightened,23
SOM,4,2012,1,Conflict,Critical,1
SOM,4,2012,1,Drought NDVI,Typical,73
SOM,4,2012,1,Drought NDVI,Critical,1
SOM,4,2012,1,Drought rainfall,Typical,74
SOM,4,2012,1,Exchange rates,Typical,74
SOM,4,2012,1,Food prices,Typical,44
SOM,4,2012,1,Food prices,Heightened,25
SOM,4,2012,1,Food prices,Critical,5
SOM,4,2012,1,Fuel prices,Typical,37
SOM,4,2012,1,Fuel prices,Heightened,36
SOM,4,2012,1,Fuel prices,Critical,1
SOM,4,2012,1,Heavy rainfall,Typical,74
SOM,4,2012,2,Conflict,Typical,45
SOM,4,2012,2,Conflict,Heightened,25
SOM,4,2012,2,Conflict,Critical,4
SOM,4,2012,2,Drought NDVI,Typical,74
SOM,4,2012,2,Drought rainfall,Typical,71
SOM,4,2012,2,Drought rainfall,Heightened,3
SOM,4,2012,2,Exchange rates,Typical,74
SOM,4,2012,2,Food prices,Typical,66
SOM,4,2012,2,Food prices,Heightened,3
SOM,4,2012,2,Food prices,Critical,5
SOM,4,2012,2,Fuel prices,Typical,67
SOM,4,2012,2,Fuel prices,Heightened,6
SOM,4,2012,2,Fuel prices,Critical,1
SOM,4,2012,2,Heavy rainfall,Typical,74
SOM,4,2012,3,Conflict,Typical,52
SOM,4,2012,3,Conflict,Heightened,21
SOM,4,2012,3,Conflict,Critical,1
SOM,4,2012,3,Drought NDVI,Typical,74
SOM,4,2012,3,Drought rainfall,Typical,74
SOM,4,2012,3,Exchange rates,Typical,74
SOM,4,2012,3,Food prices,Typical,68
SOM,4,2012,3,Food prices,Heightened,5
SOM,4,2012,3,Food prices,Critical,1
SOM,4,2012,3,Fuel prices,Typical,67
SOM,4,2012,3,Fuel prices,Heightened,7
SOM,4,2012,3,Heavy rainfall,Typical,74
SOM,4,2012,4,Conflict,Typical,46
SOM,4,2012,4,Conflict,Heightened,22
SOM,4,2012,4,Conflict,Critical,6
SOM,4,2012,4,Drought NDVI,Typical,65
SOM,4,2012,4,Drought NDVI,Heightened,7
SOM,4,2012,4,Drought NDVI,Critical,2
SOM,4,2012,4,Drought rainfall,Typical,73
SOM,4,2012,4,Drought rainfall,Heightened,1
SOM,4,2012,4,Exchange rates,Typical,74
SOM,4,2012,4,Food prices,Typical,65
SOM,4,2012,4,Food prices,Heightened,8
SOM,4,2012,4,Food prices,Critical,1
SOM,4,2012,4,Fuel prices,Typical,59
SOM,4,2012,4,Fuel prices,Heightened,13
SOM,4,2012,4,Fuel prices,Critical,2
SOM,4,2012,4,Heavy rainfall,Typical,74
SOM,4,2012,5,Conflict,Typical,54
SOM,4,2012,5,Conflict,Heightened,17
SOM,4,2012,5,Conflict,Critical,3
SOM,4,2012,5,Drought NDVI,Typical,71
SOM,4,2012,5,Drought NDVI,Heightened,3
SOM,4,2012,5,Drought rainfall,Typical,67
SOM,4,2012,5,Drought rainfall,Heightened,4
SOM,4,2012,5,Drought rainfall,Critical,3
SOM,4,2012,5,Exchange rates,Typical,74
SOM,4,2012,5,Food prices,Typical,73
SOM,4,2012,5,Food prices,Critical,1
SOM,4,2012,5,Fuel prices,Typical,66
SOM,4,2012,5,Fuel prices,Heightened,6
SOM,4,2012,5,Fuel prices,Critical,2
SOM,4,2012,5,Heavy rainfall,Typical,73
SOM,4,2012,5,Heavy rainfall,Heightened,1
SOM,4,2012,6,Conflict,Typical,42
SOM,4,2012,6,Conflict,Heightened,25
SOM,4,2012,6,Conflict,Critical,7
SOM,4,2012,6,Drought NDVI,Typical,67
SOM,4,2012,6,Drought NDVI,Heightened,2
SOM,4,2012,6,Drought NDVI,Critical,5
SOM,4,2012,6,Drought rainfall,Typical,68
SOM,4,2012,6,Drought rainfall,Heightened,5
SOM,4,2012,6,Drought rainfall,Critical,1
SOM,4,2012,6,Exchange rates,Typical,74
SOM,4,2012,6,Food prices,Typical,73
SOM,4,2012,6,Food prices,Heightened,1
SOM,4,2012,6,Fuel prices,Typical,73
SOM,4,2012,6,Fuel prices,Heightened,1
SOM,4,2012,6,Heavy rainfall,Typical,74
SOM,4,2012,7,Conflict,Typical,47
SOM,4,2012,7,Conflict,Heightened,18
SOM,4,2012,7,Conflict,Critical,9
SOM,4,2012,7,Drought NDVI,Typical,68
SOM,4,2012,7,Drought NDVI,Heightened,3
SOM,4,2012,7,Drought NDVI,Critical,3
SOM,4,2012,7,Drought rainfall,Typical,66
SOM,4,2012,7,Drought rainfall,Heightened,5
SOM,4,2012,7,Drought rainfall,Critical,3
SOM,4,2012,7,Exchange rates,Typical,74
SOM,4,2012,7,Food prices,Typical,73
SOM,4,2012,7,Food prices,Heightened,1
SOM,4,2012,7,Fuel prices,Typical,73
SOM,4,2012,7,Fuel prices,Critical,1
SOM,4,2012,7,Heavy rainfall,Typical,74
SOM,4,2012,8,Conflict,Typical,49
SOM,4,2012,8,Conflict,Heightened,12
SOM,4,2012,8,Conflict,Critical,13
SOM,4,2012,8,Drought NDVI,Typical,68
SOM,4,2012,8,Drought NDVI,Heightened,5
SOM,4,2012,8,Drought NDVI,Critical,1
SOM,4,2012,8,Drought rainfall,Typical,68
SOM,4,2012,8,Drought rainfall,Heightened,5
SOM,4,2012,8,Drought rainfall,Critical,1
SOM,4,2012,8,Exchange rates,Typical,74
SOM,4,2012,8,Food prices,Typical,74
SOM,4,2012,8,Fuel prices,Typical,74
SOM,4,2012,8,Heavy rainfall,Typical,71
SOM,4,2012,8,Heavy rainfall,Heightened,3
SOM,4,2012,9,Conflict,Typical,50
SOM,4,2012,9,Conflict,Heightened,14
SOM,4,2012,9,Conflict,Critical,10
SOM,4,2012,9,Drought NDVI,Typical,73
SOM,4,2012,9,Drought NDVI,Critical,1
SOM,4,2012,9,Drought rainfall,Typical,73
SOM,4,2012,9,Drought rainfall,Heightened,1
SOM,4,2012,9,Exchange rates,Typical,74
SOM,4,2012,9,Food prices,Typical,74
SOM,4,2012,9,Fuel prices,Typical,74
SOM,4,2012,9,Heavy rainfall,Typical,74
SOM,4,2012,10,Conflict,Typical,48
SOM,4,2012,10,Conflict,Heightened,22
SOM,4,2012,10,Conflict,Critical,4
SOM,4,2012,10,Drought NDVI,Typical,70
SOM,4,2012,10,Drought NDVI,Heightened,1
SOM,4,2012,10,Drought NDVI,Critical,3
SOM,4,2012,10,Drought rainfall,Typical,72
SOM,4,2012,10,Drought rainfall,Heightened,2
SOM,4,2012,10,Exchange rates,Typical,74
SOM,4,2012,10,Food prices,Typical,74
SOM,4,2012,10,Fuel prices,Typical,74
SOM,4,2012,10,Heavy rainfall,Typical,67
SOM,4,2012,10,Heavy rainfall,Heightened,7
SOM,4,2012,11,Conflict,Typical,43
SOM,4,2012,11,Conflict,Heightened,24
SOM,4,2012,11,Conflict,Critical,7
SOM,4,2012,11,Drought NDVI,Typical,71
SOM,4,2012,11,Drought NDVI,Heightened,2
SOM,4,2012,11,Drought NDVI,Critical,1
SOM,4,2012,11,Drought rainfall,Typical,72
SOM,4,2012,11,Drought rainfall,Critical,2
SOM,4,2012,11,Exchange rates,Typical,74
SOM,4,2012,11,Food prices,Typical,74
SOM,4,2012,11,Fuel prices,Typical,74
SOM,4,2012,11,Heavy rainfall,Typical,74
SOM,4,2012,12,Conflict,Typical,42
SOM,4,2012,12,Conflict,Heightened,26
SOM,4,2012,12,Conflict,Critical,6
SOM,4,2012,12,Drought NDVI,Typical,73
SOM,4,2012,12,Drought NDVI,Heightened,1
SOM,4,2012,12,Drought rainfall,Typical,72
SOM,4,2012,12,Drought rainfall,Critical,2
SOM,4,2012,12,Exchange rates,Typical,74
SOM,4,2012,12,Food prices,Typical,74
SOM,4,2012,12,Fuel prices,Typical,74
SOM,4,2012,12,Heavy rainfall,Typical,73
SOM,4,2012,12,Heavy rainfall,Heightened,1
SOM,4,2013,1,Conflict,Typical,48
SOM,4,2013,1,Conflict,Heightened,23
SOM,4,2013,1,Conflict,Critical,3
SOM,4,2013,1,Drought NDVI,Typical,74
SOM,4,2013,1,Drought rainfall,Typical,73
SOM,4,2013,1,Drought rainfall,Critical,1
SOM,4,2013,1,Exchange rates,Typical,74
SOM,4,2013,1,Food prices,Typical,74
SOM,4,2013,1,Fuel prices,Typical,74
SOM,4,2013,1,Heavy rainfall,Typical,74
SOM,4,2013,2,Conflict,Typical,50
SOM,4,2013,2,Conflict,Heightened,22
SOM,4,2013,2,Conflict,Critical,2
SOM,4,2013,2,Drought NDVI,Typical,74
SOM,4,2013,2,Drought rainfall,Typical,74
SOM,4,2013,2,Exchange rates,Typical,74
SOM,4,2013,2,Food prices,Typical,74
SOM,4,2013,2,Fuel prices,Typical,74
SOM,4,2013,2,Heavy rainfall,Typical,74
SOM,4,2013,3,Conflict,Typical,59
SOM,4,2013,3,Conflict,Heightened,14
SOM,4,2013,3,Conflict,Critical,1
SOM,4,2013,3,Drought NDVI,Typical,74
SOM,4,2013,3,Drought rainfall,Typical,74
SOM,4,2013,3,Exchange rates,Typical,74
SOM,4,2013,3,Food prices,Typical,74
SOM,4,2013,3,Fuel prices,Typical,74
SOM,4,2013,3,Heavy rainfall,Typical,44
SOM,4,2013,3,Heavy rainfall,Heightened,30
SOM,4,2013,4,Conflict,Typical,60
SOM,4,2013,4,Conflict,Heightened,14
SOM,4,2013,4,Drought NDVI,Typical,74
SOM,4,2013,4,Drought rainfall,Typical,74
SOM,4,2013,4,Exchange rates,Typical,74
SOM,4,2013,4,Food prices,Typical,74
SOM,4,2013,4,Fuel prices,Typical,74
SOM,4,2013,4,Heavy rainfall,Typical,73
SOM,4,2013,4,Heavy rainfall,Heightened,1
SOM,4,2013,5,Conflict,Typical,53
SOM,4,2013,5,Conflict,Heightened,21
SOM,4,2013,5,Drought NDVI,Typical,74
SOM,4,2013,5,Drought rainfall,Typical,70
SOM,4,2013,5,Drought rainfall,Heightened,3
SOM,4,2013,5,Drought rainfall,Critical,1
SOM,4,2013,5,Exchange rates,Typical,74
SOM,4,2013,5,Food prices,Typical,74
SOM,4,2013,5,Fuel prices,Typical,74
SOM,4,2013,5,Heavy rainfall,Typical,74
SOM,4,2013,6,Conflict,Typical,48
SOM,4,2013,6,Conflict,Heightened,24
SOM,4,2013,6,Conflict,Critical,2
SOM,4,2013,6,Drought NDVI,Typical,69
SOM,4,2013,6,Drought NDVI,Heightened,5
SOM,4,2013,6,Drought rainfall,Typical,70
SOM,4,2013,6,Drought rainfall,Heightened,4
SOM,4,2013,6,Exchange rates,Typical,74
SOM,4,2013,6,Food prices,Typical,74
SOM,4,2013,6,Fuel prices,Typical,74
SOM,4,2013,6,Heavy rainfall,Typical,74
SOM,4,2013,7,Conflict,Typical,52
SOM,4,2013,7,Conflict,Heightened,22
SOM,4,2013,7,Drought NDVI,Typical,73
SOM,4,2013,7,Drought NDVI,Heightened,1
SOM,4,2013,7,Drought rainfall,Typical,70
SOM,4,2013,7,Drought rainfall,Heightened,4
SOM,4,2013,7,Exchange rates,Typical,74
SOM,4,2013,7,Food prices,Typical,74
SOM,4,2013,7,Fuel prices,Typical,74
SOM,4,2013,7,Heavy rainfall,Typical,72
SOM,4,2013,7,Heavy rainfall,Heightened,2
SOM,4,2013,8,Conflict,Typical,43
SOM,4,2013,8,Conflict,Heightened,31
SOM,4,2013,8,Drought NDVI,Typical,74
SOM,4,2013,8,Drought rainfall,Typical,70
SOM,4,2013,8,Drought rainfall,Heightened,2
SOM,4,2013,8,Drought rainfall,Critical,2
SOM,4,2013,8,Exchange rates,Typical,74
SOM,4,2013,8,Food prices,Typical,74
SOM,4,2013,8,Fuel prices,Typical,74
SOM,4,2013,8,Heavy rainfall,Typical,74
SOM,4,2013,9,Conflict,Typical,54
SOM,4,2013,9,Conflict,Heightened,20
SOM,4,2013,9,Drought NDVI,Typical,73
SOM,4,2013,9,Drought NDVI,Heightened,1
SOM,4,2013,9,Drought rainfall,Typical,63
SOM,4,2013,9,Drought rainfall,Heightened,8
SOM,4,2013,9,Drought rainfall,Critical,3
SOM,4,2013,9,Exchange rates,Typical,74
SOM,4,2013,9,Food prices,Typical,74
SOM,4,2013,9,Fuel prices,Typical,74
SOM,4,2013,9,Heavy rainfall,Typical,74
SOM,4,2013,10,Conflict,Typical,47
SOM,4,2013,10,Conflict,Heightened,27
SOM,4,2013,10,Drought NDVI,Typical,73
SOM,4,2013,10,Drought NDVI,Heightened,1
SOM,4,2013,10,Drought rainfall,Typical,74
SOM,4,2013,10,Exchange rates,Typical,74
SOM,4,2013,10,Food prices,Typical,74
SOM,4,2013,10,Fuel prices,Typical,74
SOM,4,2013,10,Heavy rainfall,Typical,56
SOM,4,2013,10,Heavy rainfall,Heightened,18
SOM,4,2013,11,Conflict,Typical,45
SOM,4,2013,11,Conflict,Heightened,27
SOM,4,2013,11,Conflict,Critical,2
SOM,4,2013,11,Drought NDVI,Typical,74
SOM,4,2013,11,Drought rainfall,Typical,74
SOM,4,2013,11,Exchange rates,Typical,74
SOM,4,2013,11,Food prices,Typical,74
SOM,4,2013,11,Fuel prices,Typical,74
SOM,4,2013,11,Heavy rainfall,Typical,74
SOM,4,2013,12,Conflict,Typical,54
SOM,4,2013,12,Conflict,Heightened,20
SOM,4,2013,12,Drought NDVI,Typical,74
SOM,4,2013,12,Drought rainfall,Typical,74
SOM,4,2013,12,Exchange rates,Typical,74
SOM,4,2013,12,Food prices,Typical,74
SOM,4,2013,12,Fuel prices,Typical,74
SOM,4,2013,12,Heavy rainfall,Typical,74
SOM,4,2014,1,Conflict,Typical,54
SOM,4,2014,1,Conflict,Heightened,20
SOM,4,2014,1,Drought NDVI,Typical,74
SOM,4,2014,1,Drought rainfall,Typical,74
SOM,4,2014,1,Exchange rates,Typical,74
SOM,4,2014,1,Food prices,Typical,73
SOM,4,2014,1,Food prices,Heightened,1
SOM,4,2014,1,Fuel prices,Typical,73
SOM,4,2014,1,Fuel prices,Heightened,1
SOM,4,2014,1,Heavy rainfall,Typical,74
SOM,4,2014,2,Conflict,Typical,54
SOM,4,2014,2,Conflict,Heightened,20
SOM,4,2014,2,Drought NDVI,Typical,74
SOM,4,2014,2,Drought rainfall,Typical,74
SOM,4,2014,2,Exchange rates,Typical,74
SOM,4,2014,2,Food prices,Typical,73
SOM,4,2014,2,Food prices,Heightened,1
SOM,4,2014,2,Fuel prices,Typical,74
SOM,4,2014,2,Heavy rainfall,Typical,74
SOM,4,2014,3,Conflict,Typical,47
SOM,4,2014,3,Conflict,Heightened,22
SOM,4,2014,3,Conflict,Critical,5
SOM,4,2014,3,Drought NDVI,Typical,74
SOM,4,2014,3,Drought rainfall,Typical,74
SOM,4,2014,3,Exchange rates,Typical,74
SOM,4,2014,3,Food prices,Typical,73
SOM,4,2014,3,Food prices,Heightened,1
SOM,4,2014,3,Fuel prices,Typical,74
SOM,4,2014,3,Heavy rainfall,Typical,74
SOM,4,2014,4,Conflict,Typical,48
SOM,4,2014,4,Conflict,Heightened,25
SOM,4,2014,4,Conflict,Critical,1
SOM,4,2014,4,Drought NDVI,Typical,67
SOM,4,2014,4,Drought NDVI,Heightened,3
SOM,4,2014,4,Drought NDVI,Critical,4
SOM,4,2014,4,Drought rainfall,Typical,60
SOM,4,2014,4,Drought rainfall,Heightened,9
SOM,4,2014,4,Drought rainfall,Critical,5
SOM,4,2014,4,Exchange rates,Typical,74
SOM,4,2014,4,Food prices,Typical,72
SOM,4,2014,4,Food prices,Heightened,2
SOM,4,2014,4,Fuel prices,Typical,73
SOM,4,2014,4,Fuel prices,Heightened,1
SOM,4,2014,4,Heavy rainfall,Typical,74
SOM,4,2014,5,Conflict,Typical,48
SOM,4,2014,5,Conflict,Heightened,25
SOM,4,2014,5,Conflict,Critical,1
SOM,4,2014,5,Drought NDVI,Typical,64
SOM,4,2014,5,Drought NDVI,Heightened,7
SOM,4,2014,5,Drought NDVI,Critical,3
SOM,4,2014,5,Drought rainfall,Typical,58
SOM,4,2014,5,Drought rainfall,Heightened,8
SOM,4,2014,5,Drought rainfall,Critical,8
SOM,4,2014,5,Exchange rates,Typical,74
SOM,4,2014,5,Food prices,Typical,39
SOM,4,2014,5,Food prices,Heightened,29
SOM,4,2014,5,Food prices,Critical,6
SOM,4,2014,5,Fuel prices,Typical,62
SOM,4,2014,5,Fuel prices,Heightened,11
SOM,4,2014,5,Fuel prices,Critical,1
SOM,4,2014,5,Heavy rainfall,Typical,73
SOM,4,2014,5,Heavy rainfall,Heightened,1
SOM,4,2014,6,Conflict,Typical,43
SOM,4,2014,6,Conflict,Heightened,24
SOM,4,2014,6,Conflict,Critical,7
SOM,4,2014,6,Drought NDVI,Typical,72
SOM,4,2014,6,Drought NDVI,Heightened,2
SOM,4,2014,6,Drought rainfall,Typical,65
SOM,4,2014,6,Drought rainfall,Heightened,6
SOM,4,2014,6,Drought rainfall,Critical,3
SOM,4,2014,6,Exchange rates,Typical,74
SOM,4,2014,6,Food prices,Typical,21
SOM,4,2014,6,Food prices,Heightened,39
SOM,4,2014,6,Food prices,Critical,14
SOM,4,2014,6,Fuel prices,Typical,38
SOM,4,2014,6,Fuel prices,Heightened,34
SOM,4,2014,6,Fuel prices,Critical,2
SOM,4,2014,6,Heavy rainfall,Typical,73
SOM,4,2014,6,Heavy rainfall,Heightened,1
SOM,4,2014,7,Conflict,Typical,38
SOM,4,2014,7,Conflict,Heightened,35
SOM,4,2014,7,Conflict,Critical,1
SOM,4,2014,7,Drought NDVI,Typical,74
SOM,4,2014,7,Drought rainfall,Typical,66
SOM,4,2014,7,Drought rainfall,Heightened,3
SOM,4,2014,7,Drought rainfall,Critical,5
SOM,4,2014,7,Exchange rates,Typical,74
SOM,4,2014,7,Food prices,Typical,14
SOM,4,2014,7,Food prices,Heightened,27
SOM,4,2014,7,Food prices,Critical,33
SOM,4,2014,7,Fuel prices,Typical,21
SOM,4,2014,7,Fuel prices,Heightened,47
SOM,4,2014,7,Fuel prices,Critical,6
SOM,4,2014,7,Heavy rainfall,Typical,74
SOM,4,2014,8,Conflict,Typical,40
SOM,4,2014,8,Conflict,Heightened,27
SOM,4,2014,8,Conflict,Critical,7
SOM,4,2014,8,Drought NDVI,Typical,74
SOM,4,2014,8,Drought rainfall,Typical,62
SOM,4,2014,8,Drought rainfall,Heightened,7
SOM,4,2014,8,Drought rainfall,Critical,5
SOM,4,2014,8,Exchange rates,Typical,74
SOM,4,2014,8,Food prices,Typical,14
SOM,4,2014,8,Food prices,Heightened,29
SOM,4,2014,8,Food prices,Critical,31
SOM,4,2014,8,Fuel prices,Typical,22
SOM,4,2014,8,Fuel prices,Heightened,46
SOM,4,2014,8,Fuel prices,Critical,6
SOM,4,2014,8,Heavy rainfall,Typical,72
SOM,4,2014,8,Heavy rainfall,Heightened,2
SOM,4,2014,9,Conflict,Typical,49
SOM,4,2014,9,Conflict,Heightened,25
SOM,4,2014,9,Drought NDVI,Typical,73
SOM,4,2014,9,Drought NDVI,Heightened,1
SOM,4,2014,9,Drought rainfall,Typical,74
SOM,4,2014,9,Exchange rates,Typical,74
SOM,4,2014,9,Food prices,Typical,22
SOM,4,2014,9,Food prices,Heightened,35
SOM,4,2014,9,Food prices,Critical,17
SOM,4,2014,9,Fuel prices,Typical,31
SOM,4,2014,9,Fuel prices,Heightened,42
SOM,4,2014,9,Fuel prices,Critical,1
SOM,4,2014,9,Heavy rainfall,Typical,74
SOM,4,2014,10,Conflict,Typical,49
SOM,4,2014,10,Conflict,Heightened,25
SOM,4,2014,10,Drought NDVI,Typical,74
SOM,4,2014,10,Drought rainfall,Typical,74
SOM,4,2014,10,Exchange rates,Typical,74
SOM,4,2014,10,Food prices,Typical,18
SOM,4,2014,10,Food prices,Heightened,39
SOM,4,2014,10,Food prices,Critical,17
SOM,4,2014,10,Fuel prices,Typical,37
SOM,4,2014,10,Fuel prices,Heightened,35
SOM,4,2014,10,Fuel prices,Critical,2
SOM,4,2014,10,Heavy rainfall,Typical,65
SOM,4,2014,10,Heavy rainfall,Heightened,9
SOM,4,2014,11,Conflict,Typical,48
SOM,4,2014,11,Conflict,Heightened,24
SOM,4,2014,11,Conflict,Critical,2
SOM,4,2014,11,Drought NDVI,Typical,74
SOM,4,2014,11,Drought rainfall,Typical,74
SOM,4,2014,11,Exchange rates,Typical,74
SOM,4,2014,11,Food prices,Typical,29
SOM,4,2014,11,Food prices,Heightened,41
SOM,4,2014,11,Food prices,Critical,4
SOM,4,2014,11,Fuel prices,Typical,52
SOM,4,2014,11,Fuel prices,Heightened,21
SOM,4,2014,11,Fuel prices,Critical,1
SOM,4,2014,11,Heavy rainfall,Typical,74
SOM,4,2014,12,Conflict,Typical,43
SOM,4,2014,12,Conflict,Heightened,30
SOM,4,2014,12,Conflict,Critical,1
SOM,4,2014,12,Drought NDVI,Typical,73
SOM,4,2014,12,Drought NDVI,Heightened,1
SOM,4,2014,12,Drought rainfall,Typical,74
SOM,4,2014,12,Exchange rates,Typical,74
SOM,4,2014,12,Food prices,Typical,61
SOM,4,2014,12,Food prices,Heightened,12
SOM,4,2014,12,Food prices,Critical,1
SOM,4,2014,12,Fuel prices,Typical,72
SOM,4,2014,12,Fuel prices,Heightened,2
SOM,4,2014,12,Heavy rainfall,Typical,74
SOM,4,2015,1,Conflict,Typical,44
SOM,4,2015,1,Conflict,Heightened,27
SOM,4,2015,1,Conflict,Critical,3
SOM,4,2015,1,Drought NDVI,Typical,72
SOM,4,2015,1,Drought NDVI,Heightened,2
SOM,4,2015,1,Drought rainfall,Typical,74
SOM,4,2015,1,Exchange rates,Typical,74
SOM,4,2015,1,Food prices,Typical,68
SOM,4,2015,1,Food prices,Heightened,4
SOM,4,2015,1,Food prices,Critical,2
SOM,4,2015,1,Fuel prices,Typical,74
SOM,4,2015,1,Heavy rainfall,Typical,74
SOM,4,2015,2,Conflict,Typical,45
SOM,4,2015,2,Conflict,Heightened,24
SOM,4,2015,2,Conflict,Critical,5
SOM,4,2015,2,Drought NDVI,Typical,73
SOM,4,2015,2,Drought NDVI,Heightened,1
SOM,4,2015,2,Drought rainfall,Typical,74
SOM,4,2015,2,Exchange rates,Typical,74
SOM,4,2015,2,Food prices,Typical,67
SOM,4,2015,2,Food prices,Heightened,6
SOM,4,2015,2,Food prices,Critical,1
SOM,4,2015,2,Fuel prices,Typical,74
SOM,4,2015,2,Heavy rainfall,Typical,74
SOM,4,2015,3,Conflict,Typical,61
SOM,4,2015,3,Conflict,Heightened,13
SOM,4,2015,3,Drought NDVI,Typical,74
SOM,4,2015,3,Drought rainfall,Typical,74
SOM,4,2015,3,Exchange rates,Typical,74
SOM,4,2015,3,Food prices,Typical,72
SOM,4,2015,3,Food prices,Heightened,2
SOM,4,2015,3,Fuel prices,Typical,74
SOM,4,2015,3,Heavy rainfall,Typical,70
SOM,4,2015,3,Heavy rainfall,Heightened,4
SOM,4,2015,4,Conflict,Typical,65
SOM,4,2015,4,Conflict,Heightened,9
SOM,4,2015,4,Drought NDVI,Typical,74
SOM,4,2015,4,Drought rainfall,Typical,71
SOM,4,2015,4,Drought rainfall,Critical,3
SOM,4,2015,4,Exchange rates,Heightened,74
SOM,4,2015,4,Food prices,Typical,74
SOM,4,2015,4,Fuel prices,Typical,74
SOM,4,2015,4,Heavy rainfall,Typical,74
SOM,4,2015,5,Conflict,Typical,60
SOM,4,2015,5,Conflict,Heightened,14
SOM,4,2015,5,Drought NDVI,Typical,73
SOM,4,2015,5,Drought NDVI,Heightened,1
SOM,4,2015,5,Drought rainfall,Typical,74
SOM,4,2015,5,Exchange rates,Heightened,74
SOM,4,2015,5,Food prices,Typical,74
SOM,4,2015,5,Fuel prices,Typical,74
SOM,4,2015,5,Heavy rainfall,Typical,74
SOM,4,2015,6,Conflict,Typical,60
SOM,4,2015,6,Conflict,Heightened,14
SOM,4,2015,6,Drought NDVI,Typical,74
SOM,4,2015,6,Drought rainfall,Typical,74
SOM,4,2015,6,Exchange rates,Typical,74
SOM,4,2015,6,Food prices,Typical,74
SOM,4,2015,6,Fuel prices,Typical,74
SOM,4,2015,6,Heavy rainfall,Typical,74
SOM,4,2015,7,Conflict,Typical,46
SOM,4,2015,7,Conflict,Heightened,28
SOM,4,2015,7,Drought NDVI,Typical,74
SOM,4,2015,7,Drought rainfall,Typical,73
SOM,4,2015,7,Drought rainfall,Heightened,1
SOM,4,2015,7,Exchange rates,Typical,74
SOM,4,2015,7,Food prices,Typical,74
SOM,4,2015,7,Fuel prices,Typical,72
SOM,4,2015,7,Fuel prices,Heightened,2
SOM,4,2015,7,Heavy rainfall,Typical,73
SOM,4,2015,7,Heavy rainfall,Heightened,1
SOM,4,2015,8,Conflict,Typical,42
SOM,4,2015,8,Conflict,Heightened,29
SOM,4,2015,8,Conflict,Critical,3
SOM,4,2015,8,Drought NDVI,Typical,71
SOM,4,2015,8,Drought NDVI,Critical,3
SOM,4,2015,8,Drought rainfall,Typical,70
SOM,4,2015,8,Drought rainfall,Heightened,3
SOM,4,2015,8,Drought rainfall,Critical,1
SOM,4,2015,8,Exchange rates,Typical,74
SOM,4,2015,8,Food prices,Typical,74
SOM,4,2015,8,Fuel prices,Typical,73
SOM,4,2015,8,Fuel prices,Critical,1
SOM,4,2015,8,Heavy rainfall,Typical,74
SOM,4,2015,9,Conflict,Typical,34
SOM,4,2015,9,Conflict,Heightened,36
SOM,4,2015,9,Conflict,Critical,4
SOM,4,2015,9,Drought NDVI,Typical,72
SOM,4,2015,9,Drought NDVI,Critical,2
SOM,4,2015,9,Drought rainfall,Typical,72
SOM,4,2015,9,Drought rainfall,Heightened,2
SOM,4,2015,9,Exchange rates,Typical,74
SOM,4,2015,9,Food prices,Typical,74
SOM,4,2015,9,Fuel prices,Typical,68
SOM,4,2015,9,Fuel prices,Heightened,1
SOM,4,2015,9,Fuel prices,Critical,5
SOM,4,2015,9,Heavy rainfall,Typical,74
SOM,4,2015,10,Conflict,Typical,51
SOM,4,2015,10,Conflict,Heightened,23
SOM,4,2015,10,Drought NDVI,Typical,71
SOM,4,2015,10,Drought NDVI,Heightened,1
SOM,4,2015,10,Drought NDVI,Critical,2
SOM,4,2015,10,Drought rainfall,Typical,71
SOM,4,2015,10,Drought rainfall,Heightened,2
SOM,4,2015,10,Drought rainfall,Critical,1
SOM,4,2015,10,Exchange rates,Typical,74
SOM,4,2015,10,Food prices,Typical,74
SOM,4,2015,10,Fuel prices,Typical,74
SOM,4,2015,10,Heavy rainfall,Typical,73
SOM,4,2015,10,Heavy rainfall,Heightened,1
SOM,4,2015,11,Conflict,Typical,46
SOM,4,2015,11,Conflict,Heightened,25
SOM,4,2015,11,Conflict,Critical,3
SOM,4,2015,11,Drought NDVI,Typical,73
SOM,4,2015,11,Drought NDVI,Critical,1
SOM,4,2015,11,Drought rainfall,Typical,71
SOM,4,2015,11,Drought rainfall,Heightened,2
SOM,4,2015,11,Drought rainfall,Critical,1
SOM,4,2015,11,Exchange rates,Typical,74
SOM,4,2015,11,Food prices,Typical,74
SOM,4,2015,11,Fuel prices,Typical,69
SOM,4,2015,11,Fuel prices,Heightened,4
SOM,4,2015,11,Fuel prices,Critical,1
SOM,4,2015,11,Heavy rainfall,Typical,73
SOM,4,2015,11,Heavy rainfall,Heightened,1
SOM,4,2015,12,Conflict,Typical,50
SOM,4,2015,12,Conflict,Heightened,21
SOM,4,2015,12,Conflict,Critical,3
SOM,4,2015,12,Drought NDVI,Typical,74
SOM,4,2015,12,Drought rainfall,Typical,73
SOM,4,2015,12,Drought rainfall,Heightened,1
SOM,4,2015,12,Exchange rates,Typical,74
SOM,4,2015,12,Food prices,Typical,74
SOM,4,2015,12,Fuel prices,Typical,68
SOM,4,2015,12,Fuel prices,Critical,6
SOM,4,2015,12,Heavy rainfall,Typical,74
SOM,4,2016,1,Conflict,Typical,61
SOM,4,2016,1,Conflict,Heightened,13
SOM,4,2016,1,Drought NDVI,Typical,74
SOM,4,2016,1,Drought rainfall,Typical,74
SOM,4,2016,1,Exchange rates,Typical,74
SOM,4,2016,1,Food prices,Typical,74
SOM,4,2016,1,Fuel prices,Typical,74
SOM,4,2016,1,Heavy rainfall,Typical,74
SOM,4,2016,2,Conflict,Typical,50
SOM,4,2016,2,Conflict,Heightened,24
SOM,4,2016,2,Drought NDVI,Typical,74
SOM,4,2016,2,Drought rainfall,Typical,74
SOM,4,2016,2,Exchange rates,Critical,74
SOM,4,2016,2,Food prices,Typical,74
SOM,4,2016,2,Fuel prices,Typical,74
SOM,4,2016,2,Heavy rainfall,Typical,74
SOM,4,2016,3,Conflict,Typical,43
SOM,4,2016,3,Conflict,Heightened,21
SOM,4,2016,3,Conflict,Critical,10
SOM,4,2016,3,Drought NDVI,Typical,73
SOM,4,2016,3,Drought NDVI,Heightened,1
SOM,4,2016,3,Drought rainfall,Typical,74
SOM,4,2016,3,Exchange rates,Heightened,74
SOM,4,2016,3,Food prices,Typical,74
SOM,4,2016,3,Fuel prices,Typical,72
SOM,4,2016,3,Fuel prices,Heightened,2
SOM,4,2016,3,Heavy rainfall,Typical,74
SOM,4,2016,4,Conflict,Typical,40
SOM,4,2016,4,Conflict,Heightened,34
SOM,4,2016,4,Drought NDVI,Typical,70
SOM,4,2016,4,Drought NDVI,Heightened,4
SOM,4,2016,4,Drought rainfall,Typical,69
SOM,4,2016,4,Drought rainfall,Heightened,5
SOM,4,2016,4,Exchange rates,Typical,74
SOM,4,2016,4,Food prices,Typical,74
SOM,4,2016,4,Fuel prices,Typical,73
SOM,4,2016,4,Fuel prices,Critical,1
SOM,4,2016,4,Heavy rainfall,Typical,74
SOM,4,2016,5,Conflict,Typical,37
SOM,4,2016,5,Conflict,Heightened,37
SOM,4,2016,5,Drought NDVI,Typical,74
SOM,4,2016,5,Drought rainfall,Typical,64
SOM,4,2016,5,Drought rainfall,Heightened,4
SOM,4,2016,5,Drought rainfall,Critical,6
SOM,4,2016,5,Exchange rates,Heightened,74
SOM,4,2016,5,Food prices,Typical,74
SOM,4,2016,5,Fuel prices,Typical,73
SOM,4,2016,5,Fuel prices,Heightened,1
SOM,4,2016,5,Heavy rainfall,Typical,70
SOM,4,2016,5,Heavy rainfall,Heightened,4
SOM,4,2016,6,Conflict,Typical,33
SOM,4,2016,6,Conflict,Heightened,41
SOM,4,2016,6,Drought NDVI,Typical,71
SOM,4,2016,6,Drought NDVI,Heightened,2
SOM,4,2016,6,Drought NDVI,Critical,1
SOM,4,2016,6,Drought rainfall,Typical,64
SOM,4,2016,6,Drought rainfall,Heightened,7
SOM,4,2016,6,Drought rainfall,Critical,3
SOM,4,2016,6,Exchange rates,Heightened,74
SOM,4,2016,6,Food prices,Typical,72
SOM,4,2016,6,Food prices,Heightened,2
SOM,4,2016,6,Fuel prices,Typical,73
SOM,4,2016,6,Fuel prices,Critical,1
SOM,4,2016,6,Heavy rainfall,Typical,74
SOM,4,2016,7,Conflict,Typical,40
SOM,4,2016,7,Conflict,Heightened,34
SOM,4,2016,7,Drought NDVI,Typical,69
SOM,4,2016,7,Drought NDVI,Heightened,2
SOM,4,2016,7,Drought NDVI,Critical,3
SOM,4,2016,7,Drought rainfall,Typical,58
SOM,4,2016,7,Drought rainfall,Heightened,8
SOM,4,2016,7,Drought rainfall,Critical,8
SOM,4,2016,7,Exchange rates,Heightened,74
SOM,4,2016,7,Food prices,Typical,64
SOM,4,2016,7,Food prices,Heightened,8
SOM,4,2016,7,Food prices,Critical,2
SOM,4,2016,7,Fuel prices,Typical,55
SOM,4,2016,7,Fuel prices,Heightened,17
SOM,4,2016,7,Fuel prices,Critical,2
SOM,4,2016,7,Heavy rainfall,Typical,74
SOM,4,2016,8,Conflict,Typical,52
SOM,4,2016,8,Conflict,Heightened,22
SOM,4,2016,8,Drought NDVI,Typical,69
SOM,4,2016,8,Drought NDVI,Heightened,1
SOM,4,2016,8,Drought NDVI,Critical,4
SOM,4,2016,8,Drought rainfall,Typical,62
SOM,4,2016,8,Drought rainfall,Heightened,5
SOM,4,2016,8,Drought rainfall,Critical,7
SOM,4,2016,8,Exchange rates,Heightened,74
SOM,4,2016,8,Food prices,Typical,68
SOM,4,2016,8,Food prices,Heightened,1
SOM,4,2016,8,Food prices,Critical,5
SOM,4,2016,8,Fuel prices,Typical,61
SOM,4,2016,8,Fuel prices,Heightened,13
SOM,4,2016,8,Heavy rainfall,Typical,74
SOM,4,2016,9,Conflict,Typical,62
SOM,4,2016,9,Conflict,Heightened,12
SOM,4,2016,9,Drought NDVI,Typical,62
SOM,4,2016,9,Drought NDVI,Heightened,6
SOM,4,2016,9,Drought NDVI,Critical,6
SOM,4,2016,9,Drought rainfall,Typical,60
SOM,4,2016,9,Drought rainfall,Heightened,7
SOM,4,2016,9,Drought rainfall,Critical,7
SOM,4,2016,9,Exchange rates,Heightened,74
SOM,4,2016,9,Food prices,Typical,65
SOM,4,2016,9,Food prices,Heightened,7
SOM,4,2016,9,Food prices,Critical,2
SOM,4,2016,9,Fuel prices,Typical,71
SOM,4,2016,9,Fuel prices,Heightened,3
SOM,4,2016,9,Heavy rainfall,Typical,74
SOM,4,2016,10,Conflict,Typical,46
SOM,4,2016,10,Conflict,Heightened,27
SOM,4,2016,10,Conflict,Critical,1
SOM,4,2016,10,Drought NDVI,Typical,24
SOM,4,2016,10,Drought NDVI,Heightened,17
SOM,4,2016,10,Drought NDVI,Critical,33
SOM,4,2016,10,Drought rainfall,Typical,38
SOM,4,2016,10,Drought rainfall,Heightened,17
SOM,4,2016,10,Drought rainfall,Critical,19
SOM,4,2016,10,Exchange rates,Heightened,74
SOM,4,2016,10,Food prices,Typical,52
SOM,4,2016,10,Food prices,Heightened,21
SOM,4,2016,10,Food prices,Critical,1
SOM,4,2016,10,Fuel prices,Typical,68
SOM,4,2016,10,Fuel prices,Heightened,5
SOM,4,2016,10,Fuel prices,Critical,1
SOM,4,2016,10,Heavy rainfall,Typical,74
SOM,4,2016,11,Conflict,Typical,48
SOM,4,2016,11,Conflict,Heightened,24
SOM,4,2016,11,Conflict,Critical,2
SOM,4,2016,11,Drought NDVI,Typical,16
SOM,4,2016,11,Drought NDVI,Heightened,13
SOM,4,2016,11,Drought NDVI,Critical,45
SOM,4,2016,11,Drought rainfall,Typical,26
SOM,4,2016,11,Drought rainfall,Heightened,21
SOM,4,2016,11,Drought rainfall,Critical,27
SOM,4,2016,11,Exchange rates,Heightened,74
SOM,4,2016,11,Food prices,Typical,55
SOM,4,2016,11,Food prices,Heightened,18
SOM,4,2016,11,Food prices,Critical,1
SOM,4,2016,11,Fuel prices,Typical,70
SOM,4,2016,11,Fuel prices,Heightened,4
SOM,4,2016,11,Heavy rainfall,Typical,74
SOM,4,2016,12,Conflict,Typical,50
SOM,4,2016,12,Conflict,Heightened,23
SOM,4,2016,12,Conflict,Critical,1
SOM,4,2016,12,Drought NDVI,Typical,51
SOM,4,2016,12,Drought NDVI,Heightened,14
SOM,4,2016,12,Drought NDVI,Critical,9
SOM,4,2016,12,Drought rainfall,Typical,39
SOM,4,2016,12,Drought rainfall,Heightened,18
SOM,4,2016,12,Drought rainfall,Critical,17
SOM,4,2016,12,Exchange rates,Heightened,74
SOM,4,2016,12,Food prices,Typical,46
SOM,4,2016,12,Food prices,Heightened,21
SOM,4,2016,12,Food prices,Critical,7
SOM,4,2016,12,Fuel prices,Typical,70
SOM,4,2016,12,Fuel prices,Heightened,4
SOM,4,2016,12,Heavy rainfall,Typical,69
SOM,4,2016,12,Heavy rainfall,Heightened,3
SOM,4,2016,12,Heavy rainfall,Critical,2
SOM,4,2017,1,Conflict,Typical,48
SOM,4,2017,1,Conflict,Heightened,25
SOM,4,2017,1,Conflict,Critical,1
SOM,4,2017,1,Drought NDVI,Typical,73
SOM,4,2017,1,Drought NDVI,Heightened,1
SOM,4,2017,1,Drought rainfall,Typical,55
SOM,4,2017,1,Drought rainfall,Heightened,10
SOM,4,2017,1,Drought rainfall,Critical,9
SOM,4,2017,1,Exchange rates,Heightened,74
SOM,4,2017,1,Food prices,Typical,25
SOM,4,2017,1,Food prices,Heightened,36
SOM,4,2017,1,Food prices,Critical,13
SOM,4,2017,1,Fuel prices,Typical,69
SOM,4,2017,1,Fuel prices,Heightened,3
SOM,4,2017,1,Fuel prices,Critical,2
SOM,4,2017,1,Heavy rainfall,Typical,74
SOM,4,2017,2,Conflict,Typical,63
SOM,4,2017,2,Conflict,Heightened,11
SOM,4,2017,2,Drought NDVI,Typical,73
SOM,4,2017,2,Drought NDVI,Heightened,1
SOM,4,2017,2,Drought rainfall,Typical,47
SOM,4,2017,2,Drought rainfall,Heightened,20
SOM,4,2017,2,Drought rainfall,Critical,7
SOM,4,2017,2,Exchange rates,Typical,74
SOM,4,2017,2,Food prices,Typical,9
SOM,4,2017,2,Food prices,Heightened,45
SOM,4,2017,2,Food prices,Critical,20
SOM,4,2017,2,Fuel prices,Typical,63
SOM,4,2017,2,Fuel prices,Heightened,10
SOM,4,2017,2,Fuel prices,Critical,1
SOM,4,2017,2,Heavy rainfall,Typical,74
SOM,4,2017,3,Conflict,Typical,59
SOM,4,2017,3,Conflict,Heightened,15
SOM,4,2017,3,Drought NDVI,Typical,68
SOM,4,2017,3,Drought NDVI,Heightened,6
SOM,4,2017,3,Drought rainfall,Typical,74
SOM,4,2017,3,Exchange rates,Typical,74
SOM,4,2017,3,Food prices,Typical,18
SOM,4,2017,3,Food prices,Heightened,40
SOM,4,2017,3,Food prices,Critical,16
SOM,4,2017,3,Fuel prices,Typical,69
SOM,4,2017,3,Fuel prices,Heightened,4
SOM,4,2017,3,Fuel prices,Critical,1
SOM,4,2017,3,Heavy rainfall,Typical,74
SOM,4,2017,4,Conflict,Typical,46
SOM,4,2017,4,Conflict,Heightened,27
SOM,4,2017,4,Conflict,Critical,1
SOM,4,2017,4,Drought NDVI,Typical,29
SOM,4,2017,4,Drought NDVI,Heightened,24
SOM,4,2017,4,Drought NDVI,Critical,21
SOM,4,2017,4,Drought rainfall,Typical,47
SOM,4,2017,4,Drought rainfall,Heightened,18
SOM,4,2017,4,Drought rainfall,Critical,9
SOM,4,2017,4,Exchange rates,Typical,74
SOM,4,2017,4,Food prices,Typical,8
SOM,4,2017,4,Food prices,Heightened,41
SOM,4,2017,4,Food prices,Critical,25
SOM,4,2017,4,Fuel prices,Typical,67
SOM,4,2017,4,Fuel prices,Heightened,7
SOM,4,2017,4,Heavy rainfall,Typical,74
SOM,4,2017,5,Conflict,Typical,55
SOM,4,2017,5,Conflict,Heightened,19
SOM,4,2017,5,Drought NDVI,Typical,41
SOM,4,2017,5,Drought NDVI,Heightened,16
SOM,4,2017,5,Drought NDVI,Critical,17
SOM,4,2017,5,Drought rainfall,Typical,46
SOM,4,2017,5,Drought rainfall,Heightened,7
SOM,4,2017,5,Drought rainfall,Critical,21
SOM,4,2017,5,Exchange rates,Typical,74
SOM,4,2017,5,Food prices,Typical,8
SOM,4,2017,5,Food prices,Heightened,32
SOM,4,2017,5,Food prices,Critical,34
SOM,4,2017,5,Fuel prices,Typical,58
SOM,4,2017,5,Fuel prices,Heightened,14
SOM,4,2017,5,Fuel prices,Critical,2
SOM,4,2017,5,Heavy rainfall,Typical,71
SOM,4,2017,5,Heavy rainfall,Heightened,3
SOM,4,2017,6,Conflict,Typical,57
SOM,4,2017,6,Conflict,Heightened,14
SOM,4,2017,6,Conflict,Critical,3
SOM,4,2017,6,Drought NDVI,Typical,53
SOM,4,2017,6,Drought NDVI,Heightened,8
SOM,4,2017,6,Drought NDVI,Critical,13
SOM,4,2017,6,Drought rainfall,Typical,42
SOM,4,2017,6,Drought rainfall,Heightened,9
SOM,4,2017,6,Drought rainfall,Critical,23
SOM,4,2017,6,Exchange rates,Heightened,74
SOM,4,2017,6,Food prices,Typical,9
SOM,4,2017,6,Food prices,Heightened,26
SOM,4,2017,6,Food prices,Critical,39
SOM,4,2017,6,Fuel prices,Typical,20
SOM,4,2017,6,Fuel prices,Heightened,40
SOM,4,2017,6,Fuel prices,Critical,14
SOM,4,2017,6,Heavy rainfall,Typical,74
SOM,4,2017,7,Conflict,Typical,51
SOM,4,2017,7,Conflict,Heightened,23
SOM,4,2017,7,Drought NDVI,Typical,52
SOM,4,2017,7,Drought NDVI,Heightened,10
SOM,4,2017,7,Drought NDVI,Critical,12
SOM,4,2017,7,Drought rainfall,Typical,41
SOM,4,2017,7,Drought rainfall,Heightened,7
SOM,4,2017,7,Drought rainfall,Critical,26
SOM,4,2017,7,Exchange rates,Typical,74
SOM,4,2017,7,Food prices,Typical,7
SOM,4,2017,7,Food prices,Heightened,11
SOM,4,2017,7,Food prices,Critical,56
SOM,4,2017,7,Fuel prices,Typical,11
SOM,4,2017,7,Fuel prices,Heightened,28
SOM,4,2017,7,Fuel prices,Critical,35
SOM,4,2017,7,Heavy rainfall,Typical,74
SOM,4,2017,8,Conflict,Typical,54
SOM,4,2017,8,Conflict,Heightened,20
SOM,4,2017,8,Drought NDVI,Typical,49
SOM,4,2017,8,Drought NDVI,Heightened,17
SOM,4,2017,8,Drought NDVI,Critical,8
SOM,4,2017,8,Drought rainfall,Typical,40
SOM,4,2017,8,Drought rainfall,Heightened,7
SOM,4,2017,8,Drought rainfall,Critical,27
SOM,4,2017,8,Exchange rates,Heightened,74
SOM,4,2017,8,Food prices,Typical,8
SOM,4,2017,8,Food prices,Heightened,9
SOM,4,2017,8,Food prices,Critical,57
SOM,4,2017,8,Fuel prices,Typical,6
SOM,4,2017,8,Fuel prices,Heightened,21
SOM,4,2017,8,Fuel prices,Critical,47
SOM,4,2017,8,Heavy rainfall,Typical,74
SOM,4,2017,9,Conflict,Typical,48
SOM,4,2017,9,Conflict,Heightened,26
SOM,4,2017,9,Drought NDVI,Typical,58
SOM,4,2017,9,Drought NDVI,Heightened,10
SOM,4,2017,9,Drought NDVI,Critical,6
SOM,4,2017,9,Drought rainfall,Typical,72
SOM,4,2017,9,Drought rainfall,Heightened,2
SOM,4,2017,9,Exchange rates,Typical,74
SOM,4,2017,9,Food prices,Typical,7
SOM,4,2017,9,Food prices,Heightened,19
SOM,4,2017,9,Food prices,Critical,48
SOM,4,2017,9,Fuel prices,Typical,6
SOM,4,2017,9,Fuel prices,Heightened,21
SOM,4,2017,9,Fuel prices,Critical,47
SOM,4,2017,9,Heavy rainfall,Typical,74
SOM,4,2017,10,Conflict,Typical,53
SOM,4,2017,10,Conflict,Heightened,18
SOM,4,2017,10,Conflict,Critical,3
SOM,4,2017,10,Drought NDVI,Typical,59
SOM,4,2017,10,Drought NDVI,Heightened,9
SOM,4,2017,10,Drought NDVI,Critical,6
SOM,4,2017,10,Drought rainfall,Typical,66
SOM,4,2017,10,Drought rainfall,Heightened,7
SOM,4,2017,10,Drought rainfall,Critical,1
SOM,4,2017,10,Exchange rates,Typical,74
SOM,4,2017,10,Food prices,Typical,10
SOM,4,2017,10,Food prices,Heightened,26
SOM,4,2017,10,Food prices,Critical,38
SOM,4,2017,10,Fuel prices,Typical,6
SOM,4,2017,10,Fuel prices,Heightened,21
SOM,4,2017,10,Fuel prices,Critical,47
SOM,4,2017,10,Heavy rainfall,Typical,74
SOM,4,2017,11,Conflict,Typical,39
SOM,4,2017,11,Conflict,Heightened,29
SOM,4,2017,11,Conflict,Critical,6
SOM,4,2017,11,Drought NDVI,Typical,65
SOM,4,2017,11,Drought NDVI,Heightened,8
SOM,4,2017,11,Drought NDVI,Critical,1
SOM,4,2017,11,Drought rainfall,Typical,71
SOM,4,2017,11,Drought rainfall,Heightened,3
SOM,4,2017,11,Exchange rates,Typical,74
SOM,4,2017,11,Food prices,Typical,39
SOM,4,2017,11,Food prices,Heightened,25
SOM,4,2017,11,Food prices,Critical,10
SOM,4,2017,11,Fuel prices,Typical,16
SOM,4,2017,11,Fuel prices,Heightened,41
SOM,4,2017,11,Fuel prices,Critical,17
SOM,4,2017,11,Heavy rainfall,Typical,71
SOM,4,2017,11,Heavy rainfall,Heightened,3
SOM,4,2017,12,Conflict,Typical,45
SOM,4,2017,12,Conflict,Heightened,29
SOM,4,2017,12,Drought NDVI,Typical,65
SOM,4,2017,12,Drought NDVI,Heightened,7
SOM,4,2017,12,Drought NDVI,Critical,2
SOM,4,2017,12,Drought rainfall,Typical,72
SOM,4,2017,12,Drought rainfall,Heightened,1
SOM,4,2017,12,Drought rainfall,Critical,1
SOM,4,2017,12,Exchange rates,Typical,74
SOM,4,2017,12,Food prices,Typical,59
SOM,4,2017,12,Food prices,Heightened,9
SOM,4,2017,12,Food prices,Critical,6
SOM,4,2017,12,Fuel prices,Typical,62
SOM,4,2017,12,Fuel prices,Heightened,5
SOM,4,2017,12,Fuel prices,Critical,7
SOM,4,2017,12,Heavy rainfall,Typical,74
SOM,4,2018,1,Conflict,Typical,48
SOM,4,2018,1,Conflict,Heightened,23
SOM,4,2018,1,Conflict,Critical,3
SOM,4,2018,1,Drought NDVI,Typical,66
SOM,4,2018,1,Drought NDVI,Heightened,4
SOM,4,2018,1,Drought NDVI,Critical,4
SOM,4,2018,1,Drought rainfall,Typical,73
SOM,4,2018,1,Drought rainfall,Critical,1
SOM,4,2018,1,Exchange rates,Typical,74
SOM,4,2018,1,Food prices,Typical,58
SOM,4,2018,1,Food prices,Heightened,14
SOM,4,2018,1,Food prices,Critical,2
SOM,4,2018,1,Fuel prices,Typical,55
SOM,4,2018,1,Fuel prices,Heightened,9
SOM,4,2018,1,Fuel prices,Critical,10
SOM,4,2018,1,Heavy rainfall,Typical,74
SOM,4,2018,2,Conflict,Typical,63
SOM,4,2018,2,Conflict,Heightened,11
SOM,4,2018,2,Drought NDVI,Typical,70
SOM,4,2018,2,Drought NDVI,Heightened,3
SOM,4,2018,2,Drought NDVI,Critical,1
SOM,4,2018,2,Drought rainfall,Typical,65
SOM,4,2018,2,Drought rainfall,Heightened,7
SOM,4,2018,2,Drought rainfall,Critical,2
SOM,4,2018,2,Exchange rates,Typical,74
SOM,4,2018,2,Food prices,Typical,57
SOM,4,2018,2,Food prices,Heightened,10
SOM,4,2018,2,Food prices,Critical,7
SOM,4,2018,2,Fuel prices,Typical,50
SOM,4,2018,2,Fuel prices,Heightened,8
SOM,4,2018,2,Fuel prices,Critical,16
SOM,4,2018,2,Heavy rainfall,Typical,74
SOM,4,2018,3,Conflict,Typical,51
SOM,4,2018,3,Conflict,Heightened,23
SOM,4,2018,3,Drought NDVI,Typical,72
SOM,4,2018,3,Drought NDVI,Heightened,2
SOM,4,2018,3,Drought rainfall,Typical,73
SOM,4,2018,3,Drought rainfall,Critical,1
SOM,4,2018,3,Exchange rates,Typical,74
SOM,4,2018,3,Food prices,Typical,55
SOM,4,2018,3,Food prices,Heightened,8
SOM,4,2018,3,Food prices,Critical,11
SOM,4,2018,3,Fuel prices,Typical,52
SOM,4,2018,3,Fuel prices,Heightened,10
SOM,4,2018,3,Fuel prices,Critical,12
SOM,4,2018,3,Heavy rainfall,Typical,73
SOM,4,2018,3,Heavy rainfall,Heightened,1
SOM,4,2018,4,Conflict,Typical,51
SOM,4,2018,4,Conflict,Heightened,23
SOM,4,2018,4,Drought NDVI,Typical,74
SOM,4,2018,4,Drought rainfall,Typical,73
SOM,4,2018,4,Drought rainfall,Heightened,1
SOM,4,2018,4,Exchange rates,Typical,74
SOM,4,2018,4,Food prices,Typical,59
SOM,4,2018,4,Food prices,Heightened,5
SOM,4,2018,4,Food prices,Critical,10
SOM,4,2018,4,Fuel prices,Typical,52
SOM,4,2018,4,Fuel prices,Heightened,6
SOM,4,2018,4,Fuel prices,Critical,16
SOM,4,2018,4,Heavy rainfall,Typical,72
SOM,4,2018,4,Heavy rainfall,Heightened,2
SOM,4,2018,5,Conflict,Typical,48
SOM,4,2018,5,Conflict,Heightened,24
SOM,4,2018,5,Conflict,Critical,2
SOM,4,2018,5,Drought NDVI,Typical,73
SOM,4,2018,5,Drought NDVI,Critical,1
SOM,4,2018,5,Drought rainfall,Typical,74
SOM,4,2018,5,Exchange rates,Typical,74
SOM,4,2018,5,Food prices,Typical,62
SOM,4,2018,5,Food prices,Heightened,1
SOM,4,2018,5,Food prices,Critical,11
SOM,4,2018,5,Fuel prices,Typical,55
SOM,4,2018,5,Fuel prices,Heightened,7
SOM,4,2018,5,Fuel prices,Critical,12
SOM,4,2018,5,Heavy rainfall,Typical,69
SOM,4,2018,5,Heavy rainfall,Heightened,5
SOM,4,2018,6,Conflict,Typical,44
SOM,4,2018,6,Conflict,Heightened,30
SOM,4,2018,6,Drought NDVI,Typical,69
SOM,4,2018,6,Drought NDVI,Heightened,4
SOM,4,2018,6,Drought NDVI,Critical,1
SOM,4,2018,6,Drought rainfall,Typical,74
SOM,4,2018,6,Exchange rates,Typical,74
SOM,4,2018,6,Food prices,Typical,62
SOM,4,2018,6,Food prices,Heightened,7
SOM,4,2018,6,Food prices,Critical,5
SOM,4,2018,6,Fuel prices,Typical,54
SOM,4,2018,6,Fuel prices,Heightened,2
SOM,4,2018,6,Fuel prices,Critical,18
SOM,4,2018,6,Heavy rainfall,Typical,74
SOM,4,2018,7,Conflict,Typical,55
SOM,4,2018,7,Conflict,Heightened,19
SOM,4,2018,7,Drought NDVI,Typical,69
SOM,4,2018,7,Drought NDVI,Heightened,2
SOM,4,2018,7,Drought NDVI,Critical,3
SOM,4,2018,7,Drought rainfall,Typical,74
SOM,4,2018,7,Exchange rates,Typical,74
SOM,4,2018,7,Food prices,Typical,72
SOM,4,2018,7,Food prices,Heightened,1
SOM,4,2018,7,Food prices,Critical,1
SOM,4,2018,7,Fuel prices,Typical,59
SOM,4,2018,7,Fuel prices,Heightened,3
SOM,4,2018,7,Fuel prices,Critical,12
SOM,4,2018,7,Heavy rainfall,Typical,74
SOM,4,2018,8,Conflict,Typical,65
SOM,4,2018,8,Conflict,Heightened,9
SOM,4,2018,8,Drought NDVI,Typical,68
SOM,4,2018,8,Drought NDVI,Heightened,2
SOM,4,2018,8,Drought NDVI,Critical,4
SOM,4,2018,8,Drought rainfall,Typical,74
SOM,4,2018,8,Exchange rates,Typical,74
SOM,4,2018,8,Food prices,Typical,72
SOM,4,2018,8,Food prices,Heightened,2
SOM,4,2018,8,Fuel prices,Typical,59
SOM,4,2018,8,Fuel prices,Heightened,1
SOM,4,2018,8,Fuel prices,Critical,14
SOM,4,2018,8,Heavy rainfall,Typical,74
SOM,4,2018,9,Conflict,Typical,45
SOM,4,2018,9,Conflict,Heightened,29
SOM,4,2018,9,Drought NDVI,Typical,70
SOM,4,2018,9,Drought NDVI,Heightened,3
SOM,4,2018,9,Drought NDVI,Critical,1
SOM,4,2018,9,Drought rainfall,Typical,74
SOM,4,2018,9,Exchange rates,Typical,74
SOM,4,2018,9,Food prices,Typical,70
SOM,4,2018,9,Food prices,Heightened,3
SOM,4,2018,9,Food prices,Critical,1
SOM,4,2018,9,Fuel prices,Typical,59
SOM,4,2018,9,Fuel prices,Heightened,4
SOM,4,2018,9,Fuel prices,Critical,11
SOM,4,2018,9,Heavy rainfall,Typical,74
SOM,4,2018,10,Conflict,Typical,47
SOM,4,2018,10,Conflict,Heightened,27
SOM,4,2018,10,Drought NDVI,Typical,70
SOM,4,2018,10,Drought NDVI,Heightened,3
SOM,4,2018,10,Drought NDVI,Critical,1
SOM,4,2018,10,Drought rainfall,Typical,68
SOM,4,2018,10,Drought rainfall,Heightened,6
SOM,4,2018,10,Exchange rates,Typical,74
SOM,4,2018,10,Food prices,Typical,71
SOM,4,2018,10,Food prices,Heightened,3
SOM,4,2018,10,Fuel prices,Typical,65
SOM,4,2018,10,Fuel prices,Heightened,4
SOM,4,2018,10,Fuel prices,Critical,5
SOM,4,2018,10,Heavy rainfall,Typical,73
SOM,4,2018,10,Heavy rainfall,Heightened,1
SOM,4,2018,11,Conflict,Typical,60
SOM,4,2018,11,Conflict,Heightened,14
SOM,4,2018,11,Drought NDVI,Typical,69
SOM,4,2018,11,Drought NDVI,Heightened,3
SOM,4,2018,11,Drought NDVI,Critical,2
SOM,4,2018,11,Drought rainfall,Typical,59
SOM,4,2018,11,Drought rainfall,Heightened,15
SOM,4,2018,11,Exchange rates,Typical,74
SOM,4,2018,11,Food prices,Typical,72
SOM,4,2018,11,Food prices,Heightened,1
SOM,4,2018,11,Food prices,Critical,1
SOM,4,2018,11,Fuel prices,Typical,67
SOM,4,2018,11,Fuel prices,Heightened,2
SOM,4,2018,11,Fuel prices,Critical,5
SOM,4,2018,11,Heavy rainfall,Typical,74
SOM,4,2018,12,Conflict,Typical,49
SOM,4,2018,12,Conflict,Heightened,25
SOM,4,2018,12,Drought NDVI,Typical,72
SOM,4,2018,12,Drought NDVI,Heightened,1
SOM,4,2018,12,Drought NDVI,Critical,1
SOM,4,2018,12,Drought rainfall,Typical,72
SOM,4,2018,12,Drought rainfall,Heightened,2
SOM,4,2018,12,Exchange rates,Typical,74
SOM,4,2018,12,Food prices,Typical,72
SOM,4,2018,12,Food prices,Heightened,2
SOM,4,2018,12,Fuel prices,Typical,62
SOM,4,2018,12,Fuel prices,Heightened,8
SOM,4,2018,12,Fuel prices,Critical,4
SOM,4,2018,12,Heavy rainfall,Typical,69
SOM,4,2018,12,Heavy rainfall,Heightened,5
SOM,4,2019,1,Conflict,Typical,47
SOM,4,2019,1,Conflict,Heightened,27
SOM,4,2019,1,Drought NDVI,Typical,72
SOM,4,2019,1,Drought NDVI,Heightened,2
SOM,4,2019,1,Drought rainfall,Typical,74
SOM,4,2019,1,Exchange rates,Typical,74
SOM,4,2019,1,Food prices,Typical,69
SOM,4,2019,1,Food prices,Heightened,4
SOM,4,2019,1,Food prices,Critical,1
SOM,4,2019,1,Fuel prices,Typical,59
SOM,4,2019,1,Fuel prices,Heightened,4
SOM,4,2019,1,Fuel prices,Critical,11
SOM,4,2019,1,Heavy rainfall,Typical,74
SOM,4,2019,2,Conflict,Typical,51
SOM,4,2019,2,Conflict,Heightened,23
SOM,4,2019,2,Drought NDVI,Typical,73
SOM,4,2019,2,Drought NDVI,Heightened,1
SOM,4,2019,2,Drought rainfall,Typical,67
SOM,4,2019,2,Drought rainfall,Heightened,7
SOM,4,2019,2,Exchange rates,Typical,74
SOM,4,2019,2,Food prices,Typical,72
SOM,4,2019,2,Food prices,Heightened,2
SOM,4,2019,2,Fuel prices,Typical,59
SOM,4,2019,2,Fuel prices,Heightened,2
SOM,4,2019,2,Fuel prices,Critical,13
SOM,4,2019,2,Heavy rainfall,Typical,74
SOM,4,2019,3,Conflict,Typical,56
SOM,4,2019,3,Conflict,Heightened,18
SOM,4,2019,3,Drought NDVI,Typical,71
SOM,4,2019,3,Drought NDVI,Heightened,3
SOM,4,2019,3,Drought rainfall,Typical,74
SOM,4,2019,3,Exchange rates,Typical,74
SOM,4,2019,3,Food prices,Typical,69
SOM,4,2019,3,Food prices,Heightened,5
SOM,4,2019,3,Fuel prices,Typical,62
SOM,4,2019,3,Fuel prices,Heightened,2
SOM,4,2019,3,Fuel prices,Critical,10
SOM,4,2019,3,Heavy rainfall,Typical,74
SOM,4,2019,4,Conflict,Typical,72
SOM,4,2019,4,Conflict,Heightened,2
SOM,4,2019,4,Drought NDVI,Typical,41
SOM,4,2019,4,Drought NDVI,Heightened,13
SOM,4,2019,4,Drought NDVI,Critical,20
SOM,4,2019,4,Drought rainfall,Typical,36
SOM,4,2019,4,Drought rainfall,Heightened,18
SOM,4,2019,4,Drought rainfall,Critical,20
SOM,4,2019,4,Exchange rates,Typical,74
SOM,4,2019,4,Food prices,Typical,69
SOM,4,2019,4,Food prices,Heightened,5
SOM,4,2019,4,Fuel prices,Typical,59
SOM,4,2019,4,Fuel prices,Heightened,8
SOM,4,2019,4,Fuel prices,Critical,7
SOM,4,2019,4,Heavy rainfall,Typical,74
SOM,4,2019,5,Conflict,Typical,63
SOM,4,2019,5,Conflict,Heightened,9
SOM,4,2019,5,Conflict,Critical,2
SOM,4,2019,5,Drought NDVI,Typical,60
SOM,4,2019,5,Drought NDVI,Heightened,8
SOM,4,2019,5,Drought NDVI,Critical,6
SOM,4,2019,5,Drought rainfall,Typical,66
SOM,4,2019,5,Drought rainfall,Heightened,3
SOM,4,2019,5,Drought rainfall,Critical,5
SOM,4,2019,5,Exchange rates,Typical,74
SOM,4,2019,5,Food prices,Typical,70
SOM,4,2019,5,Food prices,Heightened,4
SOM,4,2019,5,Fuel prices,Typical,59
SOM,4,2019,5,Fuel prices,Heightened,7
SOM,4,2019,5,Fuel prices,Critical,8
SOM,4,2019,5,Heavy rainfall,Typical,68
SOM,4,2019,5,Heavy rainfall,Heightened,6
SOM,4,2019,6,Conflict,Typical,61
SOM,4,2019,6,Conflict,Heightened,13
SOM,4,2019,6,Drought NDVI,Typical,73
SOM,4,2019,6,Drought NDVI,Heightened,1
SOM,4,2019,6,Drought rainfall,Typical,62
SOM,4,2019,6,Drought rainfall,Heightened,5
SOM,4,2019,6,Drought rainfall,Critical,7
SOM,4,2019,6,Exchange rates,Typical,74
SOM,4,2019,6,Food prices,Typical,74
SOM,4,2019,6,Fuel prices,Typical,67
SOM,4,2019,6,Fuel prices,Heightened,1
SOM,4,2019,6,Fuel prices,Critical,6
SOM,4,2019,6,Heavy rainfall,Typical,60
SOM,4,2019,6,Heavy rainfall,Heightened,11
SOM,4,2019,6,Heavy rainfall,Critical,3
SOM,4,2019,7,Conflict,Typical,54
SOM,4,2019,7,Conflict,Heightened,20
SOM,4,2019,7,Drought NDVI,Typical,70
SOM,4,2019,7,Drought NDVI,Heightened,3
SOM,4,2019,7,Drought NDVI,Critical,1
SOM,4,2019,7,Drought rainfall,Typical,61
SOM,4,2019,7,Drought rainfall,Heightened,2
SOM,4,2019,7,Drought rainfall,Critical,11
SOM,4,2019,7,Exchange rates,Typical,74
SOM,4,2019,7,Food prices,Typical,73
SOM,4,2019,7,Food prices,Heightened,1
SOM,4,2019,7,Fuel prices,Typical,64
SOM,4,2019,7,Fuel prices,Critical,10
SOM,4,2019,7,Heavy rainfall,Typical,74
SOM,4,2019,8,Conflict,Typical,56
SOM,4,2019,8,Conflict,Heightened,18
SOM,4,2019,8,Drought NDVI,Typical,68
SOM,4,2019,8,Drought NDVI,Heightened,4
SOM,4,2019,8,Drought NDVI,Critical,2
SOM,4,2019,8,Drought rainfall,Typical,62
SOM,4,2019,8,Drought rainfall,Heightened,1
SOM,4,2019,8,Drought rainfall,Critical,11
SOM,4,2019,8,Exchange rates,Typical,74
SOM,4,2019,8,Food prices,Typical,72
SOM,4,2019,8,Food prices,Heightened,2
SOM,4,2019,8,Fuel prices,Typical,58
SOM,4,2019,8,Fuel prices,Heightened,5
SOM,4,2019,8,Fuel prices,Critical,11
SOM,4,2019,8,Heavy rainfall,Typical,74
SOM,4,2019,9,Conflict,Typical,63
SOM,4,2019,9,Conflict,Heightened,11
SOM,4,2019,9,Drought NDVI,Typical,73
SOM,4,2019,9,Drought NDVI,Critical,1
SOM,4,2019,9,Drought rainfall,Typical,69
SOM,4,2019,9,Drought rainfall,Heightened,1
SOM,4,2019,9,Drought rainfall,Critical,4
SOM,4,2019,9,Exchange rates,Typical,74
SOM,4,2019,9,Food prices,Typical,73
SOM,4,2019,9,Food prices,Heightened,1
SOM,4,2019,9,Fuel prices,Typical,56
SOM,4,2019,9,Fuel prices,Heightened,11
SOM,4,2019,9,Fuel prices,Critical,7
SOM,4,2019,9,Heavy rainfall,Typical,74
SOM,4,2019,10,Conflict,Typical,68
SOM,4,2019,10,Conflict,Heightened,6
SOM,4,2019,10,Drought NDVI,Typical,73
SOM,4,2019,10,Drought NDVI,Heightened,1
SOM,4,2019,10,Drought rainfall,Typical,72
SOM,4,2019,10,Drought rainfall,Critical,2
SOM,4,2019,10,Exchange rates,Heightened,74
SOM,4,2019,10,Food prices,Typical,73
SOM,4,2019,10,Food prices,Heightened,1
SOM,4,2019,10,Fuel prices,Typical,62
SOM,4,2019,10,Fuel prices,Heightened,5
SOM,4,2019,10,Fuel prices,Critical,7
SOM,4,2019,10,Heavy rainfall,Typical,52
SOM,4,2019,10,Heavy rainfall,Heightened,22
SOM,4,2019,11,Conflict,Typical,69
SOM,4,2019,11,Conflict,Heightened,5
SOM,4,2019,11,Drought NDVI,Typical,74
SOM,4,2019,11,Drought rainfall,Typical,73
SOM,4,2019,11,Drought rainfall,Heightened,1
SOM,4,2019,11,Exchange rates,Typical,74
SOM,4,2019,11,Food prices,Typical,72
SOM,4,2019,11,Food prices,Heightened,1
SOM,4,2019,11,Food prices,Critical,1
SOM,4,2019,11,Fuel prices,Typical,37
SOM,4,2019,11,Fuel prices,Heightened,30
SOM,4,2019,11,Fuel prices,Critical,7
SOM,4,2019,11,Heavy rainfall,Typical,56
SOM,4,2019,11,Heavy rainfall,Heightened,18
SOM,4,2019,12,Conflict,Typical,61
SOM,4,2019,12,Conflict,Heightened,13
SOM,4,2019,12,Drought NDVI,Typical,74
SOM,4,2019,12,Drought rainfall,Typical,74
SOM,4,2019,12,Exchange rates,Typical,74
SOM,4,2019,12,Food prices,Typical,68
SOM,4,2019,12,Food prices,Heightened,5
SOM,4,2019,12,Food prices,Critical,1
SOM,4,2019,12,Fuel prices,Typical,55
SOM,4,2019,12,Fuel prices,Heightened,13
SOM,4,2019,12,Fuel prices,Critical,6
SOM,4,2019,12,Heavy rainfall,Typical,64
SOM,4,2019,12,Heavy rainfall,Heightened,9
SOM,4,2019,12,Heavy rainfall,Critical,1
SOM,4,2020,1,Conflict,Typical,65
SOM,4,2020,1,Conflict,Heightened,9
SOM,4,2020,1,Drought NDVI,Typical,74
SOM,4,2020,1,Drought rainfall,Typical,74
SOM,4,2020,1,Exchange rates,Typical,74
SOM,4,2020,1,Food prices,Typical,70
SOM,4,2020,1,Food prices,Heightened,4
SOM,4,2020,1,Fuel prices,Typical,68
SOM,4,2020,1,Fuel prices,Heightened,3
SOM,4,2020,1,Fuel prices,Critical,3
SOM,4,2020,1,Heavy rainfall,Typical,74
SOM,4,2020,2,Conflict,Typical,67
SOM,4,2020,2,Conflict,Heightened,7
SOM,4,2020,2,Drought NDVI,Typical,74
SOM,4,2020,2,Drought rainfall,Typical,74
SOM,4,2020,2,Exchange rates,Typical,74
SOM,4,2020,2,Food prices,Typical,70
SOM,4,2020,2,Food prices,Heightened,4
SOM,4,2020,2,Fuel prices,Typical,70
SOM,4,2020,2,Fuel prices,Heightened,3
SOM,4,2020,2,Fuel prices,Critical,1
SOM,4,2020,2,Heavy rainfall,Typical,74
SOM,4,2020,3,Conflict,Typical,73
SOM,4,2020,3,Conflict,Heightened,1
SOM,4,2020,3,Drought NDVI,Typical,74
SOM,4,2020,3,Drought rainfall,Typical,74
SOM,4,2020,3,Exchange rates,Typical,74
SOM,4,2020,3,Food prices,Typical,64
SOM,4,2020,3,Food prices,Heightened,8
SOM,4,2020,3,Food prices,Critical,2
SOM,4,2020,3,Fuel prices,Typical,72
SOM,4,2020,3,Fuel prices,Critical,2
SOM,4,2020,3,Heavy rainfall,Typical,59
SOM,4,2020,3,Heavy rainfall,Heightened,15
SOM,4,2020,4,Conflict,Typical,61
SOM,4,2020,4,Conflict,Heightened,13
SOM,4,2020,4,Drought NDVI,Typical,74
SOM,4,2020,4,Drought rainfall,Typical,74
SOM,4,2020,4,Exchange rates,Heightened,74
SOM,4,2020,4,Food prices,Typical,26
SOM,4,2020,4,Food prices,Heightened,37
SOM,4,2020,4,Food prices,Critical,11
SOM,4,2020,4,Fuel prices,Typical,61
SOM,4,2020,4,Fuel prices,Heightened,11
SOM,4,2020,4,Fuel prices,Critical,2
SOM,4,2020,4,Heavy rainfall,Typical,60
SOM,4,2020,4,Heavy rainfall,Heightened,14
SOM,4,2020,5,Conflict,Typical,61
SOM,4,2020,5,Conflict,Heightened,13
SOM,4,2020,5,Drought NDVI,Typical,74
SOM,4,2020,5,Drought rainfall,Typical,74
SOM,4,2020,5,Exchange rates,Heightened,74
SOM,4,2020,5,Food prices,Typical,18
SOM,4,2020,5,Food prices,Heightened,26
SOM,4,2020,5,Food prices,Critical,30
SOM,4,2020,5,Fuel prices,Typical,27
SOM,4,2020,5,Fuel prices,Heightened,41
SOM,4,2020,5,Fuel prices,Critical,6
SOM,4,2020,5,Heavy rainfall,Typical,74
SOM,4,2020,6,Conflict,Typical,67
SOM,4,2020,6,Conflict,Heightened,7
SOM,4,2020,6,Drought NDVI,Typical,74
SOM,4,2020,6,Drought rainfall,Typical,72
SOM,4,2020,6,Drought rainfall,Heightened,1
SOM,4,2020,6,Drought rainfall,Critical,1
SOM,4,2020,6,Exchange rates,Heightened,74
SOM,4,2020,6,Food prices,Typical,15
SOM,4,2020,6,Food prices,Heightened,28
SOM,4,2020,6,Food prices,Critical,31
SOM,4,2020,6,Fuel prices,Typical,24
SOM,4,2020,6,Fuel prices,Heightened,25
SOM,4,2020,6,Fuel prices,Critical,25
SOM,4,2020,6,Heavy rainfall,Typical,73
SOM,4,2020,6,Heavy rainfall,Heightened,1
SOM,4,2020,7,Conflict,Typical,61
SOM,4,2020,7,Conflict,Heightened,11
SOM,4,2020,7,Conflict,Critical,2
SOM,4,2020,7,Drought NDVI,Typical,74
SOM,4,2020,7,Drought rainfall,Typical,74
SOM,4,2020,7,Exchange rates,Typical,74
SOM,4,2020,7,Food prices,Typical,22
SOM,4,2020,7,Food prices,Heightened,26
SOM,4,2020,7,Food prices,Critical,26
SOM,4,2020,7,Fuel prices,Typical,22
SOM,4,2020,7,Fuel prices,Heightened,34
SOM,4,2020,7,Fuel prices,Critical,18
SOM,4,2020,7,Heavy rainfall,Typical,60
SOM,4,2020,7,Heavy rainfall,Heightened,10
SOM,4,2020,7,Heavy rainfall,Critical,4
SOM,4,2020,8,Conflict,Typical,56
SOM,4,2020,8,Conflict,Heightened,18
SOM,4,2020,8,Drought NDVI,Typical,74
SOM,4,2020,8,Drought rainfall,Typical,74
SOM,4,2020,8,Exchange rates,Typical,74
SOM,4,2020,8,Food prices,Typical,18
SOM,4,2020,8,Food prices,Heightened,35
SOM,4,2020,8,Food prices,Critical,21
SOM,4,2020,8,Fuel prices,Typical,24
SOM,4,2020,8,Fuel prices,Heightened,17
SOM,4,2020,8,Fuel prices,Critical,33
SOM,4,2020,8,Heavy rainfall,Typical,73
SOM,4,2020,8,Heavy rainfall,Heightened,1
SOM,4,2020,9,Conflict,Typical,58
SOM,4,2020,9,Conflict,Heightened,16
SOM,4,2020,9,Drought NDVI,Typical,74
SOM,4,2020,9,Drought rainfall,Typical,71
SOM,4,2020,9,Drought rainfall,Heightened,2
SOM,4,2020,9,Drought rainfall,Critical,1
SOM,4,2020,9,Exchange rates,Typical,74
SOM,4,2020,9,Food prices,Typical,23
SOM,4,2020,9,Food prices,Heightened,36
SOM,4,2020,9,Food prices,Critical,15
SOM,4,2020,9,Fuel prices,Typical,23
SOM,4,2020,9,Fuel prices,Heightened,22
SOM,4,2020,9,Fuel prices,Critical,29
SOM,4,2020,9,Heavy rainfall,Typical,73
SOM,4,2020,9,Heavy rainfall,Heightened,1
SOM,4,2020,10,Conflict,Typical,68
SOM,4,2020,10,Conflict,Heightened,6
SOM,4,2020,10,Drought NDVI,Typical,74
SOM,4,2020,10,Drought rainfall,Typical,73
SOM,4,2020,10,Drought rainfall,Heightened,1
SOM,4,2020,10,Exchange rates,Heightened,74
SOM,4,2020,10,Food prices,Typical,23
SOM,4,2020,10,Food prices,Heightened,33
SOM,4,2020,10,Food prices,Critical,18
SOM,4,2020,10,Fuel prices,Typical,24
SOM,4,2020,10,Fuel prices,Heightened,8
SOM,4,2020,10,Fuel prices,Critical,42
SOM,4,2020,10,Heavy rainfall,Typical,74
SOM,4,2020,11,Conflict,Typical,69
SOM,4,2020,11,Conflict,Heightened,5
SOM,4,2020,11,Drought NDVI,Typical,74
SOM,4,2020,11,Drought rainfall,Typical,74
SOM,4,2020,11,Exchange rates,Typical,74
SOM,4,2020,11,Food prices,Typical,7
SOM,4,2020,11,Food prices,Heightened,25
SOM,4,2020,11,Food prices,Critical,42
SOM,4,2020,11,Fuel prices,Typical,21
SOM,4,2020,11,Fuel prices,Critical,53
SOM,4,2020,11,Heavy rainfall,Typical,73
SOM,4,2020,11,Heavy rainfall,Heightened,1
SOM,4,2020,12,Conflict,Typical,62
SOM,4,2020,12,Conflict,Heightened,12
SOM,4,2020,12,Drought NDVI,Typical,74
SOM,4,2020,12,Drought rainfall,Typical,72
SOM,4,2020,12,Drought rainfall,Critical,2
SOM,4,2020,12,Exchange rates,Heightened,74
SOM,4,2020,12,Food prices,Typical,7
SOM,4,2020,12,Food prices,Heightened,13
SOM,4,2020,12,Food prices,Critical,54
SOM,4,2020,12,Fuel prices,Typical,16
SOM,4,2020,12,Fuel prices,Heightened,4
SOM,4,2020,12,Fuel prices,Critical,54
SOM,4,2020,12,Heavy rainfall,Typical,74
SOM,4,2021,1,Conflict,Typical,57
SOM,4,2021,1,Conflict,Heightened,17
SOM,4,2021,1,Drought NDVI,Typical,74
SOM,4,2021,1,Drought rainfall,Typical,72
SOM,4,2021,1,Drought rainfall,Heightened,2
SOM,4,2021,1,Exchange rates,Heightened,74
SOM,4,2021,1,Food prices,Typical,8
SOM,4,2021,1,Food prices,Heightened,16
SOM,4,2021,1,Food prices,Critical,50
SOM,4,2021,1,Fuel prices,Typical,17
SOM,4,2021,1,Fuel prices,Critical,57
SOM,4,2021,1,Heavy rainfall,Typical,74
SOM,4,2021,2,Conflict,Typical,60
SOM,4,2021,2,Conflict,Heightened,14
SOM,4,2021,2,Drought NDVI,Typical,74
SOM,4,2021,2,Drought rainfall,Typical,64
SOM,4,2021,2,Drought rainfall,Heightened,7
SOM,4,2021,2,Drought rainfall,Critical,3
SOM,4,2021,2,Exchange rates,Critical,74
SOM,4,2021,2,Food prices,Typical,8
SOM,4,2021,2,Food prices,Heightened,18
SOM,4,2021,2,Food prices,Critical,48
SOM,4,2021,2,Fuel prices,Typical,17
SOM,4,2021,2,Fuel prices,Critical,57
SOM,4,2021,2,Heavy rainfall,Typical,74
SOM,4,2021,3,Conflict,Typical,63
SOM,4,2021,3,Conflict,Heightened,11
SOM,4,2021,3,Drought NDVI,Typical,74
SOM,4,2021,3,Drought rainfall,Typical,71
SOM,4,2021,3,Drought rainfall,Heightened,3
SOM,4,2021,3,Exchange rates,Heightened,74
SOM,4,2021,3,Food prices,Typical,5
SOM,4,2021,3,Food prices,Heightened,17
SOM,4,2021,3,Food prices,Critical,52
SOM,4,2021,3,Fuel prices,Typical,16
SOM,4,2021,3,Fuel prices,Heightened,1
SOM,4,2021,3,Fuel prices,Critical,57
SOM,4,2021,3,Heavy rainfall,Typical,74
SOM,4,2021,4,Conflict,Typical,66
SOM,4,2021,4,Conflict,Heightened,8
SOM,4,2021,4,Drought NDVI,Typical,74
SOM,4,2021,4,Drought rainfall,Typical,72
SOM,4,2021,4,Drought rainfall,Heightened,2
SOM,4,2021,4,Exchange rates,Critical,74
SOM,4,2021,4,Food prices,Typical,3
SOM,4,2021,4,Food prices,Heightened,14
SOM,4,2021,4,Food prices,Critical,57
SOM,4,2021,4,Fuel prices,Typical,14
SOM,4,2021,4,Fuel prices,Heightened,1
SOM,4,2021,4,Fuel prices,Critical,59
SOM,4,2021,4,Heavy rainfall,Typical,73
SOM,4,2021,4,Heavy rainfall,Heightened,1
SOM,4,2021,5,Conflict,Typical,62
SOM,4,2021,5,Conflict,Heightened,12
SOM,4,2021,5,Drought NDVI,Typical,73
SOM,4,2021,5,Drought NDVI,Heightened,1
SOM,4,2021,5,Drought rainfall,Typical,69
SOM,4,2021,5,Drought rainfall,Heightened,3
SOM,4,2021,5,Drought rainfall,Critical,2
SOM,4,2021,5,Exchange rates,Heightened,74
SOM,4,2021,5,Food prices,Typical,2
SOM,4,2021,5,Food prices,Heightened,9
SOM,4,2021,5,Food prices,Critical,63
SOM,4,2021,5,Fuel prices,Typical,11
SOM,4,2021,5,Fuel prices,Heightened,3
SOM,4,2021,5,Fuel prices,Critical,60
SOM,4,2021,5,Heavy rainfall,Typical,62
SOM,4,2021,5,Heavy rainfall,Heightened,12
SOM,4,2021,6,Conflict,Typical,55
SOM,4,2021,6,Conflict,Heightened,16
SOM,4,2021,6,Conflict,Critical,3
SOM,4,2021,6,Drought NDVI,Typical,68
SOM,4,2021,6,Drought NDVI,Heightened,1
SOM,4,2021,6,Drought NDVI,Critical,5
SOM,4,2021,6,Drought rainfall,Typical,67
SOM,4,2021,6,Drought rainfall,Heightened,5
SOM,4,2021,6,Drought rainfall,Critical,2
SOM,4,2021,6,Exchange rates,Heightened,74
SOM,4,2021,6,Food prices,Typical,1
SOM,4,2021,6,Food prices,Heightened,5
SOM,4,2021,6,Food prices,Critical,68
SOM,4,2021,6,Fuel prices,Typical,5
SOM,4,2021,6,Fuel prices,Heightened,5
SOM,4,2021,6,Fuel prices,Critical,64
SOM,4,2021,6,Heavy rainfall,Typical,74
SOM,4,2021,7,Conflict,Typical,53
SOM,4,2021,7,Conflict,Heightened,21
SOM,4,2021,7,Drought NDVI,Typical,68
SOM,4,2021,7,Drought NDVI,Heightened,5
SOM,4,2021,7,Drought NDVI,Critical,1
SOM,4,2021,7,Drought rainfall,Typical,65
SOM,4,2021,7,Drought rainfall,Heightened,6
SOM,4,2021,7,Drought rainfall,Critical,3
SOM,4,2021,7,Exchange rates,Heightened,74
SOM,4,2021,7,Food prices,Heightened,2
SOM,4,2021,7,Food prices,Critical,72
SOM,4,2021,7,Fuel prices,Typical,4
SOM,4,2021,7,Fuel prices,Heightened,2
SOM,4,2021,7,Fuel prices,Critical,68
SOM,4,2021,7,Heavy rainfall,Typical,74
SOM,4,2021,8,Conflict,Typical,61
SOM,4,2021,8,Conflict,Heightened,10
SOM,4,2021,8,Conflict,Critical,3
SOM,4,2021,8,Drought NDVI,Typical,74
SOM,4,2021,8,Drought rainfall,Typical,67
SOM,4,2021,8,Drought rainfall,Heightened,4
SOM,4,2021,8,Drought rainfall,Critical,3
SOM,4,2021,8,Exchange rates,Heightened,74
SOM,4,2021,8,Food prices,Heightened,1
SOM,4,2021,8,Food prices,Critical,73
SOM,4,2021,8,Fuel prices,Typical,5
SOM,4,2021,8,Fuel prices,Critical,69
SOM,4,2021,8,Heavy rainfall,Typical,71
SOM,4,2021,8,Heavy rainfall,Heightened,3
SOM,4,2021,9,Conflict,Typical,67
SOM,4,2021,9,Conflict,Heightened,7
SOM,4,2021,9,Drought NDVI,Typical,74
SOM,4,2021,9,Drought rainfall,Typical,71
SOM,4,2021,9,Drought rainfall,Heightened,1
SOM,4,2021,9,Drought rainfall,Critical,2
SOM,4,2021,9,Exchange rates,Heightened,74
SOM,4,2021,9,Food prices,Typical,2
SOM,4,2021,9,Food prices,Heightened,3
SOM,4,2021,9,Food prices,Critical,69
SOM,4,2021,9,Fuel prices,Typical,2
SOM,4,2021,9,Fuel prices,Critical,72
SOM,4,2021,9,Heavy rainfall,Typical,73
SOM,4,2021,9,Heavy rainfall,Heightened,1
SOM,4,2021,10,Conflict,Typical,71
SOM,4,2021,10,Conflict,Heightened,3
SOM,4,2021,10,Drought NDVI,Typical,55
SOM,4,2021,10,Drought NDVI,Heightened,8
SOM,4,2021,10,Drought NDVI,Critical,11
SOM,4,2021,10,Drought rainfall,Typical,58
SOM,4,2021,10,Drought rainfall,Heightened,8
SOM,4,2021,10,Drought rainfall,Critical,8
SOM,4,2021,10,Exchange rates,Heightened,74
SOM,4,2021,10,Food prices,Typical,4
SOM,4,2021,10,Food prices,Heightened,3
SOM,4,2021,10,Food prices,Critical,67
SOM,4,2021,10,Fuel prices,Typical,2
SOM,4,2021,10,Fuel prices,Critical,72
SOM,4,2021,10,Heavy rainfall,Typical,70
SOM,4,2021,10,Heavy rainfall,Heightened,4
SOM,4,2021,11,Conflict,Typical,74
SOM,4,2021,11,Drought NDVI,Typical,40
SOM,4,2021,11,Drought NDVI,Heightened,9
SOM,4,2021,11,Drought NDVI,Critical,25
SOM,4,2021,11,Drought rainfall,Typical,50
SOM,4,2021,11,Drought rainfall,Heightened,15
SOM,4,2021,11,Drought rainfall,Critical,9
SOM,4,2021,11,Exchange rates,Heightened,74
SOM,4,2021,11,Food prices,Heightened,5
SOM,4,2021,11,Food prices,Critical,69
SOM,4,2021,11,Fuel prices,Typical,2
SOM,4,2021,11,Fuel prices,Critical,72
SOM,4,2021,11,Heavy rainfall,Typical,73
SOM,4,2021,11,Heavy rainfall,Heightened,1
SOM,4,2021,12,Conflict,Typical,69
SOM,4,2021,12,Conflict,Heightened,5
SOM,4,2021,12,Drought NDVI,Typical,53
SOM,4,2021,12,Drought NDVI,Heightened,10
SOM,4,2021,12,Drought NDVI,Critical,11
SOM,4,2021,12,Drought rainfall,Typical,59
SOM,4,2021,12,Drought rainfall,Heightened,9
SOM,4,2021,12,Drought rainfall,Critical,6
SOM,4,2021,12,Exchange rates,Heightened,74
SOM,4,2021,12,Food prices,Heightened,4
SOM,4,2021,12,Food prices,Critical,70
SOM,4,2021,12,Fuel prices,Typical,2
SOM,4,2021,12,Fuel prices,Critical,72
SOM,4,2021,12,Heavy rainfall,Typical,74
SOM,4,2022,1,Conflict,Typical,57
SOM,4,2022,1,Conflict,Heightened,12
SOM,4,2022,1,Conflict,Critical,5
SOM,4,2022,1,Drought NDVI,Typical,70
SOM,4,2022,1,Drought NDVI,Heightened,3
SOM,4,2022,1,Drought NDVI,Critical,1
SOM,4,2022,1,Drought rainfall,Typical,65
SOM,4,2022,1,Drought rainfall,Heightened,8
SOM,4,2022,1,Drought rainfall,Critical,1
SOM,4,2022,1,Exchange rates,Heightened,74
SOM,4,2022,1,Food prices,Heightened,3
SOM,4,2022,1,Food prices,Critical,71
SOM,4,2022,1,Fuel prices,Typical,2
SOM,4,2022,1,Fuel prices,Critical,72
SOM,4,2022,1,Heavy rainfall,Typical,74
SOM,4,2022,2,Conflict,Typical,54
SOM,4,2022,2,Conflict,Heightened,20
SOM,4,2022,2,Drought NDVI,Typical,71
SOM,4,2022,2,Drought NDVI,Heightened,3
SOM,4,2022,2,Drought rainfall,Typical,54
SOM,4,2022,2,Drought rainfall,Heightened,12
SOM,4,2022,2,Drought rainfall,Critical,8
SOM,4,2022,2,Exchange rates,Critical,74
SOM,4,2022,2,Food prices,Heightened,3
SOM,4,2022,2,Food prices,Critical,71
SOM,4,2022,2,Fuel prices,Typical,1
SOM,4,2022,2,Fuel prices,Critical,73
SOM,4,2022,2,Heavy rainfall,Typical,74
SOM,4,2022,3,Conflict,Typical,59
SOM,4,2022,3,Conflict,Heightened,14
SOM,4,2022,3,Conflict,Critical,1
SOM,4,2022,3,Drought NDVI,Typical,66
SOM,4,2022,3,Drought NDVI,Heightened,6
SOM,4,2022,3,Drought NDVI,Critical,2
SOM,4,2022,3,Drought rainfall,Typical,74
SOM,4,2022,3,Exchange rates,Heightened,74
SOM,4,2022,3,Food prices,Critical,74
SOM,4,2022,3,Fuel prices,Critical,74
SOM,4,2022,3,Heavy rainfall,Typical,74
SOM,4,2022,4,Conflict,Typical,63
SOM,4,2022,4,Conflict,Heightened,11
SOM,4,2022,4,Drought NDVI,Typical,47
SOM,4,2022,4,Drought NDVI,Heightened,10
SOM,4,2022,4,Drought NDVI,Critical,17
SOM,4,2022,4,Drought rainfall,Typical,35
SOM,4,2022,4,Drought rainfall,Heightened,28
SOM,4,2022,4,Drought rainfall,Critical,11
SOM,4,2022,4,Exchange rates,Typical,74
SOM,4,2022,4,Food prices,Critical,74
SOM,4,2022,4,Fuel prices,Critical,74
SOM,4,2022,4,Heavy rainfall,Typical,74
SOM,4,2022,5,Conflict,Typical,65
SOM,4,2022,5,Conflict,Heightened,9
SOM,4,2022,5,Drought NDVI,Typical,35
SOM,4,2022,5,Drought NDVI,Heightened,8
SOM,4,2022,5,Drought NDVI,Critical,31
SOM,4,2022,5,Drought rainfall,Typical,12
SOM,4,2022,5,Drought rainfall,Heightened,12
SOM,4,2022,5,Drought rainfall,Critical,50
SOM,4,2022,5,Exchange rates,Typical,74
SOM,4,2022,5,Food prices,Heightened,1
SOM,4,2022,5,Food prices,Critical,73
SOM,4,2022,5,Fuel prices,Critical,74
SOM,4,2022,5,Heavy rainfall,Typical,74
SOM,4,2022,6,Conflict,Typical,59
SOM,4,2022,6,Conflict,Heightened,15
SOM,4,2022,6,Drought NDVI,Typical,41
SOM,4,2022,6,Drought NDVI,Heightened,10
SOM,4,2022,6,Drought NDVI,Critical,23
SOM,4,2022,6,Drought rainfall,Typical,17
SOM,4,2022,6,Drought rainfall,Heightened,10
SOM,4,2022,6,Drought rainfall,Critical,47
SOM,4,2022,6,Exchange rates,Typical,74
SOM,4,2022,6,Food prices,Critical,74
SOM,4,2022,6,Fuel prices,Critical,74
SOM,4,2022,6,Heavy rainfall,Typical,74
SOM,4,2022,7,Conflict,Typical,56
SOM,4,2022,7,Conflict,Heightened,15
SOM,4,2022,7,Conflict,Critical,3
SOM,4,2022,7,Drought NDVI,Typical,61
SOM,4,2022,7,Drought NDVI,Heightened,5
SOM,4,2022,7,Drought NDVI,Critical,8
SOM,4,2022,7,Drought rainfall,Typical,16
SOM,4,2022,7,Drought rainfall,Heightened,11
SOM,4,2022,7,Drought rainfall,Critical,47
SOM,4,2022,7,Exchange rates,Typical,74
SOM,4,2022,7,Food prices,Heightened,1
SOM,4,2022,7,Food prices,Critical,73
SOM,4,2022,7,Fuel prices,Critical,74
SOM,4,2022,7,Heavy rainfall,Typical,73
SOM,4,2022,7,Heavy rainfall,Heightened,1
SOM,4,2022,8,Conflict,Typical,48
SOM,4,2022,8,Conflict,Heightened,24
SOM,4,2022,8,Conflict,Critical,2
SOM,4,2022,8,Drought NDVI,Typical,65
SOM,4,2022,8,Drought NDVI,Heightened,4
SOM,4,2022,8,Drought NDVI,Critical,5
SOM,4,2022,8,Drought rainfall,Typical,24
SOM,4,2022,8,Drought rainfall,Heightened,7
SOM,4,2022,8,Drought rainfall,Critical,43
SOM,4,2022,8,Exchange rates,Typical,74
SOM,4,2022,8,Food prices,Heightened,3
SOM,4,2022,8,Food prices,Critical,71
SOM,4,2022,8,Fuel prices,Critical,74
SOM,4,2022,8,Heavy rainfall,Typical,70
SOM,4,2022,8,Heavy rainfall,Heightened,4
SOM,4,2022,9,Conflict,Typical,40
SOM,4,2022,9,Conflict,Heightened,25
SOM,4,2022,9,Conflict,Critical,9
SOM,4,2022,9,Drought NDVI,Typical,74
SOM,4,2022,9,Drought rainfall,Typical,59
SOM,4,2022,9,Drought rainfall,Heightened,6
SOM,4,2022,9,Drought rainfall,Critical,9
SOM,4,2022,9,Exchange rates,Typical,74
SOM,4,2022,9,Food prices,Typical,1
SOM,4,2022,9,Food prices,Heightened,13
SOM,4,2022,9,Food prices,Critical,60
SOM,4,2022,9,Fuel prices,Critical,74
SOM,4,2022,9,Heavy rainfall,Typical,74
SOM,4,2022,10,Conflict,Typical,47
SOM,4,2022,10,Conflict,Heightened,17
SOM,4,2022,10,Conflict,Critical,10
SOM,4,2022,10,Drought NDVI,Typical,69
SOM,4,2022,10,Drought NDVI,Heightened,3
SOM,4,2022,10,Drought NDVI,Critical,2
SOM,4,2022,10,Drought rainfall,Typical,72
SOM,4,2022,10,Drought rainfall,Heightened,1
SOM,4,2022,10,Drought rainfall,Critical,1
SOM,4,2022,10,Exchange rates,Typical,74
SOM,4,2022,10,Food prices,Typical,5
SOM,4,2022,10,Food prices,Heightened,30
SOM,4,2022,10,Food prices,Critical,39
SOM,4,2022,10,Fuel prices,Heightened,1
SOM,4,2022,10,Fuel prices,Critical,73
SOM,4,2022,10,Heavy rainfall,Typical,74
SOM,4,2022,11,Conflict,Typical,46
SOM,4,2022,11,Conflict,Heightened,23
SOM,4,2022,11,Conflict,Critical,5
SOM,4,2022,11,Drought NDVI,Typical,62
SOM,4,2022,11,Drought NDVI,Heightened,9
SOM,4,2022,11,Drought NDVI,Critical,3
SOM,4,2022,11,Drought rainfall,Typical,72
SOM,4,2022,11,Drought rainfall,Critical,2
SOM,4,2022,11,Exchange rates,Typical,74
SOM,4,2022,11,Food prices,Typical,14
SOM,4,2022,11,Food prices,Heightened,44
SOM,4,2022,11,Food prices,Critical,16
SOM,4,2022,11,Fuel prices,Heightened,34
SOM,4,2022,11,Fuel prices,Critical,40
SOM,4,2022,11,Heavy rainfall,Typical,74
SOM,4,2022,12,Conflict,Typical,38
SOM,4,2022,12,Conflict,Heightened,32
SOM,4,2022,12,Conflict,Critical,4
SOM,4,2022,12,Drought NDVI,Typical,63
SOM,4,2022,12,Drought NDVI,Heightened,10
SOM,4,2022,12,Drought NDVI,Critical,1
SOM,4,2022,12,Drought rainfall,Typical,74
SOM,4,2022,12,Exchange rates,Typical,74
SOM,4,2022,12,Food prices,Typical,19
SOM,4,2022,12,Food prices,Heightened,42
SOM,4,2022,12,Food prices,Critical,13
SOM,4,2022,12,Fuel prices,Typical,2
SOM,4,2022,12,Fuel prices,Heightened,39
SOM,4,2022,12,Fuel prices,Critical,33
SOM,4,2022,12,Heavy rainfall,Typical,69
SOM,4,2022,12,Heavy rainfall,Heightened,4
SOM,4,2022,12,Heavy rainfall,Critical,1
SOM,4,2023,1,Conflict,Typical,43
SOM,4,2023,1,Conflict,Heightened,29
SOM,4,2023,1,Conflict,Critical,2
SOM,4,2023,1,Drought NDVI,Typical,74
SOM,4,2023,1,Drought rainfall,Typical,74
SOM,4,2023,1,Exchange rates,Typical,74
SOM,4,2023,1,Food prices,Typical,13
SOM,4,2023,1,Food prices,Heightened,46
SOM,4,2023,1,Food prices,Critical,15
SOM,4,2023,1,Fuel prices,Typical,3
SOM,4,2023,1,Fuel prices,Heightened,41
SOM,4,2023,1,Fuel prices,Critical,30
SOM,4,2023,1,Heavy rainfall,Typical,72
SOM,4,2023,1,Heavy rainfall,Heightened,1
SOM,4,2023,1,Heavy rainfall,Critical,1
SOM,4,2023,2,Conflict,Typical,37
SOM,4,2023,2,Conflict,Heightened,26
SOM,4,2023,2,Conflict,Critical,11
SOM,4,2023,2,Drought NDVI,Typical,74
SOM,4,2023,2,Drought rainfall,Typical,74
SOM,4,2023,2,Exchange rates,Typical,74
SOM,4,2023,2,Food prices,Typical,6
SOM,4,2023,2,Food prices,Heightened,55
SOM,4,2023,2,Food prices,Critical,13
SOM,4,2023,2,Fuel prices,Typical,8
SOM,4,2023,2,Fuel prices,Heightened,41
SOM,4,2023,2,Fuel prices,Critical,25
SOM,4,2023,2,Heavy rainfall,Typical,74
SOM,4,2023,3,Conflict,Typical,39
SOM,4,2023,3,Conflict,Heightened,29
SOM,4,2023,3,Conflict,Critical,6
SOM,4,2023,3,Drought NDVI,Typical,74
SOM,4,2023,3,Drought rainfall,Typical,74
SOM,4,2023,3,Exchange rates,Typical,74
SOM,4,2023,3,Food prices,Typical,45
SOM,4,2023,3,Food prices,Heightened,20
SOM,4,2023,3,Food prices,Critical,9
SOM,4,2023,3,Fuel prices,Typical,28
SOM,4,2023,3,Fuel prices,Heightened,18
SOM,4,2023,3,Fuel prices,Critical,28
SOM,4,2023,3,Heavy rainfall,Typical,52
SOM,4,2023,3,Heavy rainfall,Heightened,22
SOM,4,2023,4,Conflict,Typical,47
SOM,4,2023,4,Conflict,Heightened,27
SOM,4,2023,4,Drought NDVI,Typical,74
SOM,4,2023,4,Drought rainfall,Typical,74
SOM,4,2023,4,Exchange rates,Typical,74
SOM,4,2023,4,Food prices,Typical,68
SOM,4,2023,4,Food prices,Heightened,3
SOM,4,2023,4,Food prices,Critical,3
SOM,4,2023,4,Fuel prices,Typical,57
SOM,4,2023,4,Fuel prices,Heightened,1
SOM,4,2023,4,Fuel prices,Critical,16
SOM,4,2023,4,Heavy rainfall,Typical,68
SOM,4,2023,4,Heavy rainfall,Heightened,6
SOM,4,2023,5,Conflict,Typical,47
SOM,4,2023,5,Conflict,Heightened,27
SOM,4,2023,5,Drought NDVI,Typical,73
SOM,4,2023,5,Drought NDVI,Heightened,1
SOM,4,2023,5,Drought rainfall,Typical,74
SOM,4,2023,5,Exchange rates,Typical,74
SOM,4,2023,5,Food prices,Typical,68
SOM,4,2023,5,Food prices,Heightened,4
SOM,4,2023,5,Food prices,Critical,2
SOM,4,2023,5,Fuel prices,Typical,57
SOM,4,2023,5,Fuel prices,Heightened,2
SOM,4,2023,5,Fuel prices,Critical,15
SOM,4,2023,5,Heavy rainfall,Typical,72
SOM,4,2023,5,Heavy rainfall,Heightened,2
SOM,4,2023,6,Conflict,Typical,49
SOM,4,2023,6,Conflict,Heightened,24
SOM,4,2023,6,Conflict,Critical,1
SOM,4,2023,6,Drought NDVI,Typical,63
SOM,4,2023,6,Drought NDVI,Heightened,4
SOM,4,2023,6,Drought NDVI,Critical,7
SOM,4,2023,6,Drought rainfall,Typical,74
SOM,4,2023,6,Exchange rates,Typical,74
SOM,4,2023,6,Food prices,Typical,70
SOM,4,2023,6,Food prices,Heightened,2
SOM,4,2023,6,Food prices,Critical,2
SOM,4,2023,6,Fuel prices,Typical,58
SOM,4,2023,6,Fuel prices,Critical,16
SOM,4,2023,6,Heavy rainfall,Typical,74
SOM,4,2023,7,Conflict,Typical,48
SOM,4,2023,7,Conflict,Heightened,22
SOM,4,2023,7,Conflict,Critical,4
SOM,4,2023,7,Drought NDVI,Typical,57
SOM,4,2023,7,Drought NDVI,Heightened,4
SOM,4,2023,7,Drought NDVI,Critical,13
SOM,4,2023,7,Drought rainfall,Typical,74
SOM,4,2023,7,Exchange rates,Typical,74
SOM,4,2023,7,Food prices,Typical,69
SOM,4,2023,7,Food prices,Heightened,4
SOM,4,2023,7,Food prices,Critical,1
SOM,4,2023,7,Fuel prices,Typical,62
SOM,4,2023,7,Fuel prices,Critical,12
SOM,4,2023,7,Heavy rainfall,Typical,74
SOM,4,2023,8,Conflict,Typical,42
SOM,4,2023,8,Conflict,Heightened,27
SOM,4,2023,8,Conflict,Critical,5
SOM,4,2023,8,Drought NDVI,Typical,55
SOM,4,2023,8,Drought NDVI,Heightened,7
SOM,4,2023,8,Drought NDVI,Critical,12
SOM,4,2023,8,Drought rainfall,Typical,62
SOM,4,2023,8,Drought rainfall,Heightened,4
SOM,4,2023,8,Drought rainfall,Critical,8
SOM,4,2023,8,Exchange rates,Typical,74
SOM,4,2023,8,Food prices,Typical,70
SOM,4,2023,8,Food prices,Heightened,2
SOM,4,2023,8,Food prices,Critical,2
SOM,4,2023,8,Fuel prices,Typical,66
SOM,4,2023,8,Fuel prices,Heightened,3
SOM,4,2023,8,Fuel prices,Critical,5
SOM,4,2023,8,Heavy rainfall,Typical,74
SOM,4,2023,9,Conflict,Typical,31
SOM,4,2023,9,Conflict,Heightened,38
SOM,4,2023,9,Conflict,Critical,5
SOM,4,2023,9,Drought NDVI,Typical,69
SOM,4,2023,9,Drought NDVI,Heightened,3
SOM,4,2023,9,Drought NDVI,Critical,2
SOM,4,2023,9,Drought rainfall,Typical,50
SOM,4,2023,9,Drought rainfall,Heightened,3
SOM,4,2023,9,Drought rainfall,Critical,21
SOM,4,2023,9,Exchange rates,Typical,74
SOM,4,2023,9,Food prices,Typical,72
SOM,4,2023,9,Food prices,Heightened,1
SOM,4,2023,9,Food prices,Critical,1
SOM,4,2023,9,Fuel prices,Typical,69
SOM,4,2023,9,Fuel prices,Heightened,1
SOM,4,2023,9,Fuel prices,Critical,4
SOM,4,2023,9,Heavy rainfall,Typical,73
SOM,4,2023,9,Heavy rainfall,Heightened,1
SOM,4,2023,10,Conflict,Typical,52
SOM,4,2023,10,Conflict,Heightened,22
SOM,4,2023,10,Drought NDVI,Typical,74
SOM,4,2023,10,Drought rainfall,Typical,70
SOM,4,2023,10,Drought rainfall,Heightened,2
SOM,4,2023,10,Drought rainfall,Critical,2
SOM,4,2023,10,Exchange rates,Typical,74
SOM,4,2023,10,Food prices,Typical,72
SOM,4,2023,10,Food prices,Heightened,1
SOM,4,2023,10,Food prices,Critical,1
SOM,4,2023,10,Fuel prices,Typical,67
SOM,4,2023,10,Fuel prices,Heightened,1
SOM,4,2023,10,Fuel prices,Critical,6
SOM,4,2023,10,Heavy rainfall,Typical,45
SOM,4,2023,10,Heavy rainfall,Heightened,24
SOM,4,2023,10,Heavy rainfall,Critical,5
SOM,4,2023,11,Conflict,Typical,62
SOM,4,2023,11,Conflict,Heightened,11
SOM,4,2023,11,Conflict,Critical,1
SOM,4,2023,11,Drought NDVI,Typical,74
SOM,4,2023,11,Drought rainfall,Typical,73
SOM,4,2023,11,Drought rainfall,Critical,1
SOM,4,2023,11,Exchange rates,Typical,74
SOM,4,2023,11,Food prices,Typical,72
SOM,4,2023,11,Food prices,Critical,2
SOM,4,2023,11,Fuel prices,Typical,67
SOM,4,2023,11,Fuel prices,Heightened,1
SOM,4,2023,11,Fuel prices,Critical,6
SOM,4,2023,11,Heavy rainfall,Typical,16
SOM,4,2023,11,Heavy rainfall,Heightened,47
SOM,4,2023,11,Heavy rainfall,Critical,11
SOM,4,2023,12,Conflict,Typical,62
SOM,4,2023,12,Conflict,Heightened,12
SOM,4,2023,12,Drought NDVI,Typical,74
SOM,4,2023,12,Drought rainfall,Typical,73
SOM,4,2023,12,Drought rainfall,Heightened,1
SOM,4,2023,12,Exchange rates,Typical,74
SOM,4,2023,12,Food prices,Typical,68
SOM,4,2023,12,Food prices,Heightened,4
SOM,4,2023,12,Food prices,Critical,2
SOM,4,2023,12,Fuel prices,Typical,67
SOM,4,2023,12,Fuel prices,Heightened,1
SOM,4,2023,12,Fuel prices,Critical,6
SOM,4,2023,12,Heavy rainfall,Typical,74
SOM,4,2024,1,Conflict,Typical,68
SOM,4,2024,1,Conflict,Heightened,6
SOM,4,2024,1,Drought NDVI,Typical,74
SOM,4,2024,1,Drought rainfall,Typical,74
SOM,4,2024,1,Exchange rates,Typical,74
SOM,4,2024,1,Food prices,Typical,72
SOM,4,2024,1,Food prices,Critical,2
SOM,4,2024,1,Fuel prices,Typical,68
SOM,4,2024,1,Fuel prices,Critical,6
SOM,4,2024,1,Heavy rainfall,Typical,74
SOM,4,2024,2,Conflict,Typical,69
SOM,4,2024,2,Conflict,Heightened,5
SOM,4,2024,2,Drought NDVI,Typical,74
SOM,4,2024,2,Drought rainfall,Typical,74
SOM,4,2024,2,Exchange rates,Typical,74
SOM,4,2024,2,Food prices,Typical,71
SOM,4,2024,2,Food prices,Heightened,1
SOM,4,2024,2,Food prices,Critical,2
SOM,4,2024,2,Fuel prices,Typical,68
SOM,4,2024,2,Fuel prices,Critical,6
SOM,4,2024,2,Heavy rainfall,Typical,74
SOM,4,2024,3,Conflict,Typical,65
SOM,4,2024,3,Conflict,Heightened,9
SOM,4,2024,3,Drought NDVI,Typical,74
SOM,4,2024,3,Drought rainfall,Typical,74
SOM,4,2024,3,Exchange rates,Typical,74
SOM,4,2024,3,Food prices,Typical,69
SOM,4,2024,3,Food prices,Heightened,3
SOM,4,2024,3,Food prices,Critical,2
SOM,4,2024,3,Fuel prices,Typical,67
SOM,4,2024,3,Fuel prices,Critical,7
SOM,4,2024,3,Heavy rainfall,Typical,74
SOM,4,2024,4,Conflict,Typical,61
SOM,4,2024,4,Conflict,Heightened,13
SOM,4,2024,4,Drought NDVI,Typical,74
SOM,4,2024,4,Drought rainfall,Typical,73
SOM,4,2024,4,Drought rainfall,Heightened,1
SOM,4,2024,4,Exchange rates,Typical,74
SOM,4,2024,4,Food prices,Typical,69
SOM,4,2024,4,Food prices,Heightened,3
SOM,4,2024,4,Food prices,Critical,2
SOM,4,2024,4,Fuel prices,Typical,66
SOM,4,2024,4,Fuel prices,Heightened,1
SOM,4,2024,4,Fuel prices,Critical,7
SOM,4,2024,4,Heavy rainfall,Typical,64
SOM,4,2024,4,Heavy rainfall,Heightened,10
SOM,4,2024,5,Conflict,Typical,63
SOM,4,2024,5,Conflict,Heightened,11
SOM,4,2024,5,Drought NDVI,Typical,74
SOM,4,2024,5,Drought rainfall,Typical,74
SOM,4,2024,5,Exchange rates,Typical,74
SOM,4,2024,5,Food prices,Typical,68
SOM,4,2024,5,Food prices,Heightened,4
SOM,4,2024,5,Food prices,Critical,2
SOM,4,2024,5,Fuel prices,Typical,66
SOM,4,2024,5,Fuel prices,Critical,8
SOM,4,2024,5,Heavy rainfall,Typical,69
SOM,4,2024,5,Heavy rainfall,Heightened,5
SOM,4,2024,6,Conflict,Typical,62
SOM,4,2024,6,Conflict,Heightened,12
SOM,4,2024,6,Drought NDVI,Typical,74
SOM,4,2024,6,Drought rainfall,Typical,74
SOM,4,2024,6,Exchange rates,Typical,74
SOM,4,2024,6,Food prices,Typical,71
SOM,4,2024,6,Food prices,Heightened,2
SOM,4,2024,6,Food prices,Critical,1
SOM,4,2024,6,Fuel prices,Typical,65
SOM,4,2024,6,Fuel prices,Heightened,1
SOM,4,2024,6,Fuel prices,Critical,8
SOM,4,2024,6,Heavy rainfall,Typical,68
SOM,4,2024,6,Heavy rainfall,Heightened,6
SOM,4,2024,7,Conflict,Typical,60
SOM,4,2024,7,Conflict,Heightened,14
SOM,4,2024,7,Drought NDVI,Typical,74
SOM,4,2024,7,Drought rainfall,Typical,74
SOM,4,2024,7,Exchange rates,Typical,74
SOM,4,2024,7,Food prices,Typical,73
SOM,4,2024,7,Food prices,Heightened,1
SOM,4,2024,7,Fuel prices,Typical,69
SOM,4,2024,7,Fuel prices,Heightened,1
SOM,4,2024,7,Fuel prices,Critical,4
SOM,4,2024,7,Heavy rainfall,Typical,74
SOM,4,2024,8,Conflict,Typical,63
SOM,4,2024,8,Conflict,Heightened,11
SOM,4,2024,8,Drought NDVI,Typical,74
SOM,4,2024,8,Drought rainfall,Typical,74
SOM,4,2024,8,Exchange rates,Typical,74
SOM,4,2024,8,Food prices,Typical,72
SOM,4,2024,8,Food prices,Heightened,2
SOM,4,2024,8,Fuel prices,Typical,72
SOM,4,2024,8,Fuel prices,Heightened,1
SOM,4,2024,8,Fuel prices,Critical,1
SOM,4,2024,8,Heavy rainfall,Typical,52
SOM,4,2024,8,Heavy rainfall,Heightened,18
SOM,4,2024,8,Heavy rainfall,Critical,4
SOM,4,2024,9,Conflict,Typical,66
SOM,4,2024,9,Conflict,Heightened,8
SOM,4,2024,9,Drought NDVI,Typical,74
SOM,4,2024,9,Drought rainfall,Typical,73
SOM,4,2024,9,Drought rainfall,Heightened,1
SOM,4,2024,9,Exchange rates,Typical,74
SOM,4,2024,9,Food prices,Typical,72
SOM,4,2024,9,Food prices,Heightened,1
SOM,4,2024,9,Food prices,Critical,1
SOM,4,2024,9,Fuel prices,Typical,73
SOM,4,2024,9,Fuel prices,Heightened,1
SOM,4,2024,9,Heavy rainfall,Typical,74
SOM,4,2024,10,Conflict,Typical,68
SOM,4,2024,10,Conflict,Heightened,6
SOM,4,2024,10,Drought NDVI,Typical,74
SOM,4,2024,10,Drought rainfall,Typical,63
SOM,4,2024,10,Drought rainfall,Heightened,11
SOM,4,2024,10,Exchange rates,Typical,74
SOM,4,2024,10,Food prices,Typical,73
SOM,4,2024,10,Food prices,Critical,1
SOM,4,2024,10,Fuel prices,Typical,71
SOM,4,2024,10,Fuel prices,Heightened,1
SOM,4,2024,10,Fuel prices,Critical,2
SOM,4,2024,10,Heavy rainfall,Typical,74
SOM,4,2024,11,Conflict,Typical,68
SOM,4,2024,11,Conflict,Heightened,6
SOM,4,2024,11,Drought NDVI,Typical,66
SOM,4,2024,11,Drought NDVI,Heightened,4
SOM,4,2024,11,Drought NDVI,Critical,4
SOM,4,2024,11,Drought rainfall,Typical,71
SOM,4,2024,11,Drought rainfall,Heightened,3
SOM,4,2024,11,Exchange rates,Typical,74
SOM,4,2024,11,Food prices,Typical,72
SOM,4,2024,11,Food prices,Heightened,2
SOM,4,2024,11,Fuel prices,Typical,68
SOM,4,2024,11,Fuel prices,Heightened,1
SOM,4,2024,11,Fuel prices,Critical,5
SOM,4,2024,11,Heavy rainfall,Typical,74
SOM,4,2024,12,Conflict,Typical,54
SOM,4,2024,12,Conflict,Heightened,16
SOM,4,2024,12,Conflict,Critical,4
SOM,4,2024,12,Drought NDVI,Typical,66
SOM,4,2024,12,Drought NDVI,Heightened,4
SOM,4,2024,12,Drought NDVI,Critical,4
SOM,4,2024,12,Drought rainfall,Typical,69
SOM,4,2024,12,Drought rainfall,Heightened,3
SOM,4,2024,12,Drought rainfall,Critical,2
SOM,4,2024,12,Exchange rates,Typical,74
SOM,4,2024,12,Food prices,Typical,72
SOM,4,2024,12,Food prices,Heightened,1
SOM,4,2024,12,Food prices,Critical,1
SOM,4,2024,12,Fuel prices,Typical,68
SOM,4,2024,12,Fuel prices,Heightened,2
SOM,4,2024,12,Fuel prices,Critical,4
SOM,4,2024,12,Heavy rainfall,Typical,74
SOM,4,2025,1,Conflict,Typical,49
SOM,4,2025,1,Conflict,Heightened,21
SOM,4,2025,1,Conflict,Critical,4
SOM,4,2025,1,Drought NDVI,Typical,73
SOM,4,2025,1,Drought NDVI,Heightened,1
SOM,4,2025,1,Drought rainfall,Typical,72
SOM,4,2025,1,Drought rainfall,Heightened,1
SOM,4,2025,1,Drought rainfall,Critical,1
SOM,4,2025,1,Exchange rates,Typical,74
SOM,4,2025,1,Food prices,Typical,73
SOM,4,2025,1,Food prices,Critical,1
SOM,4,2025,1,Fuel prices,Typical,69
SOM,4,2025,1,Fuel prices,Heightened,3
SOM,4,2025,1,Fuel prices,Critical,2
SOM,4,2025,1,Heavy rainfall,Typical,74
SOM,4,2025,2,Conflict,Typical,52
SOM,4,2025,2,Conflict,Heightened,18
SOM,4,2025,2,Conflict,Critical,4
SOM,4,2025,2,Drought NDVI,Typical,74
SOM,4,2025,2,Drought rainfall,Typical,72
SOM,4,2025,2,Drought rainfall,Heightened,2
SOM,4,2025,2,Exchange rates,Typical,74
SOM,4,2025,2,Food prices,Typical,72
SOM,4,2025,2,Food prices,Heightened,1
SOM,4,2025,2,Food prices,Critical,1
SOM,4,2025,2,Fuel prices,Typical,68
SOM,4,2025,2,Fuel prices,Heightened,4
SOM,4,2025,2,Fuel prices,Critical,2
SOM,4,2025,2,Heavy rainfall,Typical,74
SOM,4,2025,3,Conflict,Typical,39
SOM,4,2025,3,Conflict,Heightened,26
SOM,4,2025,3,Conflict,Critical,9
SOM,4,2025,3,Drought NDVI,Typical,74
SOM,4,2025,3,Drought rainfall,Typical,74
SOM,4,2025,3,Exchange rates,Typical,74
SOM,4,2025,3,Food prices,Typical,74
SOM,4,2025,3,Fuel prices,Typical,73
SOM,4,2025,3,Fuel prices,Critical,1
SOM,4,2025,3,Heavy rainfall,Typical,74
SOM,4,2025,4,Conflict,Typical,38
SOM,4,2025,4,Conflict,Heightened,33
SOM,4,2025,4,Conflict,Critical,3
SOM,4,2025,4,Drought NDVI,Typical,74
SOM,4,2025,4,Drought rainfall,Typical,65
SOM,4,2025,4,Drought rainfall,Heightened,4
SOM,4,2025,4,Drought rainfall,Critical,5
SOM,4,2025,4,Exchange rates,Typical,74
SOM,4,2025,4,Food prices,Typical,74
SOM,4,2025,4,Fuel prices,Typical,73
SOM,4,2025,4,Fuel prices,Heightened,1
SOM,4,2025,4,Heavy rainfall,Typical,73
SOM,4,2025,4,Heavy rainfall,Heightened,1
SOM,4,2025,5,Conflict,Typical,42
SOM,4,2025,5,Conflict,Heightened,32
SOM,4,2025,5,Drought NDVI,Typical,74
SOM,4,2025,5,Drought rainfall,Typical,59
SOM,4,2025,5,Drought rainfall,Heightened,1
SOM,4,2025,5,Drought rainfall,Critical,14
SOM,4,2025,5,Exchange rates,Typical,74
SOM,4,2025,5,Food prices,Typical,73
SOM,4,2025,5,Food prices,Heightened,1
SOM,4,2025,5,Fuel prices,Typical,71
SOM,4,2025,5,Fuel prices,Heightened,3
SOM,4,2025,5,Heavy rainfall,Typical,69
SOM,4,2025,5,Heavy rainfall,Heightened,5
SOM,4,2025,6,Conflict,Typical,44
SOM,4,2025,6,Conflict,Heightened,29
SOM,4,2025,6,Conflict,Critical,1
SOM,4,2025,6,Drought NDVI,Typical,74
SOM,4,2025,6,Drought rainfall,Typical,58
SOM,4,2025,6,Drought rainfall,Heightened,3
SOM,4,2025,6,Drought rainfall,Critical,13
SOM,4,2025,6,Exchange rates,Typical,74
SOM,4,2025,6,Food prices,Typical,73
SOM,4,2025,6,Food prices,Heightened,1
SOM,4,2025,6,Fuel prices,Typical,74
SOM,4,2025,6,Heavy rainfall,Typical,74
SOM,4,2025,7,Conflict,Typical,47
SOM,4,2025,7,Conflict,Heightened,26
SOM,4,2025,7,Conflict,Critical,1
SOM,4,2025,7,Drought NDVI,Typical,74
SOM,4,2025,7,Drought rainfall,Typical,58
SOM,4,2025,7,Drought rainfall,Heightened,1
SOM,4,2025,7,Drought rainfall,Critical,15
SOM,4,2025,7,Exchange rates,Typical,74
SOM,4,2025,7,Food prices,Typical,73
SOM,4,2025,7,Food prices,Heightened,1
SOM,4,2025,7,Fuel prices,Typical,73
SOM,4,2025,7,Fuel prices,Critical,1
SOM,4,2025,7,Heavy rainfall,Typical,74
SOM,4,2025,8,Conflict,Typical,55
SOM,4,2025,8,Conflict,Heightened,16
SOM,4,2025,8,Conflict,Critical,3
SOM,4,2025,8,Drought NDVI,Typical,73
SOM,4,2025,8,Drought NDVI,Critical,1
SOM,4,2025,8,Drought rainfall,Typical,58
SOM,4,2025,8,Drought rainfall,Heightened,1
SOM,4,2025,8,Drought rainfall,Critical,15
SOM,4,2025,8,Exchange rates,Typical,74
SOM,4,2025,8,Food prices,Typical,74
SOM,4,2025,8,Fuel prices,Typical,69
SOM,4,2025,8,Fuel prices,Heightened,4
SOM,4,2025,8,Fuel prices,Critical,1
SOM,4,2025,8,Heavy rainfall,Typical,74
SOM,4,2025,9,Conflict,Typical,54
SOM,4,2025,9,Conflict,Heightened,20
SOM,4,2025,9,Drought NDVI,Typical,71
SOM,4,2025,9,Drought NDVI,Heightened,2
SOM,4,2025,9,Drought NDVI,Critical,1
SOM,4,2025,9,Drought rainfall,Typical,71
SOM,4,2025,9,Drought rainfall,Heightened,2
SOM,4,2025,9,Drought rainfall,Critical,1
SOM,4,2025,9,Exchange rates,Typical,74
SOM,4,2025,9,Food prices,Typical,73
SOM,4,2025,9,Food prices,Heightened,1
SOM,4,2025,9,Fuel prices,Typical,73
SOM,4,2025,9,Fuel prices,Heightened,1
SOM,4,2025,9,Heavy rainfall,Typical,74
SOM,4,2025,10,Conflict,Typical,57
SOM,4,2025,10,Conflict,Heightened,17
SOM,4,2025,10,Drought NDVI,Typical,55
SOM,4,2025,10,Drought NDVI,Heightened,9
SOM,4,2025,10,Drought NDVI,Critical,10
SOM,4,2025,10,Drought rainfall,Typical,60
SOM,4,2025,10,Drought rainfall,Heightened,10
SOM,4,2025,10,Drought rainfall,Critical,4
SOM,4,2025,10,Exchange rates,Typical,74
SOM,4,2025,10,Food prices,Typical,74
SOM,4,2025,10,Fuel prices,Typical,74
SOM,4,2025,10,Heavy rainfall,Typical,74
SOM,4,2025,11,Conflict,Typical,67
SOM,4,2025,11,Conflict,Heightened,7
SOM,4,2025,11,Drought NDVI,Typical,48
SOM,4,2025,11,Drought NDVI,Heightened,7
SOM,4,2025,11,Drought NDVI,Critical,19
SOM,4,2025,11,Drought rainfall,Typical,19
SOM,4,2025,11,Drought rainfall,Heightened,19
SOM,4,2025,11,Drought rainfall,Critical,36
SOM,4,2025,11,Exchange rates,Typical,74
SOM,4,2025,11,Food prices,Typical,73
SOM,4,2025,11,Food prices,Heightened,1
SOM,4,2025,11,Fuel prices,Typical,70
SOM,4,2025,11,Fuel prices,Heightened,4
SOM,4,2025,11,Heavy rainfall,Typical,74
SOM,3,2010,1,GLM,Population,11918291
SOM,3,2010,2,GLM,Population,11918291
SOM,3,2010,3,GLM,Population,11918291
SOM,3,2010,4,GLM,Population,11918291
SOM,3,2010,5,GLM,Population,11918291
SOM,3,2010,6,GLM,Population,11918291
SOM,3,2010,7,GLM,Population,11918291
SOM,3,2010,8,GLM,Population,11918291
SOM,3,2010,9,GLM,Population,11918291
SOM,3,2010,10,GLM,Population,11918291
SOM,3,2010,11,GLM,Population,11918291
SOM,3,2010,12,GLM,Population,11918291
SOM,3,2011,1,GLM,Population,12252313
SOM,3,2011,2,GLM,Population,12252313
SOM,3,2011,3,GLM,Population,12252313
SOM,3,2011,4,GLM,Population,12252313
SOM,3,2011,5,GLM,Population,12252313
SOM,3,2011,6,GLM,Population,12252313
SOM,3,2011,7,GLM,Population,12252313
SOM,3,2011,8,GLM,Population,12252313
SOM,3,2011,9,GLM,Population,12252313
SOM,3,2011,10,GLM,Population,12252313
SOM,3,2011,11,GLM,Population,12252313
SOM,3,2011,12,GLM,Population,12252313
SOM,3,2012,1,GLM,Population,12584485
SOM,3,2012,2,GLM,Population,12584485
SOM,3,2012,3,GLM,Population,12584485
SOM,3,2012,4,GLM,Population,12584485
SOM,3,2012,5,GLM,Population,12584485
SOM,3,2012,6,GLM,Population,12584485
SOM,3,2012,7,GLM,Population,12584485
SOM,3,2012,8,GLM,Population,12584485
SOM,3,2012,9,GLM,Population,12584485
SOM,3,2012,10,GLM,Population,12584485
SOM,3,2012,11,GLM,Population,12584485
SOM,3,2012,12,GLM,Population,12584485
SOM,3,2013,1,GLM,Population,12928323
SOM,3,2013,2,GLM,Population,12928323
SOM,3,2013,3,GLM,Population,12928323
SOM,3,2013,4,GLM,Population,12928323
SOM,3,2013,5,GLM,Population,12928323
SOM,3,2013,6,GLM,Population,12928323
SOM,3,2013,7,GLM,Population,12928323
SOM,3,2013,8,GLM,Population,12928323
SOM,3,2013,9,GLM,Population,12928323
SOM,3,2013,10,GLM,Population,12928323
SOM,3,2013,11,GLM,Population,12928323
SOM,3,2013,12,GLM,Population,12928323
SOM,3,2014,1,GLM,Population,13288035
SOM,3,2014,2,GLM,Population,13288035
SOM,3,2014,3,GLM,Population,13288035
SOM,3,2014,4,GLM,Population,13288035
SOM,3,2014,5,GLM,Population,13288035
SOM,3,2014,6,GLM,Population,13288035
SOM,3,2014,7,GLM,Population,13288035
SOM,3,2014,8,GLM,Population,13288035
SOM,3,2014,9,GLM,Population,13288035
SOM,3,2014,10,GLM,Population,13288035
SOM,3,2014,11,GLM,Population,13288035
SOM,3,2014,12,GLM,Population,13288035
SOM,3,2015,1,GLM,Population,13401766
SOM,3,2015,2,GLM,Population,13401766
SOM,3,2015,3,GLM,Population,13401766
SOM,3,2015,4,GLM,Population,13401766
SOM,3,2015,5,GLM,Population,13401766
SOM,3,2015,6,GLM,Population,13401766
SOM,3,2015,7,GLM,Population,13401766
SOM,3,2015,8,GLM,Population,13401766
SOM,3,2015,9,GLM,Population,13401766
SOM,3,2015,10,GLM,Population,13401766
SOM,3,2015,11,GLM,Population,13401766
SOM,3,2015,12,GLM,Population,13401766
SOM,3,2016,1,GLM,Population,13859215
SOM,3,2016,2,GLM,Population,13859215
SOM,3,2016,3,GLM,Population,13859215
SOM,3,2016,4,GLM,Population,13859215
SOM,3,2016,5,GLM,Population,13859215
SOM,3,2016,6,GLM,Population,13859215
SOM,3,2016,7,GLM,Population,13859215
SOM,3,2016,8,GLM,Population,13859215
SOM,3,2016,9,GLM,Population,13859215
SOM,3,2016,10,GLM,Population,13859215
SOM,3,2016,11,GLM,Population,13859215
SOM,3,2016,12,GLM,Population,13859215
SOM,3,2017,1,GLM,Population,14469573
SOM,3,2017,2,GLM,Population,14469573
SOM,3,2017,3,GLM,Population,14469573
SOM,3,2017,4,GLM,Population,14469573
SOM,3,2017,5,GLM,Population,14469573
SOM,3,2017,6,GLM,Population,14469573
SOM,3,2017,7,GLM,Population,14469573
SOM,3,2017,8,GLM,Population,14469573
SOM,3,2017,9,GLM,Population,14469573
SOM,3,2017,10,GLM,Population,14469573
SOM,3,2017,11,GLM,Population,14469573
SOM,3,2017,12,GLM,Population,14469573
SOM,3,2018,1,GLM,Population,14978761
SOM,3,2018,2,GLM,Population,14978761
SOM,3,2018,3,GLM,Population,14978761
SOM,3,2018,4,GLM,Population,14978761
SOM,3,2018,5,GLM,Population,14978761
SOM,3,2018,6,GLM,Population,14978761
SOM,3,2018,7,GLM,Population,14978761
SOM,3,2018,8,GLM,Population,14978761
SOM,3,2018,9,GLM,Population,14978761
SOM,3,2018,10,GLM,Population,14978761
SOM,3,2018,11,GLM,Population,14978761
SOM,3,2018,12,GLM,Population,14978761
SOM,3,2019,1,GLM,Population,15526196
SOM,3,2019,2,GLM,Population,15526196
SOM,3,2019,3,GLM,Population,15526196
SOM,3,2019,4,GLM,Population,15526196
SOM,3,2019,5,GLM,Population,15526196
SOM,3,2019,6,GLM,Population,15526196
SOM,3,2019,7,GLM,Population,15526196
SOM,3,2019,8,GLM,Population,15526196
SOM,3,2019,9,GLM,Population,15526196
SOM,3,2019,10,GLM,Population,15526196
SOM,3,2019,11,GLM,Population,15526196
SOM,3,2019,12,GLM,Population,15526196
SOM,3,2020,1,GLM,Population,16119857
SOM,3,2020,2,GLM,Population,16119857
SOM,3,2020,3,GLM,Population,16119857
SOM,3,2020,4,GLM,Population,16119857
SOM,3,2020,5,GLM,Population,16119857
SOM,3,2020,6,GLM,Population,16119857
SOM,3,2020,7,GLM,Population,16119857
SOM,3,2020,8,GLM,Population,16119857
SOM,3,2020,9,GLM,Population,16119857
SOM,3,2020,10,GLM,Population,16119857
SOM,3,2020,11,GLM,Population,16119857
SOM,3,2020,12,GLM,Population,16119857
SOM,3,2021,1,GLM,Population,16749492
SOM,3,2021,2,GLM,Population,16749492
SOM,3,2021,3,GLM,Population,16749492
SOM,3,2021,4,GLM,Population,16749492
SOM,3,2021,5,GLM,Population,16749492
SOM,3,2021,6,GLM,Population,16749492
SOM,3,2021,7,GLM,Population,16749492
SOM,3,2021,8,GLM,Population,16749492
SOM,3,2021,9,GLM,Population,16749492
SOM,3,2021,10,GLM,Population,16749492
SOM,3,2021,11,GLM,Population,16749492
SOM,3,2021,12,GLM,Population,16749492
SOM,3,2022,1,GLM,Population,17342914
SOM,3,2022,2,GLM,Population,17342914
SOM,3,2022,3,GLM,Population,17342914
SOM,3,2022,4,GLM,Population,17342914
SOM,3,2022,5,GLM,Population,17342914
SOM,3,2022,6,GLM,Population,17342914
SOM,3,2022,7,GLM,Population,17342914
SOM,3,2022,8,GLM,Population,17342914
SOM,3,2022,9,GLM,Population,17342914
SOM,3,2022,10,GLM,Population,17342914
SOM,3,2022,11,GLM,Population,17342914
SOM,3,2022,12,GLM,Population,17342914
SOM,3,2023,1,GLM,Population,17795103
SOM,3,2023,2,GLM,Population,17795103
SOM,3,2023,3,GLM,Population,17795103
SOM,3,2023,4,GLM,Population,17795103
SOM,3,2023,5,GLM,Population,17795103
SOM,3,2023,6,GLM,Population,17795103
SOM,3,2023,7,GLM,Population,17795103
SOM,3,2023,8,GLM,Population,17795103
SOM,3,2023,9,GLM,Population,17795103
SOM,3,2023,10,GLM,Population,17795103
SOM,3,2023,11,GLM,Population,17795103
SOM,3,2023,12,GLM,Population,17795103
SOM,3,2024,1,GLM,Population,18440399
SOM,3,2024,2,GLM,Population,18440399
SOM,3,2024,3,GLM,Population,18440399
SOM,3,2024,4,GLM,Population,18440399
SOM,3,2024,5,GLM,Population,18440399
SOM,3,2024,6,GLM,Population,18440399
SOM,3,2024,7,GLM,Population,18440399
SOM,3,2024,8,GLM,Population,18440399
SOM,3,2024,9,GLM,Population,18440399
SOM,3,2024,10,GLM,Population,18440399
SOM,3,2024,11,GLM,Population,18440399
SOM,3,2024,12,GLM,Population,18440399
SOM,3,2025,1,GLM,Population,19078012
SOM,3,2025,2,GLM,Population,19078012
SOM,3,2025,3,GLM,Population,19078012
SOM,3,2025,4,GLM,Population,19078012
SOM,3,2025,5,GLM,Population,19078012
SOM,3,2025,6,GLM,Population,19078012
SOM,3,2025,7,GLM,Population,19078012
SOM,3,2025,8,GLM,Population,19078012
SOM,3,2025,9,GLM,Population,19078012
SOM,3,2025,10,GLM,Population,19078012
SOM,3,2025,11,GLM,Population,19078012
SOM,4,2010,1,GLM,Population,11918291
SOM,4,2010,2,GLM,Population,11918291
SOM,4,2010,3,GLM,Population,11918291
SOM,4,2010,4,GLM,Population,11918291
SOM,4,2010,5,GLM,Population,11918291
SOM,4,2010,6,GLM,Population,11918291
SOM,4,2010,7,GLM,Population,11918291
SOM,4,2010,8,GLM,Population,11918291
SOM,4,2010,9,GLM,Population,11918291
SOM,4,2010,10,GLM,Population,11918291
SOM,4,2010,11,GLM,Population,11918291
SOM,4,2010,12,GLM,Population,11918291
SOM,4,2011,1,GLM,Population,12252313
SOM,4,2011,2,GLM,Population,12252313
SOM,4,2011,3,GLM,Population,12252313
SOM,4,2011,4,GLM,Population,12252313
SOM,4,2011,5,GLM,Population,12252313
SOM,4,2011,6,GLM,Population,12252313
SOM,4,2011,7,GLM,Population,12252313
SOM,4,2011,8,GLM,Population,12252313
SOM,4,2011,9,GLM,Population,12252313
SOM,4,2011,10,GLM,Population,12252313
SOM,4,2011,11,GLM,Population,12252313
SOM,4,2011,12,GLM,Population,12252313
SOM,4,2012,1,GLM,Population,12584485
SOM,4,2012,2,GLM,Population,12584485
SOM,4,2012,3,GLM,Population,12584485
SOM,4,2012,4,GLM,Population,12584485
SOM,4,2012,5,GLM,Population,12584485
SOM,4,2012,6,GLM,Population,12584485
SOM,4,2012,7,GLM,Population,12584485
SOM,4,2012,8,GLM,Population,12584485
SOM,4,2012,9,GLM,Population,12584485
SOM,4,2012,10,GLM,Population,12584485
SOM,4,2012,11,GLM,Population,12584485
SOM,4,2012,12,GLM,Population,12584485
SOM,4,2013,1,GLM,Population,12928323
SOM,4,2013,2,GLM,Population,12928323
SOM,4,2013,3,GLM,Population,12928323
SOM,4,2013,4,GLM,Population,12928323
SOM,4,2013,5,GLM,Population,12928323
SOM,4,2013,6,GLM,Population,12928323
SOM,4,2013,7,GLM,Population,12928323
SOM,4,2013,8,GLM,Population,12928323
SOM,4,2013,9,GLM,Population,12928323
SOM,4,2013,10,GLM,Population,12928323
SOM,4,2013,11,GLM,Population,12928323
SOM,4,2013,12,GLM,Population,12928323
SOM,4,2014,1,GLM,Population,13288035
SOM,4,2014,2,GLM,Population,13288035
SOM,4,2014,3,GLM,Population,13288035
SOM,4,2014,4,GLM,Population,13288035
SOM,4,2014,5,GLM,Population,13288035
SOM,4,2014,6,GLM,Population,13288035
SOM,4,2014,7,GLM,Population,13288035
SOM,4,2014,8,GLM,Population,13288035
SOM,4,2014,9,GLM,Population,13288035
SOM,4,2014,10,GLM,Population,13288035
SOM,4,2014,11,GLM,Population,13288035
SOM,4,2014,12,GLM,Population,13288035
SOM,4,2015,1,GLM,Population,13401766
SOM,4,2015,2,GLM,Population,13401766
SOM,4,2015,3,GLM,Population,13401766
SOM,4,2015,4,GLM,Population,13401766
SOM,4,2015,5,GLM,Population,13401766
SOM,4,2015,6,GLM,Population,13401766
SOM,4,2015,7,GLM,Population,13401766
SOM,4,2015,8,GLM,Population,13401766
SOM,4,2015,9,GLM,Population,13401766
SOM,4,2015,10,GLM,Population,13401766
SOM,4,2015,11,GLM,Population,13401766
SOM,4,2015,12,GLM,Population,13401766
SOM,4,2016,1,GLM,Population,13859215
SOM,4,2016,2,GLM,Population,13859215
SOM,4,2016,3,GLM,Population,13859215
SOM,4,2016,4,GLM,Population,13859215
SOM,4,2016,5,GLM,Population,13859215
SOM,4,2016,6,GLM,Population,13859215
SOM,4,2016,7,GLM,Population,13859215
SOM,4,2016,8,GLM,Population,13859215
SOM,4,2016,9,GLM,Population,13859215
SOM,4,2016,10,GLM,Population,13859215
SOM,4,2016,11,GLM,Population,13859215
SOM,4,2016,12,GLM,Population,13859215
SOM,4,2017,1,GLM,Population,14469573
SOM,4,2017,2,GLM,Population,14469573
SOM,4,2017,3,GLM,Population,14469573
SOM,4,2017,4,GLM,Population,14469573
SOM,4,2017,5,GLM,Population,14469573
SOM,4,2017,6,GLM,Population,14469573
SOM,4,2017,7,GLM,Population,14469573
SOM,4,2017,8,GLM,Population,14469573
SOM,4,2017,9,GLM,Population,14469573
SOM,4,2017,10,GLM,Population,14469573
SOM,4,2017,11,GLM,Population,14469573
SOM,4,2017,12,GLM,Population,14469573
SOM,4,2018,1,GLM,Population,14978761
SOM,4,2018,2,GLM,Population,14978761
SOM,4,2018,3,GLM,Population,14978761
SOM,4,2018,4,GLM,Population,14978761
SOM,4,2018,5,GLM,Population,14978761
SOM,4,2018,6,GLM,Population,14978761
SOM,4,2018,7,GLM,Population,14978761
SOM,4,2018,8,GLM,Population,14978761
SOM,4,2018,9,GLM,Population,14978761
SOM,4,2018,10,GLM,Population,14978761
SOM,4,2018,11,GLM,Population,14978761
SOM,4,2018,12,GLM,Population,14978761
SOM,4,2019,1,GLM,Population,15526196
SOM,4,2019,2,GLM,Population,15526196
SOM,4,2019,3,GLM,Population,15526196
SOM,4,2019,4,GLM,Population,15526196
SOM,4,2019,5,GLM,Population,15526196
SOM,4,2019,6,GLM,Population,15526196
SOM,4,2019,7,GLM,Population,15526196
SOM,4,2019,8,GLM,Population,15526196
SOM,4,2019,9,GLM,Population,15526196
SOM,4,2019,10,GLM,Population,15526196
SOM,4,2019,11,GLM,Population,15526196
SOM,4,2019,12,GLM,Population,15526196
SOM,4,2020,1,GLM,Population,16119857
SOM,4,2020,2,GLM,Population,16119857
SOM,4,2020,3,GLM,Population,16119857
SOM,4,2020,4,GLM,Population,16119857
SOM,4,2020,5,GLM,Population,16119857
SOM,4,2020,6,GLM,Population,16119857
SOM,4,2020,7,GLM,Population,16119857
SOM,4,2020,8,GLM,Population,16119857
SOM,4,2020,9,GLM,Population,16119857
SOM,4,2020,10,GLM,Population,16119857
SOM,4,2020,11,GLM,Population,16119857
SOM,4,2020,12,GLM,Population,16119857
SOM,4,2021,1,GLM,Population,16749492
SOM,4,2021,2,GLM,Population,16749492
SOM,4,2021,3,GLM,Population,16749492
SOM,4,2021,4,GLM,Population,16749492
SOM,4,2021,5,GLM,Population,16749492
SOM,4,2021,6,GLM,Population,16749492
SOM,4,2021,7,GLM,Population,16749492
SOM,4,2021,8,GLM,Population,16749492
SOM,4,2021,9,GLM,Population,16749492
SOM,4,2021,10,GLM,Population,16749492
SOM,4,2021,11,GLM,Population,16749492
SOM,4,2021,12,GLM,Population,16749492
SOM,4,2022,1,GLM,Population,17342914
SOM,4,2022,2,GLM,Population,17342914
SOM,4,2022,3,GLM,Population,17342914
SOM,4,2022,4,GLM,Population,17342914
SOM,4,2022,5,GLM,Population,17342914
SOM,4,2022,6,GLM,Population,17342914
SOM,4,2022,7,GLM,Population,17342914
SOM,4,2022,8,GLM,Population,17342914
SOM,4,2022,9,GLM,Population,17342914
SOM,4,2022,10,GLM,Population,17342914
SOM,4,2022,11,GLM,Population,17342914
SOM,4,2022,12,GLM,Population,17342914
SOM,4,2023,1,GLM,Population,17795103
SOM,4,2023,2,GLM,Population,17795103
SOM,4,2023,3,GLM,Population,17795103
SOM,4,2023,4,GLM,Population,17795103
SOM,4,2023,5,GLM,Population,17795103
SOM,4,2023,6,GLM,Population,17795103
SOM,4,2023,7,GLM,Population,17795103
SOM,4,2023,8,GLM,Population,17795103
SOM,4,2023,9,GLM,Population,17795103
SOM,4,2023,10,GLM,Population,17795103
SOM,4,2023,11,GLM,Population,17795103
SOM,4,2023,12,GLM,Population,17795103
SOM,4,2024,1,GLM,Population,18440399
SOM,4,2024,2,GLM,Population,18440399
SOM,4,2024,3,GLM,Population,18440399
SOM,4,2024,4,GLM,Population,18440399
SOM,4,2024,5,GLM,Population,18440399
SOM,4,2024,6,GLM,Population,18440399
SOM,4,2024,7,GLM,Population,18440399
SOM,4,2024,8,GLM,Population,18440399
SOM,4,2024,9,GLM,Population,18440399
SOM,4,2024,10,GLM,Population,18440399
SOM,4,2024,11,GLM,Population,18440399
SOM,4,2024,12,GLM,Population,18440399
SOM,4,2025,1,GLM,Population,19078012
SOM,4,2025,2,GLM,Population,19078012
SOM,4,2025,3,GLM,Population,19078012
SOM,4,2025,4,GLM,Population,19078012
SOM,4,2025,5,GLM,Population,19078012
SOM,4,2025,6,GLM,Population,19078012
SOM,4,2025,7,GLM,Population,19078012
SOM,4,2025,8,GLM,Population,19078012
SOM,4,2025,9,GLM,Population,19078012
SOM,4,2025,10,GLM,Population,19078012
SOM,4,2025,11,GLM,Population,19078012
SOM,3,2010,1,GLM,Estimated population living in areas at risk,4660358.937
SOM,3,2010,2,GLM,Estimated population living in areas at risk,4578571.002
SOM,3,2010,3,GLM,Estimated population living in areas at risk,4300245.894
SOM,3,2010,4,GLM,Estimated population living in areas at risk,4970141.569
SOM,3,2010,5,GLM,Estimated population living in areas at risk,4529202.428
SOM,3,2010,6,GLM,Estimated population living in areas at risk,4044648.847
SOM,3,2010,7,GLM,Estimated population living in areas at risk,3779624.99
SOM,3,2010,8,GLM,Estimated population living in areas at risk,3678245.048
SOM,3,2010,9,GLM,Estimated population living in areas at risk,3294375.47
SOM,3,2010,10,GLM,Estimated population living in areas at risk,2361397.196
SOM,3,2010,11,GLM,Estimated population living in areas at risk,2105276.968
SOM,3,2010,12,GLM,Estimated population living in areas at risk,2820057.707
SOM,3,2011,1,GLM,Estimated population living in areas at risk,3904020.738
SOM,3,2011,2,GLM,Estimated population living in areas at risk,4584165.035
SOM,3,2011,3,GLM,Estimated population living in areas at risk,5629561.866
SOM,3,2011,4,GLM,Estimated population living in areas at risk,6338595.033
SOM,3,2011,5,GLM,Estimated population living in areas at risk,7761758.208
SOM,3,2011,6,GLM,Estimated population living in areas at risk,8620415.121
SOM,3,2011,7,GLM,Estimated population living in areas at risk,9415050.309
SOM,3,2011,8,GLM,Estimated population living in areas at risk,8953418.495
SOM,3,2011,9,GLM,Estimated population living in areas at risk,8781379.888
SOM,3,2011,10,GLM,Estimated population living in areas at risk,8563707.38
SOM,3,2011,11,GLM,Estimated population living in areas at risk,9091696.386
SOM,3,2011,12,GLM,Estimated population living in areas at risk,8429624.648
SOM,3,2012,1,GLM,Estimated population living in areas at risk,7368288.18
SOM,3,2012,2,GLM,Estimated population living in areas at risk,6862172.182
SOM,3,2012,3,GLM,Estimated population living in areas at risk,7337269.041
SOM,3,2012,4,GLM,Estimated population living in areas at risk,8896700.2
SOM,3,2012,5,GLM,Estimated population living in areas at risk,8986198.978
SOM,3,2012,6,GLM,Estimated population living in areas at risk,8771120.272
SOM,3,2012,7,GLM,Estimated population living in areas at risk,8732588.209
SOM,3,2012,8,GLM,Estimated population living in areas at risk,8960364.569
SOM,3,2012,9,GLM,Estimated population living in areas at risk,8850296.694
SOM,3,2012,10,GLM,Estimated population living in areas at risk,8187846.095
SOM,3,2012,11,GLM,Estimated population living in areas at risk,7181500.636
SOM,3,2012,12,GLM,Estimated population living in areas at risk,6192760.145
SOM,3,2013,1,GLM,Estimated population living in areas at risk,5143267.18
SOM,3,2013,2,GLM,Estimated population living in areas at risk,4742530.944
SOM,3,2013,3,GLM,Estimated population living in areas at risk,5257757.03
SOM,3,2013,4,GLM,Estimated population living in areas at risk,5601819.364
SOM,3,2013,5,GLM,Estimated population living in areas at risk,4602918.767
SOM,3,2013,6,GLM,Estimated population living in areas at risk,3243296.628
SOM,3,2013,7,GLM,Estimated population living in areas at risk,2746939.809
SOM,3,2013,8,GLM,Estimated population living in areas at risk,3118026.507
SOM,3,2013,9,GLM,Estimated population living in areas at risk,3381326.901
SOM,3,2013,10,GLM,Estimated population living in areas at risk,3615804.112
SOM,3,2013,11,GLM,Estimated population living in areas at risk,3331661.135
SOM,3,2013,12,GLM,Estimated population living in areas at risk,3057107.151
SOM,3,2014,1,GLM,Estimated population living in areas at risk,2324218.254
SOM,3,2014,2,GLM,Estimated population living in areas at risk,2158648.938
SOM,3,2014,3,GLM,Estimated population living in areas at risk,1875784.989
SOM,3,2014,4,GLM,Estimated population living in areas at risk,1576476.229
SOM,3,2014,5,GLM,Estimated population living in areas at risk,1361054.096
SOM,3,2014,6,GLM,Estimated population living in areas at risk,1388573.361
SOM,3,2014,7,GLM,Estimated population living in areas at risk,1998306.091
SOM,3,2014,8,GLM,Estimated population living in areas at risk,2452880.33
SOM,3,2014,9,GLM,Estimated population living in areas at risk,2972168.485
SOM,3,2014,10,GLM,Estimated population living in areas at risk,3008193.592
SOM,3,2014,11,GLM,Estimated population living in areas at risk,3183596.951
SOM,3,2014,12,GLM,Estimated population living in areas at risk,3481965.606
SOM,3,2015,1,GLM,Estimated population living in areas at risk,3664075.69
SOM,3,2015,2,GLM,Estimated population living in areas at risk,4056569.918
SOM,3,2015,3,GLM,Estimated population living in areas at risk,4685040.497
SOM,3,2015,4,GLM,Estimated population living in areas at risk,5697615.73
SOM,3,2015,5,GLM,Estimated population living in areas at risk,5512621.698
SOM,3,2015,6,GLM,Estimated population living in areas at risk,4786977.569
SOM,3,2015,7,GLM,Estimated population living in areas at risk,4340658.495
SOM,3,2015,8,GLM,Estimated population living in areas at risk,4589704.525
SOM,3,2015,9,GLM,Estimated population living in areas at risk,4653780.349
SOM,3,2015,10,GLM,Estimated population living in areas at risk,5115386.806
SOM,3,2015,11,GLM,Estimated population living in areas at risk,5265943.148
SOM,3,2015,12,GLM,Estimated population living in areas at risk,5235228.184
SOM,3,2016,1,GLM,Estimated population living in areas at risk,4231328.102
SOM,3,2016,2,GLM,Estimated population living in areas at risk,3673043.477
SOM,3,2016,3,GLM,Estimated population living in areas at risk,3298067.08
SOM,3,2016,4,GLM,Estimated population living in areas at risk,3340866.82
SOM,3,2016,5,GLM,Estimated population living in areas at risk,2773724.283
SOM,3,2016,6,GLM,Estimated population living in areas at risk,2376539.811
SOM,3,2016,7,GLM,Estimated population living in areas at risk,2139745.543
SOM,3,2016,8,GLM,Estimated population living in areas at risk,2568928.264
SOM,3,2016,9,GLM,Estimated population living in areas at risk,2691476.038
SOM,3,2016,10,GLM,Estimated population living in areas at risk,2921907.825
SOM,3,2016,11,GLM,Estimated population living in areas at risk,2900983.651
SOM,3,2016,12,GLM,Estimated population living in areas at risk,3697163.59
SOM,3,2017,1,GLM,Estimated population living in areas at risk,4211781.765
SOM,3,2017,2,GLM,Estimated population living in areas at risk,4478405.262
SOM,3,2017,3,GLM,Estimated population living in areas at risk,4600368.034
SOM,3,2017,4,GLM,Estimated population living in areas at risk,5065364.653
SOM,3,2017,5,GLM,Estimated population living in areas at risk,6463662.242
SOM,3,2017,6,GLM,Estimated population living in areas at risk,7080043.844
SOM,3,2017,7,GLM,Estimated population living in areas at risk,7274142.811
SOM,3,2017,8,GLM,Estimated population living in areas at risk,6051479.912
SOM,3,2017,9,GLM,Estimated population living in areas at risk,6128859.69
SOM,3,2017,10,GLM,Estimated population living in areas at risk,6328706.446
SOM,3,2017,11,GLM,Estimated population living in areas at risk,7625940.687
SOM,3,2017,12,GLM,Estimated population living in areas at risk,7726220.258
SOM,3,2018,1,GLM,Estimated population living in areas at risk,8263887.002
SOM,3,2018,2,GLM,Estimated population living in areas at risk,8022199.249
SOM,3,2018,3,GLM,Estimated population living in areas at risk,8995807.728
SOM,3,2018,4,GLM,Estimated population living in areas at risk,9523100.976
SOM,3,2018,5,GLM,Estimated population living in areas at risk,9494149.932
SOM,3,2018,6,GLM,Estimated population living in areas at risk,7772458.971
SOM,3,2018,7,GLM,Estimated population living in areas at risk,6114366.114
SOM,3,2018,8,GLM,Estimated population living in areas at risk,5018930.868
SOM,3,2018,9,GLM,Estimated population living in areas at risk,4196122.215
SOM,3,2018,10,GLM,Estimated population living in areas at risk,4224594.876
SOM,3,2018,11,GLM,Estimated population living in areas at risk,3857579.408
SOM,3,2018,12,GLM,Estimated population living in areas at risk,4323216.43
SOM,3,2019,1,GLM,Estimated population living in areas at risk,4496009.878
SOM,3,2019,2,GLM,Estimated population living in areas at risk,4931908.914
SOM,3,2019,3,GLM,Estimated population living in areas at risk,4643036.35
SOM,3,2019,4,GLM,Estimated population living in areas at risk,4067831.635
SOM,3,2019,5,GLM,Estimated population living in areas at risk,3916001.163
SOM,3,2019,6,GLM,Estimated population living in areas at risk,4408635.19
SOM,3,2019,7,GLM,Estimated population living in areas at risk,4762643.231
SOM,3,2019,8,GLM,Estimated population living in areas at risk,4276652.681
SOM,3,2019,9,GLM,Estimated population living in areas at risk,5518974.493
SOM,3,2019,10,GLM,Estimated population living in areas at risk,7847804.798
SOM,3,2019,11,GLM,Estimated population living in areas at risk,9575058.55
SOM,3,2019,12,GLM,Estimated population living in areas at risk,8467954.357
SOM,3,2020,1,GLM,Estimated population living in areas at risk,5727147.182
SOM,3,2020,2,GLM,Estimated population living in areas at risk,4538979.723
SOM,3,2020,3,GLM,Estimated population living in areas at risk,4877266.838
SOM,3,2020,4,GLM,Estimated population living in areas at risk,5696679.22
SOM,3,2020,5,GLM,Estimated population living in areas at risk,4907381.936
SOM,3,2020,6,GLM,Estimated population living in areas at risk,3645037.616
SOM,3,2020,7,GLM,Estimated population living in areas at risk,3602434.879
SOM,3,2020,8,GLM,Estimated population living in areas at risk,4032319.173
SOM,3,2020,9,GLM,Estimated population living in areas at risk,4323210.685
SOM,3,2020,10,GLM,Estimated population living in areas at risk,3959909.486
SOM,3,2020,11,GLM,Estimated population living in areas at risk,3857893.693
SOM,3,2020,12,GLM,Estimated population living in areas at risk,3509200.651
SOM,3,2021,1,GLM,Estimated population living in areas at risk,4286561.176
SOM,3,2021,2,GLM,Estimated population living in areas at risk,3561662.822
SOM,3,2021,3,GLM,Estimated population living in areas at risk,3458009.017
SOM,3,2021,4,GLM,Estimated population living in areas at risk,2975509.965
SOM,3,2021,5,GLM,Estimated population living in areas at risk,4009000.56
SOM,3,2021,6,GLM,Estimated population living in areas at risk,4854697.249
SOM,3,2021,7,GLM,Estimated population living in areas at risk,5280233.531
SOM,3,2021,8,GLM,Estimated population living in areas at risk,5444556.05
SOM,3,2021,9,GLM,Estimated population living in areas at risk,6126289.848
SOM,3,2021,10,GLM,Estimated population living in areas at risk,6324561.435
SOM,3,2021,11,GLM,Estimated population living in areas at risk,6998076.876
SOM,3,2021,12,GLM,Estimated population living in areas at risk,7976197.401
SOM,3,2022,1,GLM,Estimated population living in areas at risk,11073533.67
SOM,3,2022,2,GLM,Estimated population living in areas at risk,13803526.16
SOM,3,2022,3,GLM,Estimated population living in areas at risk,14124591.62
SOM,3,2022,4,GLM,Estimated population living in areas at risk,12838449.29
SOM,3,2022,5,GLM,Estimated population living in areas at risk,11916350.61
SOM,3,2022,6,GLM,Estimated population living in areas at risk,13978651.99
SOM,3,2022,7,GLM,Estimated population living in areas at risk,15656178.97
SOM,3,2022,8,GLM,Estimated population living in areas at risk,16221389.35
SOM,3,2022,9,GLM,Estimated population living in areas at risk,14582255.03
SOM,3,2022,10,GLM,Estimated population living in areas at risk,13529273.07
SOM,3,2022,11,GLM,Estimated population living in areas at risk,13508571.36
SOM,3,2022,12,GLM,Estimated population living in areas at risk,14776860.49
SOM,3,2023,1,GLM,Estimated population living in areas at risk,14922662.94
SOM,3,2023,2,GLM,Estimated population living in areas at risk,14459799.45
SOM,3,2023,3,GLM,Estimated population living in areas at risk,14997249.08
SOM,3,2023,4,GLM,Estimated population living in areas at risk,16001670.24
SOM,3,2023,5,GLM,Estimated population living in areas at risk,15573578.98
SOM,3,2023,6,GLM,Estimated population living in areas at risk,13497045.9
SOM,3,2023,7,GLM,Estimated population living in areas at risk,12034768.85
SOM,3,2023,8,GLM,Estimated population living in areas at risk,11855774.88
SOM,3,2023,9,GLM,Estimated population living in areas at risk,12115632.75
SOM,3,2023,10,GLM,Estimated population living in areas at risk,13853765.24
SOM,3,2023,11,GLM,Estimated population living in areas at risk,15433640.99
SOM,3,2023,12,GLM,Estimated population living in areas at risk,14388166.86
SOM,3,2024,1,GLM,Estimated population living in areas at risk,10557076.35
SOM,3,2024,2,GLM,Estimated population living in areas at risk,6302787.182
SOM,3,2024,3,GLM,Estimated population living in areas at risk,6414330.202
SOM,3,2024,4,GLM,Estimated population living in areas at risk,6320138.327
SOM,3,2024,5,GLM,Estimated population living in areas at risk,5633642.916
SOM,3,2024,6,GLM,Estimated population living in areas at risk,2778951.431
SOM,3,2024,7,GLM,Estimated population living in areas at risk,2188583.043
SOM,3,2024,8,GLM,Estimated population living in areas at risk,3390105.015
SOM,3,2024,9,GLM,Estimated population living in areas at risk,3496406.915
SOM,3,2024,10,GLM,Estimated population living in areas at risk,3363865.432
SOM,3,2024,11,GLM,Estimated population living in areas at risk,1456887.134
SOM,3,2024,12,GLM,Estimated population living in areas at risk,1400222.074
SOM,3,2025,1,GLM,Estimated population living in areas at risk,1012323.097
SOM,3,2025,2,GLM,Estimated population living in areas at risk,950461.105
SOM,3,2025,3,GLM,Estimated population living in areas at risk,1104747.211
SOM,3,2025,4,GLM,Estimated population living in areas at risk,1988904.29
SOM,3,2025,5,GLM,Estimated population living in areas at risk,3017068.137
SOM,3,2025,6,GLM,Estimated population living in areas at risk,3030226.958
SOM,3,2025,7,GLM,Estimated population living in areas at risk,2479575.483
SOM,3,2025,8,GLM,Estimated population living in areas at risk,1861594.253
SOM,3,2025,9,GLM,Estimated population living in areas at risk,2173469.473
SOM,3,2025,10,GLM,Estimated population living in areas at risk,2400123.062
SOM,3,2025,11,GLM,Estimated population living in areas at risk,2593804.964
SOM,4,2010,1,GLM,Estimated population living in areas at risk,1913416.14
SOM,4,2010,2,GLM,Estimated population living in areas at risk,1756040.945
SOM,4,2010,3,GLM,Estimated population living in areas at risk,1540139.059
SOM,4,2010,4,GLM,Estimated population living in areas at risk,1692978.206
SOM,4,2010,5,GLM,Estimated population living in areas at risk,1435842.267
SOM,4,2010,6,GLM,Estimated population living in areas at risk,1109005.681
SOM,4,2010,7,GLM,Estimated population living in areas at risk,639252.733
SOM,4,2010,8,GLM,Estimated population living in areas at risk,563066.439
SOM,4,2010,9,GLM,Estimated population living in areas at risk,534876.543
SOM,4,2010,10,GLM,Estimated population living in areas at risk,529323.861
SOM,4,2010,11,GLM,Estimated population living in areas at risk,1052550.091
SOM,4,2010,12,GLM,Estimated population living in areas at risk,1901943.736
SOM,4,2011,1,GLM,Estimated population living in areas at risk,3667517.076
SOM,4,2011,2,GLM,Estimated population living in areas at risk,4322244.725
SOM,4,2011,3,GLM,Estimated population living in areas at risk,4248469.864
SOM,4,2011,4,GLM,Estimated population living in areas at risk,3942345.935
SOM,4,2011,5,GLM,Estimated population living in areas at risk,5050585.03
SOM,4,2011,6,GLM,Estimated population living in areas at risk,6642886.947
SOM,4,2011,7,GLM,Estimated population living in areas at risk,7490719.649
SOM,4,2011,8,GLM,Estimated population living in areas at risk,6799092.378
SOM,4,2011,9,GLM,Estimated population living in areas at risk,6494607.771
SOM,4,2011,10,GLM,Estimated population living in areas at risk,5806572.123
SOM,4,2011,11,GLM,Estimated population living in areas at risk,5207838.839
SOM,4,2011,12,GLM,Estimated population living in areas at risk,3193239.711
SOM,4,2012,1,GLM,Estimated population living in areas at risk,1429792.473
SOM,4,2012,2,GLM,Estimated population living in areas at risk,1173397.337
SOM,4,2012,3,GLM,Estimated population living in areas at risk,1008036.498
SOM,4,2012,4,GLM,Estimated population living in areas at risk,1314302.051
SOM,4,2012,5,GLM,Estimated population living in areas at risk,1356485.033
SOM,4,2012,6,GLM,Estimated population living in areas at risk,1327582.602
SOM,4,2012,7,GLM,Estimated population living in areas at risk,923106.515
SOM,4,2012,8,GLM,Estimated population living in areas at risk,739616.204
SOM,4,2012,9,GLM,Estimated population living in areas at risk,414867.897
SOM,4,2012,10,GLM,Estimated population living in areas at risk,432206.824
SOM,4,2012,11,GLM,Estimated population living in areas at risk,387853.457
SOM,4,2012,12,GLM,Estimated population living in areas at risk,386836.819
SOM,4,2013,1,GLM,Estimated population living in areas at risk,302736.884
SOM,4,2013,2,GLM,Estimated population living in areas at risk,472302.54
SOM,4,2013,3,GLM,Estimated population living in areas at risk,508476.254
SOM,4,2013,4,GLM,Estimated population living in areas at risk,516065.661
SOM,4,2013,5,GLM,Estimated population living in areas at risk,336973.91
SOM,4,2013,6,GLM,Estimated population living in areas at risk,275375.865
SOM,4,2013,7,GLM,Estimated population living in areas at risk,254150.14
SOM,4,2013,8,GLM,Estimated population living in areas at risk,254713.522
SOM,4,2013,9,GLM,Estimated population living in areas at risk,271020.043
SOM,4,2013,10,GLM,Estimated population living in areas at risk,301981.342
SOM,4,2013,11,GLM,Estimated population living in areas at risk,224494.026
SOM,4,2013,12,GLM,Estimated population living in areas at risk,148558.444
SOM,4,2014,1,GLM,Estimated population living in areas at risk,109800.339
SOM,4,2014,2,GLM,Estimated population living in areas at risk,102958.073
SOM,4,2014,3,GLM,Estimated population living in areas at risk,97366.455
SOM,4,2014,4,GLM,Estimated population living in areas at risk,41661.808
SOM,4,2014,5,GLM,Estimated population living in areas at risk,103785.012
SOM,4,2014,6,GLM,Estimated population living in areas at risk,138365.255
SOM,4,2014,7,GLM,Estimated population living in areas at risk,320453.297
SOM,4,2014,8,GLM,Estimated population living in areas at risk,471788.212
SOM,4,2014,9,GLM,Estimated population living in areas at risk,586852.112
SOM,4,2014,10,GLM,Estimated population living in areas at risk,460286.899
SOM,4,2014,11,GLM,Estimated population living in areas at risk,292002.85
SOM,4,2014,12,GLM,Estimated population living in areas at risk,207811.535
SOM,4,2015,1,GLM,Estimated population living in areas at risk,191052.337
SOM,4,2015,2,GLM,Estimated population living in areas at risk,233415.719
SOM,4,2015,3,GLM,Estimated population living in areas at risk,182045.248
SOM,4,2015,4,GLM,Estimated population living in areas at risk,144905.335
SOM,4,2015,5,GLM,Estimated population living in areas at risk,110106.61
SOM,4,2015,6,GLM,Estimated population living in areas at risk,234308.813
SOM,4,2015,7,GLM,Estimated population living in areas at risk,282981.295
SOM,4,2015,8,GLM,Estimated population living in areas at risk,325242.992
SOM,4,2015,9,GLM,Estimated population living in areas at risk,278262.815
SOM,4,2015,10,GLM,Estimated population living in areas at risk,408906.044
SOM,4,2015,11,GLM,Estimated population living in areas at risk,414968.396
SOM,4,2015,12,GLM,Estimated population living in areas at risk,443092.452
SOM,4,2016,1,GLM,Estimated population living in areas at risk,287027.951
SOM,4,2016,2,GLM,Estimated population living in areas at risk,249877.764
SOM,4,2016,3,GLM,Estimated population living in areas at risk,316143.682
SOM,4,2016,4,GLM,Estimated population living in areas at risk,407896.894
SOM,4,2016,5,GLM,Estimated population living in areas at risk,366912.156
SOM,4,2016,6,GLM,Estimated population living in areas at risk,221079.7
SOM,4,2016,7,GLM,Estimated population living in areas at risk,148908.216
SOM,4,2016,8,GLM,Estimated population living in areas at risk,239533.084
SOM,4,2016,9,GLM,Estimated population living in areas at risk,246617.309
SOM,4,2016,10,GLM,Estimated population living in areas at risk,466037.364
SOM,4,2016,11,GLM,Estimated population living in areas at risk,760465.074
SOM,4,2016,12,GLM,Estimated population living in areas at risk,975904.519
SOM,4,2017,1,GLM,Estimated population living in areas at risk,1567939.992
SOM,4,2017,2,GLM,Estimated population living in areas at risk,1913253.885
SOM,4,2017,3,GLM,Estimated population living in areas at risk,2884918.152
SOM,4,2017,4,GLM,Estimated population living in areas at risk,3593731.81
SOM,4,2017,5,GLM,Estimated population living in areas at risk,3685927.714
SOM,4,2017,6,GLM,Estimated population living in areas at risk,5605470.599
SOM,4,2017,7,GLM,Estimated population living in areas at risk,4892590.17
SOM,4,2017,8,GLM,Estimated population living in areas at risk,5691599.776
SOM,4,2017,9,GLM,Estimated population living in areas at risk,4832950.548
SOM,4,2017,10,GLM,Estimated population living in areas at risk,6022081.552
SOM,4,2017,11,GLM,Estimated population living in areas at risk,5739399.74
SOM,4,2017,12,GLM,Estimated population living in areas at risk,4272076.645
SOM,4,2018,1,GLM,Estimated population living in areas at risk,3289741.512
SOM,4,2018,2,GLM,Estimated population living in areas at risk,2708367.668
SOM,4,2018,3,GLM,Estimated population living in areas at risk,2773980.18
SOM,4,2018,4,GLM,Estimated population living in areas at risk,3329586.485
SOM,4,2018,5,GLM,Estimated population living in areas at risk,3200181.215
SOM,4,2018,6,GLM,Estimated population living in areas at risk,2605582.319
SOM,4,2018,7,GLM,Estimated population living in areas at risk,1452140.253
SOM,4,2018,8,GLM,Estimated population living in areas at risk,1052444.684
SOM,4,2018,9,GLM,Estimated population living in areas at risk,950352.641
SOM,4,2018,10,GLM,Estimated population living in areas at risk,866914.388
SOM,4,2018,11,GLM,Estimated population living in areas at risk,858422.123
SOM,4,2018,12,GLM,Estimated population living in areas at risk,1049699.732
SOM,4,2019,1,GLM,Estimated population living in areas at risk,1108607.659
SOM,4,2019,2,GLM,Estimated population living in areas at risk,1218944.777
SOM,4,2019,3,GLM,Estimated population living in areas at risk,1136721.155
SOM,4,2019,4,GLM,Estimated population living in areas at risk,1199300.147
SOM,4,2019,5,GLM,Estimated population living in areas at risk,1733891.399
SOM,4,2019,6,GLM,Estimated population living in areas at risk,1818685.095
SOM,4,2019,7,GLM,Estimated population living in areas at risk,2279524.904
SOM,4,2019,8,GLM,Estimated population living in areas at risk,2729112.324
SOM,4,2019,9,GLM,Estimated population living in areas at risk,2889190.776
SOM,4,2019,10,GLM,Estimated population living in areas at risk,3739496.269
SOM,4,2019,11,GLM,Estimated population living in areas at risk,3409563.524
SOM,4,2019,12,GLM,Estimated population living in areas at risk,3310636.623
SOM,4,2020,1,GLM,Estimated population living in areas at risk,2057956.46
SOM,4,2020,2,GLM,Estimated population living in areas at risk,1641926.372
SOM,4,2020,3,GLM,Estimated population living in areas at risk,1446103.076
SOM,4,2020,4,GLM,Estimated population living in areas at risk,1405814.886
SOM,4,2020,5,GLM,Estimated population living in areas at risk,820569.347
SOM,4,2020,6,GLM,Estimated population living in areas at risk,939440.254
SOM,4,2020,7,GLM,Estimated population living in areas at risk,1119251.953
SOM,4,2020,8,GLM,Estimated population living in areas at risk,1204253.111
SOM,4,2020,9,GLM,Estimated population living in areas at risk,920139.89
SOM,4,2020,10,GLM,Estimated population living in areas at risk,580187.768
SOM,4,2020,11,GLM,Estimated population living in areas at risk,386113.969
SOM,4,2020,12,GLM,Estimated population living in areas at risk,228998.04
SOM,4,2021,1,GLM,Estimated population living in areas at risk,119353.269
SOM,4,2021,2,GLM,Estimated population living in areas at risk,160934.146
SOM,4,2021,3,GLM,Estimated population living in areas at risk,184717.875
SOM,4,2021,4,GLM,Estimated population living in areas at risk,299574.637
SOM,4,2021,5,GLM,Estimated population living in areas at risk,491323.457
SOM,4,2021,6,GLM,Estimated population living in areas at risk,595969.235
SOM,4,2021,7,GLM,Estimated population living in areas at risk,788499.742
SOM,4,2021,8,GLM,Estimated population living in areas at risk,752537.358
SOM,4,2021,9,GLM,Estimated population living in areas at risk,808099.64
SOM,4,2021,10,GLM,Estimated population living in areas at risk,879245.174
SOM,4,2021,11,GLM,Estimated population living in areas at risk,1094418.614
SOM,4,2021,12,GLM,Estimated population living in areas at risk,1486435.501
SOM,4,2022,1,GLM,Estimated population living in areas at risk,1616097.924
SOM,4,2022,2,GLM,Estimated population living in areas at risk,1748584.695
SOM,4,2022,3,GLM,Estimated population living in areas at risk,3353026.292
SOM,4,2022,4,GLM,Estimated population living in areas at risk,5264783.952
SOM,4,2022,5,GLM,Estimated population living in areas at risk,7704893.601
SOM,4,2022,6,GLM,Estimated population living in areas at risk,10252559.34
SOM,4,2022,7,GLM,Estimated population living in areas at risk,10967901.76
SOM,4,2022,8,GLM,Estimated population living in areas at risk,10253128.02
SOM,4,2022,9,GLM,Estimated population living in areas at risk,7568812.843
SOM,4,2022,10,GLM,Estimated population living in areas at risk,6461071.516
SOM,4,2022,11,GLM,Estimated population living in areas at risk,5830573.602
SOM,4,2022,12,GLM,Estimated population living in areas at risk,5799941.901
SOM,4,2023,1,GLM,Estimated population living in areas at risk,6836704.815
SOM,4,2023,2,GLM,Estimated population living in areas at risk,7386690.762
SOM,4,2023,3,GLM,Estimated population living in areas at risk,7147651.029
SOM,4,2023,4,GLM,Estimated population living in areas at risk,5855885.365
SOM,4,2023,5,GLM,Estimated population living in areas at risk,5561761.948
SOM,4,2023,6,GLM,Estimated population living in areas at risk,5159604.448
SOM,4,2023,7,GLM,Estimated population living in areas at risk,4476760.46
SOM,4,2023,8,GLM,Estimated population living in areas at risk,3505215.705
SOM,4,2023,9,GLM,Estimated population living in areas at risk,2431310.687
SOM,4,2023,10,GLM,Estimated population living in areas at risk,3674526.672
SOM,4,2023,11,GLM,Estimated population living in areas at risk,4094629.991
SOM,4,2023,12,GLM,Estimated population living in areas at risk,3589188.525
SOM,4,2024,1,GLM,Estimated population living in areas at risk,1511398.957
SOM,4,2024,2,GLM,Estimated population living in areas at risk,240949.572
SOM,4,2024,3,GLM,Estimated population living in areas at risk,272295.673
SOM,4,2024,4,GLM,Estimated population living in areas at risk,149518.9
SOM,4,2024,5,GLM,Estimated population living in areas at risk,121272.934
SOM,4,2024,6,GLM,Estimated population living in areas at risk,75797.744
SOM,4,2024,7,GLM,Estimated population living in areas at risk,107311.305
SOM,4,2024,8,GLM,Estimated population living in areas at risk,172347.217
SOM,4,2024,9,GLM,Estimated population living in areas at risk,171246.874
SOM,4,2024,10,GLM,Estimated population living in areas at risk,140369.115
SOM,4,2024,11,GLM,Estimated population living in areas at risk,86876.994
SOM,4,2024,12,GLM,Estimated population living in areas at risk,92827.036
SOM,4,2025,1,GLM,Estimated population living in areas at risk,111073.429
SOM,4,2025,2,GLM,Estimated population living in areas at risk,417846.995
SOM,4,2025,3,GLM,Estimated population living in areas at risk,497398.38
SOM,4,2025,4,GLM,Estimated population living in areas at risk,546231.293
SOM,4,2025,5,GLM,Estimated population living in areas at risk,503312.763
SOM,4,2025,6,GLM,Estimated population living in areas at risk,577024.603
SOM,4,2025,7,GLM,Estimated population living in areas at risk,915336.74
SOM,4,2025,8,GLM,Estimated population living in areas at risk,1008533.17
SOM,4,2025,9,GLM,Estimated population living in areas at risk,1218369.81
SOM,4,2025,10,GLM,Estimated population living in areas at risk,1118257.284
SOM,4,2025,11,GLM,Estimated population living in areas at risk,1096094.461
SOM,3,2010,1,GLM,Percentage of population living in areas at risk,0.391
SOM,3,2010,2,GLM,Percentage of population living in areas at risk,0.3842
SOM,3,2010,3,GLM,Percentage of population living in areas at risk,0.3608
SOM,3,2010,4,GLM,Percentage of population living in areas at risk,0.417
SOM,3,2010,5,GLM,Percentage of population living in areas at risk,0.38
SOM,3,2010,6,GLM,Percentage of population living in areas at risk,0.3394
SOM,3,2010,7,GLM,Percentage of population living in areas at risk,0.3171
SOM,3,2010,8,GLM,Percentage of population living in areas at risk,0.3086
SOM,3,2010,9,GLM,Percentage of population living in areas at risk,0.2764
SOM,3,2010,10,GLM,Percentage of population living in areas at risk,0.1981
SOM,3,2010,11,GLM,Percentage of population living in areas at risk,0.1766
SOM,3,2010,12,GLM,Percentage of population living in areas at risk,0.2366
SOM,3,2011,1,GLM,Percentage of population living in areas at risk,0.3186
SOM,3,2011,2,GLM,Percentage of population living in areas at risk,0.3741
SOM,3,2011,3,GLM,Percentage of population living in areas at risk,0.4595
SOM,3,2011,4,GLM,Percentage of population living in areas at risk,0.5173
SOM,3,2011,5,GLM,Percentage of population living in areas at risk,0.6335
SOM,3,2011,6,GLM,Percentage of population living in areas at risk,0.7036
SOM,3,2011,7,GLM,Percentage of population living in areas at risk,0.7684
SOM,3,2011,8,GLM,Percentage of population living in areas at risk,0.7308
SOM,3,2011,9,GLM,Percentage of population living in areas at risk,0.7167
SOM,3,2011,10,GLM,Percentage of population living in areas at risk,0.6989
SOM,3,2011,11,GLM,Percentage of population living in areas at risk,0.742
SOM,3,2011,12,GLM,Percentage of population living in areas at risk,0.688
SOM,3,2012,1,GLM,Percentage of population living in areas at risk,0.5855
SOM,3,2012,2,GLM,Percentage of population living in areas at risk,0.5453
SOM,3,2012,3,GLM,Percentage of population living in areas at risk,0.583
SOM,3,2012,4,GLM,Percentage of population living in areas at risk,0.707
SOM,3,2012,5,GLM,Percentage of population living in areas at risk,0.7141
SOM,3,2012,6,GLM,Percentage of population living in areas at risk,0.697
SOM,3,2012,7,GLM,Percentage of population living in areas at risk,0.6939
SOM,3,2012,8,GLM,Percentage of population living in areas at risk,0.712
SOM,3,2012,9,GLM,Percentage of population living in areas at risk,0.7033
SOM,3,2012,10,GLM,Percentage of population living in areas at risk,0.6506
SOM,3,2012,11,GLM,Percentage of population living in areas at risk,0.5707
SOM,3,2012,12,GLM,Percentage of population living in areas at risk,0.4921
SOM,3,2013,1,GLM,Percentage of population living in areas at risk,0.3978
SOM,3,2013,2,GLM,Percentage of population living in areas at risk,0.3668
SOM,3,2013,3,GLM,Percentage of population living in areas at risk,0.4067
SOM,3,2013,4,GLM,Percentage of population living in areas at risk,0.4333
SOM,3,2013,5,GLM,Percentage of population living in areas at risk,0.356
SOM,3,2013,6,GLM,Percentage of population living in areas at risk,0.2509
SOM,3,2013,7,GLM,Percentage of population living in areas at risk,0.2125
SOM,3,2013,8,GLM,Percentage of population living in areas at risk,0.2412
SOM,3,2013,9,GLM,Percentage of population living in areas at risk,0.2615
SOM,3,2013,10,GLM,Percentage of population living in areas at risk,0.2797
SOM,3,2013,11,GLM,Percentage of population living in areas at risk,0.2577
SOM,3,2013,12,GLM,Percentage of population living in areas at risk,0.2365
SOM,3,2014,1,GLM,Percentage of population living in areas at risk,0.1749
SOM,3,2014,2,GLM,Percentage of population living in areas at risk,0.1625
SOM,3,2014,3,GLM,Percentage of population living in areas at risk,0.1412
SOM,3,2014,4,GLM,Percentage of population living in areas at risk,0.1186
SOM,3,2014,5,GLM,Percentage of population living in areas at risk,0.1024
SOM,3,2014,6,GLM,Percentage of population living in areas at risk,0.1045
SOM,3,2014,7,GLM,Percentage of population living in areas at risk,0.1504
SOM,3,2014,8,GLM,Percentage of population living in areas at risk,0.1846
SOM,3,2014,9,GLM,Percentage of population living in areas at risk,0.2237
SOM,3,2014,10,GLM,Percentage of population living in areas at risk,0.2264
SOM,3,2014,11,GLM,Percentage of population living in areas at risk,0.2396
SOM,3,2014,12,GLM,Percentage of population living in areas at risk,0.262
SOM,3,2015,1,GLM,Percentage of population living in areas at risk,0.2734
SOM,3,2015,2,GLM,Percentage of population living in areas at risk,0.3027
SOM,3,2015,3,GLM,Percentage of population living in areas at risk,0.3496
SOM,3,2015,4,GLM,Percentage of population living in areas at risk,0.4251
SOM,3,2015,5,GLM,Percentage of population living in areas at risk,0.4113
SOM,3,2015,6,GLM,Percentage of population living in areas at risk,0.3572
SOM,3,2015,7,GLM,Percentage of population living in areas at risk,0.3239
SOM,3,2015,8,GLM,Percentage of population living in areas at risk,0.3425
SOM,3,2015,9,GLM,Percentage of population living in areas at risk,0.3473
SOM,3,2015,10,GLM,Percentage of population living in areas at risk,0.3817
SOM,3,2015,11,GLM,Percentage of population living in areas at risk,0.3929
SOM,3,2015,12,GLM,Percentage of population living in areas at risk,0.3906
SOM,3,2016,1,GLM,Percentage of population living in areas at risk,0.3053
SOM,3,2016,2,GLM,Percentage of population living in areas at risk,0.265
SOM,3,2016,3,GLM,Percentage of population living in areas at risk,0.238
SOM,3,2016,4,GLM,Percentage of population living in areas at risk,0.2411
SOM,3,2016,5,GLM,Percentage of population living in areas at risk,0.2001
SOM,3,2016,6,GLM,Percentage of population living in areas at risk,0.1715
SOM,3,2016,7,GLM,Percentage of population living in areas at risk,0.1544
SOM,3,2016,8,GLM,Percentage of population living in areas at risk,0.1854
SOM,3,2016,9,GLM,Percentage of population living in areas at risk,0.1942
SOM,3,2016,10,GLM,Percentage of population living in areas at risk,0.2108
SOM,3,2016,11,GLM,Percentage of population living in areas at risk,0.2093
SOM,3,2016,12,GLM,Percentage of population living in areas at risk,0.2668
SOM,3,2017,1,GLM,Percentage of population living in areas at risk,0.2911
SOM,3,2017,2,GLM,Percentage of population living in areas at risk,0.3095
SOM,3,2017,3,GLM,Percentage of population living in areas at risk,0.3179
SOM,3,2017,4,GLM,Percentage of population living in areas at risk,0.3501
SOM,3,2017,5,GLM,Percentage of population living in areas at risk,0.4467
SOM,3,2017,6,GLM,Percentage of population living in areas at risk,0.4893
SOM,3,2017,7,GLM,Percentage of population living in areas at risk,0.5027
SOM,3,2017,8,GLM,Percentage of population living in areas at risk,0.4182
SOM,3,2017,9,GLM,Percentage of population living in areas at risk,0.4236
SOM,3,2017,10,GLM,Percentage of population living in areas at risk,0.4374
SOM,3,2017,11,GLM,Percentage of population living in areas at risk,0.527
SOM,3,2017,12,GLM,Percentage of population living in areas at risk,0.534
SOM,3,2018,1,GLM,Percentage of population living in areas at risk,0.5517
SOM,3,2018,2,GLM,Percentage of population living in areas at risk,0.5356
SOM,3,2018,3,GLM,Percentage of population living in areas at risk,0.6006
SOM,3,2018,4,GLM,Percentage of population living in areas at risk,0.6358
SOM,3,2018,5,GLM,Percentage of population living in areas at risk,0.6338
SOM,3,2018,6,GLM,Percentage of population living in areas at risk,0.5189
SOM,3,2018,7,GLM,Percentage of population living in areas at risk,0.4082
SOM,3,2018,8,GLM,Percentage of population living in areas at risk,0.3351
SOM,3,2018,9,GLM,Percentage of population living in areas at risk,0.2801
SOM,3,2018,10,GLM,Percentage of population living in areas at risk,0.282
SOM,3,2018,11,GLM,Percentage of population living in areas at risk,0.2575
SOM,3,2018,12,GLM,Percentage of population living in areas at risk,0.2886
SOM,3,2019,1,GLM,Percentage of population living in areas at risk,0.2896
SOM,3,2019,2,GLM,Percentage of population living in areas at risk,0.3177
SOM,3,2019,3,GLM,Percentage of population living in areas at risk,0.299
SOM,3,2019,4,GLM,Percentage of population living in areas at risk,0.262
SOM,3,2019,5,GLM,Percentage of population living in areas at risk,0.2522
SOM,3,2019,6,GLM,Percentage of population living in areas at risk,0.2839
SOM,3,2019,7,GLM,Percentage of population living in areas at risk,0.3067
SOM,3,2019,8,GLM,Percentage of population living in areas at risk,0.2754
SOM,3,2019,9,GLM,Percentage of population living in areas at risk,0.3555
SOM,3,2019,10,GLM,Percentage of population living in areas at risk,0.5055
SOM,3,2019,11,GLM,Percentage of population living in areas at risk,0.6167
SOM,3,2019,12,GLM,Percentage of population living in areas at risk,0.5454
SOM,3,2020,1,GLM,Percentage of population living in areas at risk,0.3553
SOM,3,2020,2,GLM,Percentage of population living in areas at risk,0.2816
SOM,3,2020,3,GLM,Percentage of population living in areas at risk,0.3026
SOM,3,2020,4,GLM,Percentage of population living in areas at risk,0.3534
SOM,3,2020,5,GLM,Percentage of population living in areas at risk,0.3044
SOM,3,2020,6,GLM,Percentage of population living in areas at risk,0.2261
SOM,3,2020,7,GLM,Percentage of population living in areas at risk,0.2235
SOM,3,2020,8,GLM,Percentage of population living in areas at risk,0.2501
SOM,3,2020,9,GLM,Percentage of population living in areas at risk,0.2682
SOM,3,2020,10,GLM,Percentage of population living in areas at risk,0.2457
SOM,3,2020,11,GLM,Percentage of population living in areas at risk,0.2393
SOM,3,2020,12,GLM,Percentage of population living in areas at risk,0.2177
SOM,3,2021,1,GLM,Percentage of population living in areas at risk,0.2559
SOM,3,2021,2,GLM,Percentage of population living in areas at risk,0.2126
SOM,3,2021,3,GLM,Percentage of population living in areas at risk,0.2065
SOM,3,2021,4,GLM,Percentage of population living in areas at risk,0.1776
SOM,3,2021,5,GLM,Percentage of population living in areas at risk,0.2394
SOM,3,2021,6,GLM,Percentage of population living in areas at risk,0.2898
SOM,3,2021,7,GLM,Percentage of population living in areas at risk,0.3152
SOM,3,2021,8,GLM,Percentage of population living in areas at risk,0.3251
SOM,3,2021,9,GLM,Percentage of population living in areas at risk,0.3658
SOM,3,2021,10,GLM,Percentage of population living in areas at risk,0.3776
SOM,3,2021,11,GLM,Percentage of population living in areas at risk,0.4178
SOM,3,2021,12,GLM,Percentage of population living in areas at risk,0.4762
SOM,3,2022,1,GLM,Percentage of population living in areas at risk,0.6385
SOM,3,2022,2,GLM,Percentage of population living in areas at risk,0.7959
SOM,3,2022,3,GLM,Percentage of population living in areas at risk,0.8144
SOM,3,2022,4,GLM,Percentage of population living in areas at risk,0.7403
SOM,3,2022,5,GLM,Percentage of population living in areas at risk,0.6871
SOM,3,2022,6,GLM,Percentage of population living in areas at risk,0.806
SOM,3,2022,7,GLM,Percentage of population living in areas at risk,0.9027
SOM,3,2022,8,GLM,Percentage of population living in areas at risk,0.9353
SOM,3,2022,9,GLM,Percentage of population living in areas at risk,0.8408
SOM,3,2022,10,GLM,Percentage of population living in areas at risk,0.7801
SOM,3,2022,11,GLM,Percentage of population living in areas at risk,0.7789
SOM,3,2022,12,GLM,Percentage of population living in areas at risk,0.852
SOM,3,2023,1,GLM,Percentage of population living in areas at risk,0.8386
SOM,3,2023,2,GLM,Percentage of population living in areas at risk,0.8126
SOM,3,2023,3,GLM,Percentage of population living in areas at risk,0.8428
SOM,3,2023,4,GLM,Percentage of population living in areas at risk,0.8992
SOM,3,2023,5,GLM,Percentage of population living in areas at risk,0.8752
SOM,3,2023,6,GLM,Percentage of population living in areas at risk,0.7585
SOM,3,2023,7,GLM,Percentage of population living in areas at risk,0.6763
SOM,3,2023,8,GLM,Percentage of population living in areas at risk,0.6662
SOM,3,2023,9,GLM,Percentage of population living in areas at risk,0.6808
SOM,3,2023,10,GLM,Percentage of population living in areas at risk,0.7785
SOM,3,2023,11,GLM,Percentage of population living in areas at risk,0.8673
SOM,3,2023,12,GLM,Percentage of population living in areas at risk,0.8085
SOM,3,2024,1,GLM,Percentage of population living in areas at risk,0.5725
SOM,3,2024,2,GLM,Percentage of population living in areas at risk,0.3418
SOM,3,2024,3,GLM,Percentage of population living in areas at risk,0.3478
SOM,3,2024,4,GLM,Percentage of population living in areas at risk,0.3427
SOM,3,2024,5,GLM,Percentage of population living in areas at risk,0.3055
SOM,3,2024,6,GLM,Percentage of population living in areas at risk,0.1507
SOM,3,2024,7,GLM,Percentage of population living in areas at risk,0.1187
SOM,3,2024,8,GLM,Percentage of population living in areas at risk,0.1838
SOM,3,2024,9,GLM,Percentage of population living in areas at risk,0.1896
SOM,3,2024,10,GLM,Percentage of population living in areas at risk,0.1824
SOM,3,2024,11,GLM,Percentage of population living in areas at risk,0.079
SOM,3,2024,12,GLM,Percentage of population living in areas at risk,0.0759
SOM,3,2025,1,GLM,Percentage of population living in areas at risk,0.0531
SOM,3,2025,2,GLM,Percentage of population living in areas at risk,0.0498
SOM,3,2025,3,GLM,Percentage of population living in areas at risk,0.0579
SOM,3,2025,4,GLM,Percentage of population living in areas at risk,0.1043
SOM,3,2025,5,GLM,Percentage of population living in areas at risk,0.1581
SOM,3,2025,6,GLM,Percentage of population living in areas at risk,0.1588
SOM,3,2025,7,GLM,Percentage of population living in areas at risk,0.13
SOM,3,2025,8,GLM,Percentage of population living in areas at risk,0.0976
SOM,3,2025,9,GLM,Percentage of population living in areas at risk,0.1139
SOM,3,2025,10,GLM,Percentage of population living in areas at risk,0.1258
SOM,3,2025,11,GLM,Percentage of population living in areas at risk,0.136
SOM,4,2010,1,GLM,Percentage of population living in areas at risk,0.1605
SOM,4,2010,2,GLM,Percentage of population living in areas at risk,0.1473
SOM,4,2010,3,GLM,Percentage of population living in areas at risk,0.1292
SOM,4,2010,4,GLM,Percentage of population living in areas at risk,0.142
SOM,4,2010,5,GLM,Percentage of population living in areas at risk,0.1205
SOM,4,2010,6,GLM,Percentage of population living in areas at risk,0.0931
SOM,4,2010,7,GLM,Percentage of population living in areas at risk,0.0536
SOM,4,2010,8,GLM,Percentage of population living in areas at risk,0.0472
SOM,4,2010,9,GLM,Percentage of population living in areas at risk,0.0449
SOM,4,2010,10,GLM,Percentage of population living in areas at risk,0.0444
SOM,4,2010,11,GLM,Percentage of population living in areas at risk,0.0883
SOM,4,2010,12,GLM,Percentage of population living in areas at risk,0.1596
SOM,4,2011,1,GLM,Percentage of population living in areas at risk,0.2993
SOM,4,2011,2,GLM,Percentage of population living in areas at risk,0.3528
SOM,4,2011,3,GLM,Percentage of population living in areas at risk,0.3467
SOM,4,2011,4,GLM,Percentage of population living in areas at risk,0.3218
SOM,4,2011,5,GLM,Percentage of population living in areas at risk,0.4122
SOM,4,2011,6,GLM,Percentage of population living in areas at risk,0.5422
SOM,4,2011,7,GLM,Percentage of population living in areas at risk,0.6114
SOM,4,2011,8,GLM,Percentage of population living in areas at risk,0.5549
SOM,4,2011,9,GLM,Percentage of population living in areas at risk,0.5301
SOM,4,2011,10,GLM,Percentage of population living in areas at risk,0.4739
SOM,4,2011,11,GLM,Percentage of population living in areas at risk,0.425
SOM,4,2011,12,GLM,Percentage of population living in areas at risk,0.2606
SOM,4,2012,1,GLM,Percentage of population living in areas at risk,0.1136
SOM,4,2012,2,GLM,Percentage of population living in areas at risk,0.0932
SOM,4,2012,3,GLM,Percentage of population living in areas at risk,0.0801
SOM,4,2012,4,GLM,Percentage of population living in areas at risk,0.1044
SOM,4,2012,5,GLM,Percentage of population living in areas at risk,0.1078
SOM,4,2012,6,GLM,Percentage of population living in areas at risk,0.1055
SOM,4,2012,7,GLM,Percentage of population living in areas at risk,0.0734
SOM,4,2012,8,GLM,Percentage of population living in areas at risk,0.0588
SOM,4,2012,9,GLM,Percentage of population living in areas at risk,0.033
SOM,4,2012,10,GLM,Percentage of population living in areas at risk,0.0343
SOM,4,2012,11,GLM,Percentage of population living in areas at risk,0.0308
SOM,4,2012,12,GLM,Percentage of population living in areas at risk,0.0307
SOM,4,2013,1,GLM,Percentage of population living in areas at risk,0.0234
SOM,4,2013,2,GLM,Percentage of population living in areas at risk,0.0365
SOM,4,2013,3,GLM,Percentage of population living in areas at risk,0.0393
SOM,4,2013,4,GLM,Percentage of population living in areas at risk,0.0399
SOM,4,2013,5,GLM,Percentage of population living in areas at risk,0.0261
SOM,4,2013,6,GLM,Percentage of population living in areas at risk,0.0213
SOM,4,2013,7,GLM,Percentage of population living in areas at risk,0.0197
SOM,4,2013,8,GLM,Percentage of population living in areas at risk,0.0197
SOM,4,2013,9,GLM,Percentage of population living in areas at risk,0.021
SOM,4,2013,10,GLM,Percentage of population living in areas at risk,0.0234
SOM,4,2013,11,GLM,Percentage of population living in areas at risk,0.0174
SOM,4,2013,12,GLM,Percentage of population living in areas at risk,0.0115
SOM,4,2014,1,GLM,Percentage of population living in areas at risk,0.0083
SOM,4,2014,2,GLM,Percentage of population living in areas at risk,0.0077
SOM,4,2014,3,GLM,Percentage of population living in areas at risk,0.0073
SOM,4,2014,4,GLM,Percentage of population living in areas at risk,0.0031
SOM,4,2014,5,GLM,Percentage of population living in areas at risk,0.0078
SOM,4,2014,6,GLM,Percentage of population living in areas at risk,0.0104
SOM,4,2014,7,GLM,Percentage of population living in areas at risk,0.0241
SOM,4,2014,8,GLM,Percentage of population living in areas at risk,0.0355
SOM,4,2014,9,GLM,Percentage of population living in areas at risk,0.0442
SOM,4,2014,10,GLM,Percentage of population living in areas at risk,0.0346
SOM,4,2014,11,GLM,Percentage of population living in areas at risk,0.022
SOM,4,2014,12,GLM,Percentage of population living in areas at risk,0.0156
SOM,4,2015,1,GLM,Percentage of population living in areas at risk,0.0143
SOM,4,2015,2,GLM,Percentage of population living in areas at risk,0.0174
SOM,4,2015,3,GLM,Percentage of population living in areas at risk,0.0136
SOM,4,2015,4,GLM,Percentage of population living in areas at risk,0.0108
SOM,4,2015,5,GLM,Percentage of population living in areas at risk,0.0082
SOM,4,2015,6,GLM,Percentage of population living in areas at risk,0.0175
SOM,4,2015,7,GLM,Percentage of population living in areas at risk,0.0211
SOM,4,2015,8,GLM,Percentage of population living in areas at risk,0.0243
SOM,4,2015,9,GLM,Percentage of population living in areas at risk,0.0208
SOM,4,2015,10,GLM,Percentage of population living in areas at risk,0.0305
SOM,4,2015,11,GLM,Percentage of population living in areas at risk,0.031
SOM,4,2015,12,GLM,Percentage of population living in areas at risk,0.0331
SOM,4,2016,1,GLM,Percentage of population living in areas at risk,0.0207
SOM,4,2016,2,GLM,Percentage of population living in areas at risk,0.018
SOM,4,2016,3,GLM,Percentage of population living in areas at risk,0.0228
SOM,4,2016,4,GLM,Percentage of population living in areas at risk,0.0294
SOM,4,2016,5,GLM,Percentage of population living in areas at risk,0.0265
SOM,4,2016,6,GLM,Percentage of population living in areas at risk,0.016
SOM,4,2016,7,GLM,Percentage of population living in areas at risk,0.0107
SOM,4,2016,8,GLM,Percentage of population living in areas at risk,0.0173
SOM,4,2016,9,GLM,Percentage of population living in areas at risk,0.0178
SOM,4,2016,10,GLM,Percentage of population living in areas at risk,0.0336
SOM,4,2016,11,GLM,Percentage of population living in areas at risk,0.0549
SOM,4,2016,12,GLM,Percentage of population living in areas at risk,0.0704
SOM,4,2017,1,GLM,Percentage of population living in areas at risk,0.1084
SOM,4,2017,2,GLM,Percentage of population living in areas at risk,0.1322
SOM,4,2017,3,GLM,Percentage of population living in areas at risk,0.1994
SOM,4,2017,4,GLM,Percentage of population living in areas at risk,0.2484
SOM,4,2017,5,GLM,Percentage of population living in areas at risk,0.2547
SOM,4,2017,6,GLM,Percentage of population living in areas at risk,0.3874
SOM,4,2017,7,GLM,Percentage of population living in areas at risk,0.3381
SOM,4,2017,8,GLM,Percentage of population living in areas at risk,0.3933
SOM,4,2017,9,GLM,Percentage of population living in areas at risk,0.334
SOM,4,2017,10,GLM,Percentage of population living in areas at risk,0.4162
SOM,4,2017,11,GLM,Percentage of population living in areas at risk,0.3967
SOM,4,2017,12,GLM,Percentage of population living in areas at risk,0.2952
SOM,4,2018,1,GLM,Percentage of population living in areas at risk,0.2196
SOM,4,2018,2,GLM,Percentage of population living in areas at risk,0.1808
SOM,4,2018,3,GLM,Percentage of population living in areas at risk,0.1852
SOM,4,2018,4,GLM,Percentage of population living in areas at risk,0.2223
SOM,4,2018,5,GLM,Percentage of population living in areas at risk,0.2136
SOM,4,2018,6,GLM,Percentage of population living in areas at risk,0.174
SOM,4,2018,7,GLM,Percentage of population living in areas at risk,0.0969
SOM,4,2018,8,GLM,Percentage of population living in areas at risk,0.0703
SOM,4,2018,9,GLM,Percentage of population living in areas at risk,0.0634
SOM,4,2018,10,GLM,Percentage of population living in areas at risk,0.0579
SOM,4,2018,11,GLM,Percentage of population living in areas at risk,0.0573
SOM,4,2018,12,GLM,Percentage of population living in areas at risk,0.0701
SOM,4,2019,1,GLM,Percentage of population living in areas at risk,0.0714
SOM,4,2019,2,GLM,Percentage of population living in areas at risk,0.0785
SOM,4,2019,3,GLM,Percentage of population living in areas at risk,0.0732
SOM,4,2019,4,GLM,Percentage of population living in areas at risk,0.0772
SOM,4,2019,5,GLM,Percentage of population living in areas at risk,0.1117
SOM,4,2019,6,GLM,Percentage of population living in areas at risk,0.1171
SOM,4,2019,7,GLM,Percentage of population living in areas at risk,0.1468
SOM,4,2019,8,GLM,Percentage of population living in areas at risk,0.1758
SOM,4,2019,9,GLM,Percentage of population living in areas at risk,0.1861
SOM,4,2019,10,GLM,Percentage of population living in areas at risk,0.2409
SOM,4,2019,11,GLM,Percentage of population living in areas at risk,0.2196
SOM,4,2019,12,GLM,Percentage of population living in areas at risk,0.2132
SOM,4,2020,1,GLM,Percentage of population living in areas at risk,0.1277
SOM,4,2020,2,GLM,Percentage of population living in areas at risk,0.1019
SOM,4,2020,3,GLM,Percentage of population living in areas at risk,0.0897
SOM,4,2020,4,GLM,Percentage of population living in areas at risk,0.0872
SOM,4,2020,5,GLM,Percentage of population living in areas at risk,0.0509
SOM,4,2020,6,GLM,Percentage of population living in areas at risk,0.0583
SOM,4,2020,7,GLM,Percentage of population living in areas at risk,0.0694
SOM,4,2020,8,GLM,Percentage of population living in areas at risk,0.0747
SOM,4,2020,9,GLM,Percentage of population living in areas at risk,0.0571
SOM,4,2020,10,GLM,Percentage of population living in areas at risk,0.036
SOM,4,2020,11,GLM,Percentage of population living in areas at risk,0.024
SOM,4,2020,12,GLM,Percentage of population living in areas at risk,0.0142
SOM,4,2021,1,GLM,Percentage of population living in areas at risk,0.0071
SOM,4,2021,2,GLM,Percentage of population living in areas at risk,0.0096
SOM,4,2021,3,GLM,Percentage of population living in areas at risk,0.011
SOM,4,2021,4,GLM,Percentage of population living in areas at risk,0.0179
SOM,4,2021,5,GLM,Percentage of population living in areas at risk,0.0293
SOM,4,2021,6,GLM,Percentage of population living in areas at risk,0.0356
SOM,4,2021,7,GLM,Percentage of population living in areas at risk,0.0471
SOM,4,2021,8,GLM,Percentage of population living in areas at risk,0.0449
SOM,4,2021,9,GLM,Percentage of population living in areas at risk,0.0482
SOM,4,2021,10,GLM,Percentage of population living in areas at risk,0.0525
SOM,4,2021,11,GLM,Percentage of population living in areas at risk,0.0653
SOM,4,2021,12,GLM,Percentage of population living in areas at risk,0.0887
SOM,4,2022,1,GLM,Percentage of population living in areas at risk,0.0932
SOM,4,2022,2,GLM,Percentage of population living in areas at risk,0.1008
SOM,4,2022,3,GLM,Percentage of population living in areas at risk,0.1933
SOM,4,2022,4,GLM,Percentage of population living in areas at risk,0.3036
SOM,4,2022,5,GLM,Percentage of population living in areas at risk,0.4443
SOM,4,2022,6,GLM,Percentage of population living in areas at risk,0.5912
SOM,4,2022,7,GLM,Percentage of population living in areas at risk,0.6324
SOM,4,2022,8,GLM,Percentage of population living in areas at risk,0.5912
SOM,4,2022,9,GLM,Percentage of population living in areas at risk,0.4364
SOM,4,2022,10,GLM,Percentage of population living in areas at risk,0.3725
SOM,4,2022,11,GLM,Percentage of population living in areas at risk,0.3362
SOM,4,2022,12,GLM,Percentage of population living in areas at risk,0.3344
SOM,4,2023,1,GLM,Percentage of population living in areas at risk,0.3842
SOM,4,2023,2,GLM,Percentage of population living in areas at risk,0.4151
SOM,4,2023,3,GLM,Percentage of population living in areas at risk,0.4017
SOM,4,2023,4,GLM,Percentage of population living in areas at risk,0.3291
SOM,4,2023,5,GLM,Percentage of population living in areas at risk,0.3125
SOM,4,2023,6,GLM,Percentage of population living in areas at risk,0.2899
SOM,4,2023,7,GLM,Percentage of population living in areas at risk,0.2516
SOM,4,2023,8,GLM,Percentage of population living in areas at risk,0.197
SOM,4,2023,9,GLM,Percentage of population living in areas at risk,0.1366
SOM,4,2023,10,GLM,Percentage of population living in areas at risk,0.2065
SOM,4,2023,11,GLM,Percentage of population living in areas at risk,0.2301
SOM,4,2023,12,GLM,Percentage of population living in areas at risk,0.2017
SOM,4,2024,1,GLM,Percentage of population living in areas at risk,0.082
SOM,4,2024,2,GLM,Percentage of population living in areas at risk,0.0131
SOM,4,2024,3,GLM,Percentage of population living in areas at risk,0.0148
SOM,4,2024,4,GLM,Percentage of population living in areas at risk,0.0081
SOM,4,2024,5,GLM,Percentage of population living in areas at risk,0.0066
SOM,4,2024,6,GLM,Percentage of population living in areas at risk,0.0041
SOM,4,2024,7,GLM,Percentage of population living in areas at risk,0.0058
SOM,4,2024,8,GLM,Percentage of population living in areas at risk,0.0093
SOM,4,2024,9,GLM,Percentage of population living in areas at risk,0.0093
SOM,4,2024,10,GLM,Percentage of population living in areas at risk,0.0076
SOM,4,2024,11,GLM,Percentage of population living in areas at risk,0.0047
SOM,4,2024,12,GLM,Percentage of population living in areas at risk,0.005
SOM,4,2025,1,GLM,Percentage of population living in areas at risk,0.0058
SOM,4,2025,2,GLM,Percentage of population living in areas at risk,0.0219
SOM,4,2025,3,GLM,Percentage of population living in areas at risk,0.0261
SOM,4,2025,4,GLM,Percentage of population living in areas at risk,0.0286
SOM,4,2025,5,GLM,Percentage of population living in areas at risk,0.0264
SOM,4,2025,6,GLM,Percentage of population living in areas at risk,0.0302
SOM,4,2025,7,GLM,Percentage of population living in areas at risk,0.048
SOM,4,2025,8,GLM,Percentage of population living in areas at risk,0.0529
SOM,4,2025,9,GLM,Percentage of population living in areas at risk,0.0639
SOM,4,2025,10,GLM,Percentage of population living in areas at risk,0.0586
SOM,4,2025,11,GLM,Percentage of population living in areas at risk,0.0575
